t,ns,marker_id,track_id,boresight_deg,angle_in_frame_deg,gimbal_yaw_deg,corrected_yaw_deg,yaw_correction_valid,yaw_sigma_deg,angle_error_deg,miss_distance_m,range_m
1786971774.506,,0,,,,-89.140,-88.222,True,0.948,67.815,204.46,220.81
1786971774.506,,0,,,,-89.140,-88.222,True,0.948,141.301,124.03,198.38
1786971774.756,,0,,,,-89.510,-88.643,True,0.937,141.409,123.66,198.25
1786971774.756,,0,,,,-89.510,-88.643,True,0.937,67.669,204.25,220.81
1786971774.906,,0,,,,-89.510,-88.643,True,0.937,141.492,123.39,198.18
1786971774.906,,0,,,,-89.510,-88.643,True,0.937,67.589,204.13,220.81
1786971775.406,,0,,,,-90.090,-89.303,True,0.919,67.398,203.85,220.81
1786971775.406,,0,,,,-90.090,-89.303,True,0.919,141.891,122.16,197.93
1786971775.856,,0,,,,-89.580,-88.722,True,0.934,141.555,122.93,197.71
1786971775.856,,0,,,,-89.580,-88.722,True,0.934,67.315,203.73,220.81
1786971777.181,,0,,,,-90.490,-89.758,True,0.908,142.230,120.68,197.03
1786971777.181,,0,,,,-90.490,-89.758,True,0.908,66.256,202.12,220.81
1786971779.856,,0,,,,-89.310,-88.415,True,0.942,67.189,203.54,220.81
1786971779.856,,0,,,,-89.310,-88.415,True,0.942,142.286,119.72,195.71
1786971780.381,,0,,,,-88.740,-87.766,True,0.959,68.921,206.03,220.81
1786971780.381,,0,,,,-88.740,-87.766,True,0.959,144.652,113.07,195.44
1786971790.706,,0,,,,-90.390,-89.644,True,0.911,53.605,177.74,220.81
1786971790.706,,0,,,,-90.390,-89.644,True,0.911,135.701,133.72,191.46
1786971801.056,,0,,,,-90.000,-89.200,True,0.922,68.646,205.65,220.81
1786971801.056,,0,,,,-90.000,-89.200,True,0.922,153.014,85.29,187.97
1786971801.206,,0,,,,-89.150,-88.233,True,0.947,153.624,83.48,187.91
1786971801.206,,0,,,,-89.150,-88.233,True,0.947,69.183,206.39,220.81
1786971804.006,,0,,,,-91.410,-90.805,True,0.880,154.692,79.98,187.11
1786971804.006,,0,,,,-91.410,-90.805,True,0.880,67.845,204.51,220.81
1786971805.506,,0,,,,-91.190,-90.554,True,0.887,70.193,207.74,220.81
1786971805.506,,0,,,,-91.190,-90.554,True,0.887,155.919,76.14,186.61
1786971810.431,,0,,,,-91.690,-91.123,True,0.872,156.045,75.05,184.84
1786971810.431,,0,,,,-91.690,-91.123,True,0.872,73.046,211.21,220.81
1786971811.331,,0,,,,-90.470,-89.735,True,0.908,156.308,74.10,184.40
1786971811.331,,0,,,,-90.470,-89.735,True,0.908,74.932,213.22,220.81
1786971811.656,,0,,,,-90.740,-90.042,True,0.900,75.724,213.99,220.81
1786971811.656,,0,,,,-90.740,-90.042,True,0.900,156.868,72.39,184.26
1786971811.806,,0,,,,-91.170,-90.532,True,0.888,75.814,214.07,220.81
1786971811.806,,0,,,,-91.170,-90.532,True,0.888,157.130,71.59,184.20
1786971811.931,,0,,,,-90.760,-90.065,True,0.900,157.058,71.78,184.15
1786971811.931,,0,,,,-90.760,-90.065,True,0.900,75.880,214.14,220.81
1786971812.031,,0,,,,-90.370,-89.621,True,0.911,75.895,214.15,220.81
1786971812.031,,0,,,,-90.370,-89.621,True,0.911,157.021,71.87,184.11
1786971812.106,,0,,,,-85.240,-83.783,True,0.966,75.950,214.20,220.81
1786971812.106,,0,,,,-85.240,-83.783,True,0.966,157.099,71.64,184.09
1786971812.181,,0,,,,-76.640,-73.995,True,0.562,76.047,214.29,220.81
1786971812.181,,0,,,,-76.640,-73.995,True,0.562,155.194,77.23,184.07
1786971812.281,,0,,,,-69.420,-65.779,True,0.764,148.421,96.38,184.04
1786971812.281,,0,,,,-69.420,-65.779,True,0.764,76.127,214.37,220.81
1786971812.781,,0,,,,-66.460,-62.294,True,0.700,137.396,124.42,183.81
1786971812.781,,0,,,,-66.460,-62.294,True,0.700,79.723,217.26,220.81
1786971814.906,,0,,,,-16.460,-20.352,True,0.599,73.064,175.02,182.95
1786971814.906,,0,,,,-16.460,-20.352,True,0.599,67.532,204.05,220.81
1786971814.981,,0,,,,-16.440,-20.336,True,0.600,73.299,175.20,182.92
1786971814.981,,0,,,,-16.440,-20.336,True,0.600,67.793,204.43,220.81
1786971815.056,,0,,,,-16.310,-20.232,True,0.604,73.555,175.42,182.90
1786971815.056,,0,,,,-16.310,-20.232,True,0.604,68.057,204.81,220.81
1786971815.156,,0,,,,-16.090,-20.056,True,0.611,68.218,205.04,220.81
1786971815.156,,0,,,,-16.090,-20.056,True,0.611,73.702,175.52,182.86
1786971815.331,,0,,,,-15.630,-19.688,True,0.625,68.729,205.76,220.81
1786971815.331,,0,,,,-15.630,-19.688,True,0.625,74.103,175.80,182.80
1786971815.531,,0,,,,-15.180,-19.329,True,0.640,69.283,206.53,220.81
1786971815.531,,0,,,,-15.180,-19.329,True,0.640,74.521,176.09,182.71
1786971815.681,,0,,,,-3.980,-8.823,True,0.494,72.993,174.67,182.66
1786971815.681,,0,,,,-3.980,-8.823,True,0.494,70.243,207.81,220.81
1786971815.806,,0,,,,20.240,19.805,True,0.544,71.647,209.58,220.81
1786971815.806,,0,,,,20.240,19.805,True,0.544,58.104,155.02,182.59
1786971816.031,,0,,,,25.200,25.512,True,0.683,71.436,209.32,220.81
1786971816.031,,0,,,,25.200,25.512,True,0.683,36.586,108.78,182.50
1786971816.256,,0,,,,25.790,26.159,True,0.702,71.241,209.08,220.81
1786971816.256,,0,,,,25.790,26.159,True,0.702,36.362,108.16,182.43
1786971817.831,,0,,,,-1.870,-6.670,True,0.420,103.231,214.95,220.81
1786971817.831,,0,,,,-1.870,-6.670,True,0.420,92.158,181.75,181.88
1786971818.006,,0,,,,-3.300,-8.129,True,0.469,97.854,180.10,181.81
1786971818.031,,0,,,,-3.300,-8.129,True,0.469,103.177,214.99,220.81
1786971818.081,,0,,,,-3.530,-8.364,True,0.477,103.096,215.06,220.81
1786971818.081,,0,,,,-3.580,-8.415,True,0.479,98.104,179.96,181.77
1786971818.231,,0,,,,-3.910,-8.752,True,0.491,103.141,215.03,220.81
1786971818.231,,0,,,,-3.910,-8.752,True,0.491,98.465,179.74,181.72
1786971820.505,,0,,,,-3.590,-8.425,True,0.479,86.421,220.38,220.81
1786971820.505,,0,,,,-3.590,-8.425,True,0.479,83.100,179.61,180.92
1786971820.605,,0,,,,-3.760,-8.599,True,0.486,83.212,179.62,180.89
1786971820.630,,0,,,,-3.760,-8.599,True,0.486,86.381,220.37,220.81
1786971820.705,,0,,,,-5.360,-10.231,True,0.546,83.242,179.60,180.86
1786971820.730,,0,,,,-5.360,-10.231,True,0.546,86.298,220.35,220.81
1786971820.855,,0,,,,-7.120,-12.027,True,0.615,86.182,220.32,220.81
1786971820.855,,0,,,,-7.120,-12.027,True,0.615,85.412,180.24,180.82
1786971820.955,,0,,,,-7.690,-12.609,True,0.638,86.398,180.43,180.79
1786971820.955,,0,,,,-7.690,-12.609,True,0.638,85.973,220.26,220.81
1786971821.080,,0,,,,-8.200,-13.129,True,0.659,87.041,180.50,180.74
1786971821.080,,0,,,,-8.200,-13.129,True,0.659,85.774,220.21,220.81
1786971821.230,,0,,,,-8.460,-13.394,True,0.670,85.579,220.15,220.81
1786971821.230,,0,,,,-8.460,-13.394,True,0.670,87.160,180.49,180.71
1786971821.405,,0,,,,-8.650,-13.588,True,0.678,88.030,180.54,180.64
1786971821.405,,0,,,,-8.650,-13.588,True,0.678,86.198,220.32,220.81
1786971821.530,,0,,,,-8.810,-13.751,True,0.684,83.028,179.28,180.61
1786971821.530,,0,,,,-8.810,-13.751,True,0.684,81.067,218.13,220.81
1786971821.680,,0,,,,-8.970,-13.915,True,0.691,82.395,178.98,180.57
1786971821.680,,0,,,,-8.970,-13.915,True,0.691,80.295,217.65,220.81
1786971821.805,,0,,,,-8.980,-13.925,True,0.691,81.933,178.73,180.52
1786971821.805,,0,,,,-8.980,-13.925,True,0.691,79.552,217.15,220.81
1786971821.930,,0,,,,-8.890,-13.833,True,0.688,79.520,217.12,220.81
1786971821.930,,0,,,,-8.890,-13.833,True,0.688,82.037,178.73,180.47
1786971822.055,,0,,,,-8.970,-13.915,True,0.691,79.057,216.79,220.81
1786971822.055,,0,,,,-8.970,-13.915,True,0.691,81.671,178.54,180.44
1786971822.155,,0,,,,-9.100,-14.047,True,0.696,78.855,216.64,220.81
1786971822.155,,0,,,,-9.100,-14.047,True,0.696,81.543,178.45,180.41
1786971822.355,,0,,,,-9.450,-14.404,True,0.711,81.458,178.34,180.34
1786971822.355,,0,,,,-9.450,-14.404,True,0.711,78.674,216.51,220.81
1786971822.530,,0,,,,-9.710,-14.670,True,0.722,78.429,216.32,220.81
1786971822.530,,0,,,,-9.710,-14.670,True,0.722,81.368,178.26,180.30
1786971822.630,,0,,,,-8.530,-13.466,True,0.673,78.368,216.27,220.81
1786971822.630,,0,,,,-8.530,-13.466,True,0.673,81.053,178.07,180.26
1786971822.705,,0,,,,-7.430,-12.343,True,0.628,80.148,177.58,180.24
1786971822.705,,0,,,,-7.430,-12.343,True,0.628,78.274,216.20,220.81
1786971822.805,,0,,,,-6.990,-11.894,True,0.610,78.272,216.20,220.81
1786971822.805,,0,,,,-6.990,-11.894,True,0.610,79.064,176.94,180.21
1786971822.905,,0,,,,-6.460,-11.354,True,0.589,78.301,216.22,220.81
1786971822.905,,0,,,,-6.460,-11.354,True,0.589,78.580,176.61,180.18
1786971823.005,,0,,,,-6.010,-10.894,True,0.571,78.232,176.36,180.15
1786971823.005,,0,,,,-6.010,-10.894,True,0.571,78.264,216.19,220.81
1786971823.180,,0,,,,5.460,2.618,True,0.518,74.078,173.19,180.10
1786971823.180,,0,,,,5.460,2.618,True,0.518,78.221,216.16,220.81
1786971823.355,,0,,,,8.820,6.570,True,0.501,65.084,163.28,180.04
1786971823.355,,0,,,,8.820,6.570,True,0.501,78.657,216.49,220.81
1786971823.530,,0,,,,9.040,6.821,True,0.498,81.794,218.55,220.81
1786971823.530,,0,,,,9.040,6.821,True,0.498,67.207,165.94,179.99
1786971823.630,,0,,,,17.390,16.432,True,0.476,82.779,219.06,220.81
1786971823.630,,0,,,,17.390,16.432,True,0.476,67.253,165.95,179.95
1786971823.855,,0,,,,34.510,35.407,True,0.912,45.443,128.18,179.89
1786971823.855,,0,,,,34.510,35.407,True,0.912,83.057,219.19,220.81
1786971824.030,,0,,,,34.600,35.493,True,0.912,98.671,218.28,220.81
1786971824.030,,0,,,,34.600,35.493,True,0.912,57.970,152.46,179.84
1786971824.130,,0,,,,35.690,36.533,True,0.905,56.371,149.72,179.81
1786971824.130,,0,,,,35.690,36.533,True,0.905,97.110,219.11,220.81
1786971824.230,,0,,,,37.990,38.729,True,0.890,96.677,219.31,220.81
1786971824.230,,0,,,,37.990,38.729,True,0.890,55.002,147.27,179.78
1786971827.680,,0,,,,82.750,82.750,False,nan,82.795,219.06,220.81
1786971827.680,,0,,,,82.750,82.750,False,nan,-4.048,12.63,178.90
1786971830.755,,0,,,,83.830,83.830,False,nan,11.721,36.21,178.27
1786971830.755,,0,,,,83.830,83.830,False,nan,96.298,219.47,220.81
1786971830.930,,0,,,,84.060,84.060,False,nan,11.664,36.03,178.23
1786971830.930,,0,,,,84.060,84.060,False,nan,96.291,219.48,220.81
1786971831.330,,0,,,,86.050,86.050,False,nan,96.340,219.46,220.81
1786971831.330,,0,,,,86.050,86.050,False,nan,11.977,36.97,178.15
1786971831.455,,0,,,,86.880,86.880,False,nan,12.452,38.41,178.14
1786971831.455,,0,,,,86.880,86.880,False,nan,96.438,219.41,220.81
1786971831.530,,0,,,,87.190,87.190,False,nan,96.824,219.24,220.81
1786971831.530,,0,,,,87.190,87.190,False,nan,13.142,40.50,178.13
1786971834.555,,0,,,,84.180,84.180,False,nan,72.600,210.70,220.81
1786971834.555,,0,,,,84.180,84.180,False,nan,-10.223,31.53,177.64
1786971834.605,,0,,,,84.350,84.350,False,nan,-9.973,30.76,177.63
1786971834.605,,0,,,,84.350,84.350,False,nan,72.772,210.90,220.81
1786971834.730,,0,,,,84.700,84.700,False,nan,-9.708,29.95,177.61
1786971834.730,,0,,,,84.700,84.700,False,nan,72.920,211.07,220.81
1786971834.855,,0,,,,85.290,85.290,False,nan,-9.473,29.23,177.59
1786971834.855,,0,,,,85.290,85.290,False,nan,73.018,211.18,220.81
1786971834.930,,0,,,,85.740,85.740,False,nan,73.121,211.30,220.81
1786971834.930,,0,,,,85.740,85.740,False,nan,-9.267,28.60,177.58
1786971835.080,,0,,,,86.270,86.270,False,nan,72.982,211.14,220.81
1786971835.080,,0,,,,86.270,86.270,False,nan,-9.159,28.26,177.55
1786971835.230,,0,,,,86.380,86.380,False,nan,-8.759,27.03,177.53
1786971835.255,,0,,,,86.380,86.380,False,nan,73.218,211.40,220.81
1786971835.355,,0,,,,86.220,86.220,False,nan,73.092,211.26,220.81
1786971835.355,,0,,,,86.220,86.220,False,nan,-8.839,27.28,177.51
1786971835.455,,0,,,,86.040,86.040,False,nan,73.072,211.24,220.81
1786971835.455,,0,,,,86.040,86.040,False,nan,-8.797,27.14,177.49
1786971835.605,,0,,,,85.980,85.980,False,nan,-8.004,24.71,177.47
1786971835.605,,0,,,,85.980,85.980,False,nan,73.486,211.70,220.81
1786971835.805,,0,,,,86.260,86.260,False,nan,72.877,211.02,220.81
1786971835.805,,0,,,,86.260,86.260,False,nan,-8.048,24.84,177.45
1786971835.955,,0,,,,86.570,86.570,False,nan,-7.550,23.31,177.44
1786971835.955,,0,,,,86.570,86.570,False,nan,73.082,211.25,220.81
1786971836.055,,0,,,,86.700,86.700,False,nan,72.250,210.30,220.81
1786971836.055,,0,,,,86.700,86.700,False,nan,-8.107,25.02,177.43
1786971836.180,,0,,,,86.650,86.650,False,nan,-8.451,26.07,177.42
1786971836.180,,0,,,,86.650,86.650,False,nan,71.678,209.61,220.81
1786971836.305,,0,,,,86.380,86.380,False,nan,71.379,209.25,220.81
1786971836.305,,0,,,,86.380,86.380,False,nan,-8.484,26.17,177.40
1786971836.430,,0,,,,85.900,85.900,False,nan,71.140,208.95,220.81
1786971836.430,,0,,,,85.900,85.900,False,nan,-8.477,26.15,177.38
1786971836.530,,0,,,,85.320,85.320,False,nan,70.974,208.74,220.81
1786971836.530,,0,,,,85.320,85.320,False,nan,-8.483,26.16,177.37
1786971836.605,,0,,,,84.810,84.810,False,nan,70.820,208.55,220.81
1786971836.605,,0,,,,84.810,84.810,False,nan,-8.601,26.52,177.37
1786971836.730,,0,,,,84.270,84.270,False,nan,70.457,208.09,220.81
1786971836.730,,0,,,,84.270,84.270,False,nan,-8.753,26.99,177.36
1786971836.880,,0,,,,83.480,83.480,False,nan,69.852,207.30,220.81
1786971836.880,,0,,,,83.480,83.480,False,nan,-9.344,28.79,177.33
1786971837.055,,0,,,,83.200,83.200,False,nan,-9.748,30.02,177.31
1786971837.055,,0,,,,83.200,83.200,False,nan,69.674,207.06,220.81
1786971837.230,,0,,,,83.210,83.210,False,nan,69.346,206.62,220.81
1786971837.230,,0,,,,83.210,83.210,False,nan,-10.714,32.96,177.29
1786971837.430,,0,,,,83.240,83.240,False,nan,69.134,206.33,220.81
1786971837.430,,0,,,,83.240,83.240,False,nan,-11.488,35.30,177.26
1786971837.530,,0,,,,83.380,83.380,False,nan,69.445,206.75,220.81
1786971837.530,,0,,,,83.380,83.380,False,nan,-11.501,35.34,177.24
1786971837.705,,0,,,,83.840,83.840,False,nan,-11.715,35.98,177.21
1786971837.705,,0,,,,83.840,83.840,False,nan,69.414,206.71,220.81
1786971838.005,,0,,,,84.600,84.600,False,nan,-10.811,33.23,177.16
1786971838.005,,0,,,,84.600,84.600,False,nan,70.455,208.08,220.81
1786971838.105,,0,,,,84.770,84.770,False,nan,70.998,208.77,220.81
1786971838.105,,0,,,,84.770,84.770,False,nan,-10.368,31.88,177.14
1786971838.205,,0,,,,85.040,85.040,False,nan,71.243,209.08,220.81
1786971838.205,,0,,,,85.040,85.040,False,nan,-10.167,31.27,177.12
1786971838.405,,0,,,,85.350,85.350,False,nan,71.860,209.83,220.81
1786971838.405,,0,,,,85.350,85.350,False,nan,-9.594,29.51,177.09
1786971838.530,,0,,,,85.430,85.430,False,nan,71.812,209.78,220.81
1786971838.530,,0,,,,85.430,85.430,False,nan,-9.663,29.72,177.07
1786971838.755,,0,,,,85.040,85.040,False,nan,71.767,209.72,220.81
1786971838.755,,0,,,,85.040,85.040,False,nan,-9.651,29.68,177.03
1786971839.030,,0,,,,84.280,84.280,False,nan,71.701,209.64,220.81
1786971839.030,,0,,,,84.280,84.280,False,nan,-9.569,29.42,176.99
1786971839.105,,0,,,,84.090,84.090,False,nan,-9.614,29.55,176.97
1786971839.105,,0,,,,84.090,84.090,False,nan,71.632,209.56,220.81
1786971839.180,,0,,,,83.910,83.910,False,nan,-9.631,29.60,176.96
1786971839.180,,0,,,,83.910,83.910,False,nan,71.583,209.50,220.81
1786971839.330,,0,,,,83.780,83.780,False,nan,71.801,209.76,220.81
1786971839.330,,0,,,,83.780,83.780,False,nan,-9.435,29.01,176.95
1786971839.480,,0,,,,83.760,83.760,False,nan,-9.804,30.13,176.92
1786971839.480,,0,,,,83.760,83.760,False,nan,71.540,209.45,220.81
1786971839.580,,0,,,,83.810,83.810,False,nan,71.397,209.27,220.81
1786971839.580,,0,,,,83.810,83.810,False,nan,-10.089,30.99,176.90
1786971839.805,,0,,,,84.140,84.140,False,nan,71.392,209.26,220.81
1786971839.805,,0,,,,84.140,84.140,False,nan,-10.306,31.64,176.87
1786971839.980,,0,,,,84.470,84.470,False,nan,71.475,209.37,220.81
1786971839.980,,0,,,,84.470,84.470,False,nan,-10.383,31.87,176.83
1786971840.180,,0,,,,84.830,84.830,False,nan,71.916,209.90,220.81
1786971840.180,,0,,,,84.830,84.830,False,nan,-9.909,30.42,176.79
1786971840.355,,0,,,,85.120,85.120,False,nan,71.935,209.92,220.81
1786971840.355,,0,,,,85.120,85.120,False,nan,-9.947,30.53,176.76
1786971840.480,,0,,,,85.280,85.280,False,nan,72.099,210.12,220.81
1786971840.480,,0,,,,85.280,85.280,False,nan,-9.775,30.01,176.75
1786971840.655,,0,,,,85.150,85.150,False,nan,72.245,210.29,220.81
1786971840.655,,0,,,,85.150,85.150,False,nan,-9.667,29.67,176.72
1786971840.855,,0,,,,84.600,84.600,False,nan,72.285,210.34,220.81
1786971840.855,,0,,,,84.600,84.600,False,nan,-9.726,29.85,176.68
1786971840.980,,0,,,,84.250,84.250,False,nan,-9.795,30.06,176.66
1786971840.980,,0,,,,84.250,84.250,False,nan,72.253,210.30,220.81
1786971841.180,,0,,,,83.620,83.620,False,nan,-9.913,30.41,176.62
1786971841.180,,0,,,,83.620,83.620,False,nan,72.250,210.30,220.81
1786971841.330,,0,,,,83.440,83.440,False,nan,72.182,210.22,220.81
1786971841.330,,0,,,,83.440,83.440,False,nan,-9.978,30.60,176.59
1786971841.505,,0,,,,83.610,83.610,False,nan,72.079,210.09,220.81
1786971841.505,,0,,,,83.610,83.610,False,nan,-10.106,30.98,176.56
1786971841.680,,0,,,,83.900,83.900,False,nan,72.056,210.07,220.81
1786971841.680,,0,,,,83.900,83.900,False,nan,-10.232,31.36,176.55
1786971841.905,,0,,,,84.420,84.420,False,nan,-10.144,31.08,176.50
1786971841.905,,0,,,,84.420,84.420,False,nan,72.439,210.52,220.81
1786971842.030,,0,,,,84.670,84.670,False,nan,72.455,210.54,220.81
1786971842.030,,0,,,,84.670,84.670,False,nan,-10.230,31.34,176.47
1786971842.130,,0,,,,84.850,84.850,False,nan,-9.918,30.39,176.45
1786971842.130,,0,,,,84.850,84.850,False,nan,72.835,210.97,220.81
1786971842.230,,0,,,,84.970,84.970,False,nan,-9.808,30.05,176.44
1786971842.230,,0,,,,84.970,84.970,False,nan,72.994,211.15,220.81
1786971842.380,,0,,,,85.050,85.050,False,nan,73.194,211.38,220.81
1786971842.380,,0,,,,85.050,85.050,False,nan,-9.691,29.70,176.41
1786971842.505,,0,,,,85.030,85.030,False,nan,73.912,212.16,220.81
1786971842.505,,0,,,,85.030,85.030,False,nan,-9.081,27.84,176.39
1786971842.680,,0,,,,84.780,84.780,False,nan,-9.137,28.01,176.36
1786971842.680,,0,,,,84.700,84.700,False,nan,73.828,212.07,220.81
1786971842.830,,0,,,,84.480,84.480,False,nan,-9.151,28.04,176.32
1786971842.830,,0,,,,84.480,84.480,False,nan,73.779,212.02,220.81
1786971843.055,,0,,,,84.330,84.330,False,nan,73.616,211.84,220.81
1786971843.055,,0,,,,84.330,84.330,False,nan,-9.255,28.35,176.29
1786971843.205,,0,,,,84.320,84.320,False,nan,73.437,211.65,220.81
1786971843.205,,0,,,,84.310,84.310,False,nan,-9.380,28.73,176.27
1786971843.330,,0,,,,84.330,84.330,False,nan,-9.487,29.05,176.25
1786971843.330,,0,,,,84.330,84.330,False,nan,73.346,211.55,220.81
1786971843.455,,0,,,,84.330,84.330,False,nan,-9.613,29.43,176.22
1786971843.455,,0,,,,84.330,84.330,False,nan,73.287,211.48,220.81
1786971843.555,,0,,,,84.490,84.490,False,nan,73.206,211.39,220.81
1786971843.555,,0,,,,84.490,84.490,False,nan,-9.686,29.65,176.20
1786971843.730,,0,,,,84.830,84.830,False,nan,-9.575,29.30,176.17
1786971843.730,,0,,,,84.830,84.830,False,nan,73.362,211.56,220.81
1786971843.805,,0,,,,85.130,85.130,False,nan,-9.591,29.35,176.15
1786971843.805,,0,,,,85.130,85.130,False,nan,73.331,211.53,220.81
1786971843.930,,0,,,,85.450,85.450,False,nan,-9.583,29.32,176.13
1786971843.955,,0,,,,85.450,85.450,False,nan,73.360,211.56,220.81
1786971844.030,,0,,,,85.680,85.680,False,nan,73.381,211.58,220.81
1786971844.030,,0,,,,85.680,85.680,False,nan,-9.523,29.14,176.12
1786971844.255,,0,,,,85.760,85.760,False,nan,-9.307,28.48,176.09
1786971844.255,,0,,,,85.760,85.760,False,nan,73.444,211.65,220.81
1786971844.355,,0,,,,85.740,85.740,False,nan,-9.034,27.64,176.06
1786971844.355,,0,,,,85.740,85.740,False,nan,73.454,211.66,220.81
1786971844.505,,0,,,,85.630,85.630,False,nan,73.428,211.64,220.81
1786971844.505,,0,,,,85.630,85.630,False,nan,-8.749,26.78,176.04
1786971844.730,,0,,,,85.130,85.130,False,nan,-8.484,25.97,176.01
1786971844.730,,0,,,,85.130,85.130,False,nan,73.386,211.59,220.81
1786971844.830,,0,,,,84.890,84.890,False,nan,73.336,211.53,220.81
1786971844.830,,0,,,,84.890,84.890,False,nan,-8.578,26.25,175.98
1786971844.955,,0,,,,84.630,84.630,False,nan,-9.003,27.54,175.96
1786971844.955,,0,,,,84.630,84.630,False,nan,73.031,211.19,220.81
1786971845.105,,0,,,,84.240,84.240,False,nan,72.868,211.01,220.81
1786971845.105,,0,,,,84.240,84.240,False,nan,-9.473,28.96,175.93
1786971845.255,,0,,,,83.770,83.770,False,nan,-9.818,30.00,175.91
1786971845.255,,0,,,,83.770,83.770,False,nan,72.670,210.78,220.81
1786971845.355,,0,,,,83.670,83.670,False,nan,72.554,210.65,220.81
1786971845.355,,0,,,,83.660,83.660,False,nan,-9.911,30.27,175.89
1786971845.455,,0,,,,83.600,83.600,False,nan,72.520,210.61,220.81
1786971845.455,,0,,,,83.600,83.600,False,nan,-9.941,30.36,175.88
1786971845.580,,0,,,,83.650,83.650,False,nan,73.053,211.22,220.81
1786971845.580,,0,,,,83.650,83.650,False,nan,-9.408,28.75,175.86
1786971845.680,,0,,,,83.680,83.680,False,nan,-9.876,30.16,175.84
1786971845.680,,0,,,,83.680,83.680,False,nan,72.650,210.76,220.81
1786971845.930,,0,,,,83.460,83.460,False,nan,-10.622,32.40,175.77
1786971845.930,,0,,,,83.460,83.460,False,nan,72.506,210.60,220.81
1786971846.030,,0,,,,83.340,83.340,False,nan,-10.610,32.36,175.76
1786971846.030,,0,,,,83.340,83.340,False,nan,72.656,210.77,220.81
1786971846.130,,0,,,,83.330,83.330,False,nan,-10.483,31.97,175.73
1786971846.130,,0,,,,83.330,83.330,False,nan,73.212,211.40,220.81
1786971846.255,,0,,,,83.760,83.760,False,nan,73.163,211.34,220.81
1786971846.255,,0,,,,83.760,83.760,False,nan,-10.886,33.18,175.70
1786971846.430,,0,,,,84.650,84.650,False,nan,73.255,211.44,220.81
1786971846.430,,0,,,,84.650,84.650,False,nan,-10.751,32.77,175.67
1786971846.530,,0,,,,85.210,85.210,False,nan,-10.506,32.03,175.65
1786971846.530,,0,,,,85.210,85.210,False,nan,73.547,211.77,220.81
1786971846.630,,0,,,,85.990,85.990,False,nan,-10.006,30.52,175.63
1786971846.630,,0,,,,85.990,85.990,False,nan,73.733,211.97,220.81
1786971846.730,,0,,,,86.820,86.820,False,nan,-9.400,28.68,175.61
1786971846.730,,0,,,,86.820,86.820,False,nan,74.039,212.30,220.81
1786971846.855,,0,,,,87.160,87.160,False,nan,74.399,212.67,220.81
1786971846.855,,0,,,,87.160,87.160,False,nan,-8.798,26.86,175.60
1786971846.980,,0,,,,87.320,87.320,False,nan,-8.392,25.63,175.58
1786971846.980,,0,,,,87.320,87.320,False,nan,74.497,212.77,220.81
1786971847.130,,0,,,,87.240,87.240,False,nan,75.323,213.60,220.81
1786971847.130,,0,,,,87.240,87.240,False,nan,-6.905,21.11,175.57
1786971847.380,,0,,,,86.530,86.530,False,nan,-6.132,18.75,175.55
1786971847.380,,0,,,,86.530,86.530,False,nan,75.038,213.32,220.81
1786971847.505,,0,,,,86.140,86.140,False,nan,74.747,213.03,220.81
1786971847.505,,0,,,,86.140,86.140,False,nan,-6.004,18.36,175.54
1786971847.630,,0,,,,85.950,85.950,False,nan,74.363,212.64,220.81
1786971847.630,,0,,,,85.950,85.950,False,nan,-6.196,18.95,175.53
1786971847.830,,0,,,,85.600,85.600,False,nan,74.062,212.32,220.81
1786971847.830,,0,,,,85.600,85.600,False,nan,-6.094,18.63,175.52
1786971847.955,,0,,,,85.420,85.420,False,nan,72.049,210.06,220.81
1786971847.955,,0,,,,85.420,85.420,False,nan,-7.942,24.25,175.51
1786971848.030,,0,,,,85.360,85.360,False,nan,-8.486,25.90,175.51
1786971848.030,,0,,,,85.360,85.360,False,nan,71.355,209.22,220.81
1786971848.180,,0,,,,85.290,85.290,False,nan,70.942,208.71,220.81
1786971848.180,,0,,,,85.290,85.290,False,nan,-8.819,26.91,175.49
1786971848.355,,0,,,,85.210,85.210,False,nan,-9.144,27.89,175.48
1786971848.355,,0,,,,85.210,85.210,False,nan,70.607,208.28,220.81
1786971848.480,,0,,,,85.160,85.160,False,nan,70.388,208.00,220.81
1786971848.480,,0,,,,85.150,85.150,False,nan,-9.323,28.43,175.47
1786971848.605,,0,,,,85.190,85.190,False,nan,70.213,207.77,220.81
1786971848.605,,0,,,,85.190,85.190,False,nan,-9.329,28.44,175.45
1786971848.705,,0,,,,85.330,85.330,False,nan,-9.328,28.44,175.44
1786971848.705,,0,,,,85.330,85.330,False,nan,70.045,207.55,220.81
1786971848.855,,0,,,,85.570,85.570,False,nan,-9.265,28.24,175.43
1786971848.855,,0,,,,85.570,85.570,False,nan,69.922,207.39,220.81
1786971848.980,,0,,,,85.940,85.940,False,nan,69.828,207.26,220.81
1786971848.980,,0,,,,85.940,85.940,False,nan,-9.237,28.16,175.42
1786971849.105,,0,,,,86.150,86.150,False,nan,-9.246,28.18,175.41
1786971849.105,,0,,,,86.150,86.150,False,nan,69.789,207.21,220.81
1786971849.255,,0,,,,86.080,86.080,False,nan,-9.403,28.66,175.40
1786971849.255,,0,,,,86.080,86.080,False,nan,69.632,207.00,220.81
1786971849.355,,0,,,,85.840,85.840,False,nan,69.540,206.88,220.81
1786971849.355,,0,,,,85.840,85.840,False,nan,-9.475,28.87,175.39
1786971849.505,,0,,,,85.350,85.350,False,nan,69.411,206.70,220.81
1786971849.505,,0,,,,85.350,85.350,False,nan,-9.448,28.79,175.38
1786971849.630,,0,,,,84.970,84.970,False,nan,69.483,206.80,220.81
1786971849.630,,0,,,,84.970,84.970,False,nan,-9.197,28.03,175.38
1786971849.780,,0,,,,84.380,84.380,False,nan,69.374,206.65,220.81
1786971849.780,,0,,,,84.380,84.380,False,nan,-9.289,28.31,175.36
1786971849.930,,0,,,,83.770,83.770,False,nan,-9.549,29.09,175.34
1786971849.930,,0,,,,83.770,83.770,False,nan,68.999,206.14,220.81
1786971850.080,,0,,,,83.420,83.420,False,nan,-10.031,30.54,175.32
1786971850.080,,0,,,,83.420,83.420,False,nan,68.658,205.66,220.81
1786971850.280,,0,,,,83.710,83.710,False,nan,-10.520,32.01,175.30
1786971850.280,,0,,,,83.710,83.710,False,nan,68.364,205.25,220.81
1786971850.430,,0,,,,84.500,84.500,False,nan,68.224,205.05,220.81
1786971850.430,,0,,,,84.500,84.500,False,nan,-10.869,33.05,175.29
1786971850.580,,0,,,,85.320,85.320,False,nan,68.299,205.16,220.81
1786971850.580,,0,,,,85.320,85.320,False,nan,-10.815,32.89,175.28
1786971850.705,,0,,,,85.950,85.950,False,nan,68.379,205.27,220.81
1786971850.705,,0,,,,85.950,85.950,False,nan,-10.647,32.39,175.28
1786971850.880,,0,,,,86.660,86.660,False,nan,68.655,205.66,220.81
1786971850.880,,0,,,,86.660,86.660,False,nan,-10.025,30.51,175.28
1786971851.030,,0,,,,86.890,86.890,False,nan,68.972,206.10,220.81
1786971851.030,,0,,,,86.890,86.890,False,nan,-9.305,28.34,175.27
1786971851.130,,0,,,,86.860,86.860,False,nan,-9.035,27.53,175.27
1786971851.130,,0,,,,86.860,86.860,False,nan,69.028,206.18,220.81
1786971851.255,,0,,,,86.620,86.620,False,nan,69.097,206.28,220.81
1786971851.255,,0,,,,86.620,86.620,False,nan,-8.566,26.11,175.27
1786971851.380,,0,,,,86.280,86.280,False,nan,-8.201,25.00,175.27
1786971851.380,,0,,,,86.280,86.280,False,nan,68.992,206.13,220.81
1786971851.505,,0,,,,85.990,85.990,False,nan,69.519,206.85,220.81
1786971851.505,,0,,,,85.990,85.990,False,nan,-7.467,22.78,175.27
1786971851.655,,0,,,,85.990,85.990,False,nan,68.875,205.97,220.81
1786971851.655,,0,,,,85.990,85.990,False,nan,-8.266,25.20,175.27
1786971851.830,,0,,,,85.010,85.010,False,nan,68.287,205.14,220.81
1786971851.830,,0,,,,85.010,85.010,False,nan,-8.593,26.19,175.26
1786971851.930,,0,,,,84.730,84.730,False,nan,67.711,204.31,220.81
1786971851.930,,0,,,,84.720,84.720,False,nan,-9.217,28.07,175.26
1786971852.030,,0,,,,84.510,84.510,False,nan,-9.694,29.51,175.25
1786971852.030,,0,,,,84.510,84.510,False,nan,67.195,203.55,220.81
1786971852.130,,0,,,,84.300,84.300,False,nan,66.775,202.91,220.81
1786971852.130,,0,,,,84.300,84.300,False,nan,-10.047,30.57,175.25
1786971852.280,,0,,,,84.200,84.200,False,nan,66.541,202.56,220.81
1786971852.280,,0,,,,84.200,84.200,False,nan,-10.188,31.00,175.25
1786971852.430,,0,,,,84.390,84.390,False,nan,66.458,202.43,220.81
1786971852.430,,0,,,,84.390,84.390,False,nan,-10.141,30.86,175.24
1786971852.555,,0,,,,84.560,84.560,False,nan,-10.272,31.25,175.23
1786971852.555,,0,,,,84.560,84.560,False,nan,66.355,202.27,220.81
1786971852.630,,0,,,,84.520,84.520,False,nan,-10.417,31.68,175.22
1786971852.630,,0,,,,84.520,84.520,False,nan,66.347,202.26,220.81
1786971852.780,,0,,,,84.300,84.300,False,nan,66.382,202.31,220.81
1786971852.780,,0,,,,84.300,84.300,False,nan,-10.536,32.04,175.21
1786971852.905,,0,,,,83.970,83.970,False,nan,66.459,202.43,220.81
1786971852.905,,0,,,,83.970,83.970,False,nan,-10.727,32.61,175.20
1786971853.055,,0,,,,83.780,83.780,False,nan,-10.827,32.91,175.19
1786971853.055,,0,,,,83.780,83.780,False,nan,66.463,202.44,220.81
1786971853.155,,0,,,,83.730,83.730,False,nan,-10.762,32.71,175.18
1786971853.155,,0,,,,83.730,83.730,False,nan,66.517,202.52,220.81
1786971853.330,,0,,,,83.780,83.780,False,nan,66.502,202.50,220.81
1786971853.355,,0,,,,83.780,83.780,False,nan,-10.846,32.96,175.17
1786971853.455,,0,,,,83.860,83.860,False,nan,-10.849,32.97,175.17
1786971853.455,,0,,,,83.860,83.860,False,nan,66.516,202.52,220.81
1786971853.555,,0,,,,83.930,83.930,False,nan,66.541,202.56,220.81
1786971853.555,,0,,,,83.930,83.930,False,nan,-10.883,33.07,175.16
1786971853.630,,0,,,,84.070,84.070,False,nan,-10.984,33.37,175.16
1786971853.630,,0,,,,84.070,84.070,False,nan,66.563,202.59,220.81
1786971853.780,,0,,,,84.260,84.260,False,nan,-11.060,33.60,175.15
1786971853.780,,0,,,,84.260,84.260,False,nan,66.636,202.70,220.81
1786971853.880,,0,,,,84.660,84.660,False,nan,66.813,202.97,220.81
1786971853.880,,0,,,,84.660,84.660,False,nan,-10.930,33.21,175.15
1786971854.080,,0,,,,85.300,85.300,False,nan,67.157,203.49,220.81
1786971854.080,,0,,,,85.300,85.300,False,nan,-10.641,32.34,175.15
1786971854.180,,0,,,,85.760,85.760,False,nan,-10.208,31.04,175.14
1786971854.206,,0,,,,85.760,85.760,False,nan,67.463,203.94,220.81
1786971854.330,,0,,,,85.990,85.990,False,nan,-9.818,29.86,175.14
1786971854.330,,0,,,,85.990,85.990,False,nan,67.648,204.22,220.81
1786971854.455,,0,,,,86.090,86.090,False,nan,67.696,204.29,220.81
1786971854.455,,0,,,,86.090,86.090,False,nan,-9.498,28.90,175.13
1786971854.555,,0,,,,86.070,86.070,False,nan,-8.914,27.14,175.13
1786971854.555,,0,,,,86.070,86.070,False,nan,68.261,205.10,220.81
1786971854.705,,0,,,,85.830,85.830,False,nan,-8.640,26.31,175.12
1786971854.705,,0,,,,85.830,85.830,False,nan,68.426,205.34,220.81
1786971854.830,,0,,,,85.450,85.450,False,nan,67.947,204.65,220.81
1786971854.830,,0,,,,85.450,85.450,False,nan,-9.041,27.52,175.12
1786971854.930,,0,,,,85.140,85.140,False,nan,67.562,204.09,220.81
1786971854.930,,0,,,,85.140,85.140,False,nan,-9.362,28.49,175.12
1786971855.030,,0,,,,85.000,85.000,False,nan,67.633,204.20,220.81
1786971855.030,,0,,,,85.000,85.000,False,nan,-9.189,27.96,175.12
1786971855.155,,0,,,,84.810,84.810,False,nan,67.324,203.74,220.81
1786971855.155,,0,,,,84.810,84.810,False,nan,-9.452,28.76,175.12
1786971855.305,,0,,,,84.630,84.630,False,nan,-9.260,28.18,175.12
1786971855.305,,0,,,,84.630,84.630,False,nan,67.536,204.05,220.81
1786971855.430,,0,,,,84.470,84.470,False,nan,67.551,204.08,220.81
1786971855.430,,0,,,,84.470,84.470,False,nan,-9.307,28.32,175.11
1786971855.555,,0,,,,84.280,84.280,False,nan,66.859,203.04,220.81
1786971855.555,,0,,,,84.280,84.280,False,nan,-10.054,30.57,175.11
1786971855.655,,0,,,,84.180,84.180,False,nan,66.510,202.51,220.81
1786971855.655,,0,,,,84.180,84.180,False,nan,-10.408,31.63,175.11
1786971855.755,,0,,,,84.200,84.200,False,nan,66.393,202.33,220.81
1786971855.755,,0,,,,84.200,84.200,False,nan,-10.482,31.86,175.10
1786971855.855,,0,,,,84.370,84.370,False,nan,-10.484,31.86,175.10
1786971855.855,,0,,,,84.370,84.370,False,nan,66.337,202.24,220.81
1786971855.955,,0,,,,84.600,84.600,False,nan,-10.464,31.80,175.10
1786971855.955,,0,,,,84.600,84.600,False,nan,66.289,202.17,220.81
1786971856.080,,0,,,,84.970,84.970,False,nan,66.289,202.17,220.81
1786971856.080,,0,,,,84.970,84.970,False,nan,-10.389,31.58,175.10
1786971856.205,,0,,,,85.310,85.310,False,nan,66.299,202.18,220.81
1786971856.205,,0,,,,85.390,85.390,False,nan,-10.330,31.40,175.09
1786971856.330,,0,,,,85.670,85.670,False,nan,66.298,202.18,220.81
1786971856.330,,0,,,,85.670,85.670,False,nan,-10.250,31.16,175.09
1786971856.455,,0,,,,85.860,85.860,False,nan,66.353,202.27,220.81
1786971856.455,,0,,,,85.860,85.860,False,nan,-10.100,30.71,175.10
1786971856.580,,0,,,,86.070,86.070,False,nan,-9.814,29.85,175.11
1786971856.580,,0,,,,86.070,86.070,False,nan,66.402,202.34,220.81
1786971856.705,,0,,,,86.260,86.260,False,nan,66.438,202.40,220.81
1786971856.730,,0,,,,86.260,86.260,False,nan,-9.703,29.51,175.11
1786971856.855,,0,,,,86.280,86.280,False,nan,66.422,202.37,220.81
1786971856.855,,0,,,,86.280,86.280,False,nan,-9.415,28.65,175.12
1786971856.980,,0,,,,86.230,86.230,False,nan,66.328,202.23,220.81
1786971856.980,,0,,,,86.230,86.230,False,nan,-9.392,28.58,175.12
1786971857.055,,0,,,,86.130,86.130,False,nan,-9.418,28.66,175.12
1786971857.055,,0,,,,86.130,86.130,False,nan,66.204,202.04,220.81
1786971857.205,,0,,,,85.840,85.840,False,nan,65.999,201.72,220.81
1786971857.205,,0,,,,85.840,85.840,False,nan,-9.549,29.05,175.12
1786971857.355,,0,,,,85.510,85.510,False,nan,65.866,201.51,220.81
1786971857.355,,0,,,,85.510,85.510,False,nan,-9.548,29.05,175.12
1786971857.505,,0,,,,85.180,85.180,False,nan,65.594,201.08,220.81
1786971857.505,,0,,,,85.180,85.180,False,nan,-9.765,29.70,175.12
1786971857.580,,0,,,,85.070,85.070,False,nan,-10.149,30.86,175.12
1786971857.580,,0,,,,85.070,85.070,False,nan,65.181,200.41,220.81
1786971857.780,,0,,,,84.700,84.700,False,nan,65.487,200.91,220.81
1786971857.780,,0,,,,84.700,84.700,False,nan,-9.826,29.88,175.11
1786971857.880,,0,,,,84.600,84.600,False,nan,-10.337,31.42,175.11
1786971857.880,,0,,,,84.600,84.600,False,nan,64.928,200.00,220.81
1786971858.055,,0,,,,84.350,84.350,False,nan,-10.605,32.23,175.11
1786971858.055,,0,,,,84.350,84.350,False,nan,64.632,199.52,220.81
1786971858.180,,0,,,,84.220,84.220,False,nan,64.381,199.10,220.81
1786971858.180,,0,,,,84.220,84.220,False,nan,-10.866,33.01,175.11
1786971858.330,,0,,,,84.290,84.290,False,nan,-10.964,33.30,175.11
1786971858.330,,0,,,,84.290,84.290,False,nan,64.262,198.90,220.81
1786971858.430,,0,,,,84.390,84.390,False,nan,-11.057,33.58,175.11
1786971858.430,,0,,,,84.390,84.390,False,nan,64.147,198.71,220.81
1786971858.530,,0,,,,84.540,84.540,False,nan,64.094,198.62,220.81
1786971858.530,,0,,,,84.540,84.540,False,nan,-10.988,33.38,175.11
1786971858.680,,0,,,,84.900,84.900,False,nan,-10.804,32.83,175.12
1786971858.680,,0,,,,84.900,84.900,False,nan,64.092,198.62,220.81
1786971858.830,,0,,,,85.340,85.340,False,nan,64.182,198.77,220.81
1786971858.830,,0,,,,85.340,85.340,False,nan,-10.636,32.32,175.12
1786971858.930,,0,,,,85.650,85.650,False,nan,64.231,198.85,220.81
1786971858.930,,0,,,,85.650,85.650,False,nan,-10.556,32.08,175.13
1786971859.005,,0,,,,85.820,85.820,False,nan,-10.440,31.74,175.14
1786971859.005,,0,,,,85.820,85.820,False,nan,64.291,198.95,220.81
1786971859.180,,0,,,,86.110,86.110,False,nan,64.387,199.11,220.81
1786971859.180,,0,,,,86.110,86.110,False,nan,-10.278,31.25,175.15
1786971859.255,,0,,,,86.160,86.160,False,nan,-10.191,30.99,175.15
1786971859.255,,0,,,,86.160,86.160,False,nan,64.432,199.19,220.81
1786971859.405,,0,,,,86.110,86.110,False,nan,64.440,199.20,220.81
1786971859.405,,0,,,,86.110,86.110,False,nan,-10.032,30.51,175.17
1786971859.555,,0,,,,85.900,85.900,False,nan,64.437,199.19,220.81
1786971859.555,,0,,,,85.900,85.900,False,nan,-9.893,30.10,175.18
1786971859.705,,0,,,,85.740,85.740,False,nan,64.692,199.62,220.81
1786971859.705,,0,,,,85.740,85.740,False,nan,-9.421,28.68,175.19
1786971859.830,,0,,,,85.560,85.560,False,nan,-9.278,28.25,175.20
1786971859.830,,0,,,,85.560,85.560,False,nan,64.699,199.63,220.81
1786971859.930,,0,,,,85.320,85.320,False,nan,64.071,198.58,220.81
1786971859.930,,0,,,,85.320,85.320,False,nan,-9.804,29.83,175.20
1786971860.055,,0,,,,84.900,84.900,False,nan,63.651,197.87,220.81
1786971860.055,,0,,,,84.900,84.900,False,nan,-10.009,30.45,175.21
1786971860.230,,0,,,,84.470,84.470,False,nan,63.351,197.35,220.81
1786971860.230,,0,,,,84.470,84.470,False,nan,-10.233,31.13,175.21
1786971860.380,,0,,,,84.210,84.210,False,nan,63.041,196.81,220.81
1786971860.380,,0,,,,84.210,84.210,False,nan,-10.575,32.16,175.22
1786971860.530,,0,,,,84.220,84.220,False,nan,-10.932,33.23,175.22
1786971860.530,,0,,,,84.220,84.220,False,nan,62.790,196.37,220.81
1786971860.630,,0,,,,84.360,84.360,False,nan,62.654,196.13,220.81
1786971860.630,,0,,,,84.360,84.360,False,nan,-11.096,33.72,175.23
1786971860.730,,0,,,,84.490,84.490,False,nan,-11.150,33.89,175.23
1786971860.730,,0,,,,84.490,84.490,False,nan,62.622,196.08,220.81
1786971860.905,,0,,,,84.530,84.530,False,nan,62.498,195.86,220.81
1786971860.905,,0,,,,84.530,84.530,False,nan,-11.417,34.69,175.24
1786971861.030,,0,,,,84.490,84.490,False,nan,-11.380,34.58,175.24
1786971861.030,,0,,,,84.490,84.490,False,nan,62.513,195.88,220.81
1786971861.105,,0,,,,84.420,84.420,False,nan,62.477,195.82,220.81
1786971861.105,,0,,,,84.420,84.420,False,nan,-11.437,34.75,175.25
1786971861.255,,0,,,,84.370,84.370,False,nan,62.537,195.93,220.81
1786971861.255,,0,,,,84.370,84.370,False,nan,-11.381,34.58,175.25
1786971861.405,,0,,,,84.520,84.520,False,nan,62.587,196.01,220.81
1786971861.405,,0,,,,84.520,84.520,False,nan,-11.395,34.63,175.26
1786971861.530,,0,,,,84.710,84.710,False,nan,62.697,196.21,220.81
1786971861.530,,0,,,,84.710,84.710,False,nan,-11.318,34.40,175.27
1786971861.655,,0,,,,85.130,85.130,False,nan,62.801,196.39,220.81
1786971861.655,,0,,,,85.130,85.130,False,nan,-11.182,33.99,175.29
1786971861.830,,0,,,,85.710,85.710,False,nan,62.863,196.50,220.81
1786971861.830,,0,,,,85.710,85.710,False,nan,-10.900,33.15,175.31
1786971861.905,,0,,,,86.090,86.090,False,nan,62.876,196.52,220.81
1786971861.905,,0,,,,86.090,86.090,False,nan,-10.672,32.47,175.32
1786971862.055,,0,,,,86.650,86.650,False,nan,-10.169,30.96,175.34
1786971862.055,,0,,,,86.650,86.650,False,nan,62.941,196.64,220.81
1786971862.130,,0,,,,86.930,86.930,False,nan,-9.910,30.18,175.36
1786971862.130,,0,,,,86.930,86.930,False,nan,62.954,196.66,220.81
1786971862.255,,0,,,,87.110,87.110,False,nan,-9.624,29.32,175.37
1786971862.255,,0,,,,87.110,87.110,False,nan,62.920,196.60,220.81
1786971862.405,,0,,,,87.140,87.140,False,nan,62.890,196.55,220.81
1786971862.405,,0,,,,87.140,87.140,False,nan,-9.045,27.57,175.40
1786971862.505,,0,,,,87.100,87.100,False,nan,62.855,196.49,220.81
1786971862.505,,0,,,,87.100,87.100,False,nan,-8.680,26.47,175.42
1786971862.655,,0,,,,86.880,86.880,False,nan,-8.348,25.47,175.44
1786971862.655,,0,,,,86.880,86.880,False,nan,62.732,196.27,220.81
1786971862.980,,0,,,,85.870,85.870,False,nan,61.500,194.05,220.81
1786971862.980,,0,,,,85.870,85.870,False,nan,-8.716,26.59,175.50
1786971863.080,,0,,,,85.450,85.450,False,nan,60.718,192.59,220.81
1786971863.080,,0,,,,85.450,85.450,False,nan,-9.248,28.21,175.52
1786971863.230,,0,,,,85.110,85.110,False,nan,59.917,191.07,220.81
1786971863.230,,0,,,,85.110,85.110,False,nan,-9.877,30.11,175.54
1786971863.355,,0,,,,85.110,85.110,False,nan,59.264,189.79,220.81
1786971863.355,,0,,,,85.100,85.100,False,nan,-10.520,32.06,175.57
1786971863.530,,0,,,,85.200,85.200,False,nan,58.856,188.98,220.81
1786971863.530,,0,,,,85.200,85.200,False,nan,-11.012,33.54,175.60
1786971863.680,,0,,,,85.150,85.150,False,nan,-11.372,34.63,175.62
1786971863.680,,0,,,,85.150,85.150,False,nan,58.558,188.39,220.81
1786971863.780,,0,,,,85.020,85.020,False,nan,58.333,187.93,220.81
1786971863.780,,0,,,,85.020,85.020,False,nan,-11.552,35.17,175.65
1786971863.955,,0,,,,84.580,84.580,False,nan,58.169,187.60,220.81
1786971863.955,,0,,,,84.580,84.580,False,nan,-11.593,35.30,175.66
1786971864.105,,0,,,,84.280,84.280,False,nan,-11.508,35.05,175.69
1786971864.105,,0,,,,84.280,84.280,False,nan,57.999,187.25,220.81
1786971864.255,,0,,,,84.290,84.290,False,nan,57.837,186.92,220.81
1786971864.255,,0,,,,84.290,84.290,False,nan,-11.588,35.30,175.70
1786971864.380,,0,,,,84.410,84.410,False,nan,57.700,186.64,220.81
1786971864.380,,0,,,,84.410,84.410,False,nan,-11.718,35.69,175.72
1786971864.555,,0,,,,84.550,84.550,False,nan,57.691,186.62,220.81
1786971864.555,,0,,,,84.550,84.550,False,nan,-11.944,36.37,175.75
1786971864.680,,0,,,,84.770,84.770,False,nan,57.714,186.67,220.81
1786971864.680,,0,,,,84.770,84.770,False,nan,-11.990,36.52,175.77
1786971864.805,,0,,,,85.090,85.090,False,nan,57.705,186.65,220.81
1786971864.805,,0,,,,85.090,85.090,False,nan,-12.026,36.63,175.79
1786971864.930,,0,,,,85.360,85.360,False,nan,57.747,186.74,220.81
1786971864.930,,0,,,,85.360,85.360,False,nan,-11.883,36.20,175.83
1786971865.030,,0,,,,85.670,85.670,False,nan,-11.733,35.76,175.84
1786971865.030,,0,,,,85.670,85.670,False,nan,57.785,186.81,220.81
1786971865.155,,0,,,,85.930,85.930,False,nan,57.779,186.80,220.81
1786971865.155,,0,,,,85.930,85.930,False,nan,-11.650,35.51,175.86
1786971865.305,,0,,,,86.080,86.080,False,nan,-11.388,34.73,175.89
1786971865.305,,0,,,,86.080,86.080,False,nan,57.818,186.88,220.81
1786971865.430,,0,,,,86.130,86.130,False,nan,-11.249,34.32,175.91
1786971865.430,,0,,,,86.130,86.130,False,nan,57.842,186.93,220.81
1786971865.555,,0,,,,86.120,86.120,False,nan,57.780,186.81,220.81
1786971865.555,,0,,,,86.120,86.120,False,nan,-11.095,33.86,175.94
1786971865.630,,0,,,,86.090,86.090,False,nan,57.624,186.48,220.81
1786971865.655,,0,,,,86.090,86.090,False,nan,-11.104,33.89,175.96
1786971865.755,,0,,,,86.110,86.110,False,nan,-11.090,33.85,175.98
1786971865.755,,0,,,,86.110,86.110,False,nan,57.540,186.31,220.81
1786971865.830,,0,,,,86.120,86.120,False,nan,57.469,186.16,220.81
1786971865.830,,0,,,,86.120,86.120,False,nan,-11.011,33.62,176.01
1786971865.980,,0,,,,86.160,86.160,False,nan,57.269,185.75,220.81
1786971865.980,,0,,,,86.160,86.160,False,nan,-11.044,33.72,176.03
1786971866.105,,0,,,,86.200,86.200,False,nan,57.072,185.33,220.81
1786971866.105,,0,,,,86.200,86.200,False,nan,-10.897,33.29,176.07
1786971866.255,,0,,,,86.080,86.080,False,nan,56.798,184.76,220.81
1786971866.255,,0,,,,86.080,86.080,False,nan,-10.907,33.32,176.09
1786971866.405,,0,,,,85.890,85.890,False,nan,56.453,184.03,220.81
1786971866.405,,0,,,,85.890,85.890,False,nan,-11.080,33.85,176.13
1786971866.530,,0,,,,85.690,85.690,False,nan,56.182,183.45,220.81
1786971866.530,,0,,,,85.690,85.690,False,nan,-11.253,34.37,176.15
1786971866.730,,0,,,,85.240,85.240,False,nan,-11.201,34.23,176.20
1786971866.730,,0,,,,85.240,85.240,False,nan,55.972,183.00,220.81
1786971866.830,,0,,,,84.960,84.960,False,nan,55.341,181.63,220.81
1786971866.830,,0,,,,84.960,84.960,False,nan,-11.718,35.79,176.23
1786971867.030,,0,,,,84.640,84.640,False,nan,-11.849,36.19,176.26
1786971867.030,,0,,,,84.640,84.640,False,nan,55.190,181.29,220.81
1786971867.230,,0,,,,84.220,84.220,False,nan,54.921,180.70,220.81
1786971867.230,,0,,,,84.220,84.220,False,nan,-12.158,37.13,176.29
1786971868.105,,0,,,,84.410,84.410,False,nan,54.740,180.30,220.81
1786971868.105,,0,,,,84.410,84.410,False,nan,-12.593,38.47,176.46
1786971868.255,,0,,,,84.280,84.280,False,nan,54.806,180.44,220.81
1786971868.255,,0,,,,84.280,84.280,False,nan,-12.571,38.41,176.49
1786971868.530,,0,,,,84.610,84.610,False,nan,-12.632,38.60,176.53
1786971868.530,,0,,,,84.610,84.610,False,nan,54.840,180.52,220.81
1786971868.655,,0,,,,84.960,84.960,False,nan,54.832,180.50,220.81
1786971868.655,,0,,,,84.960,84.960,False,nan,-12.667,38.72,176.56
1786971868.755,,0,,,,85.350,85.350,False,nan,-12.656,38.69,176.58
1786971868.755,,0,,,,85.350,85.350,False,nan,54.837,180.51,220.81
1786971868.880,,0,,,,85.740,85.740,False,nan,54.868,180.58,220.81
1786971868.905,,0,,,,85.740,85.740,False,nan,-12.478,38.16,176.61
1786971869.055,,0,,,,86.140,86.140,False,nan,54.908,180.67,220.81
1786971869.055,,0,,,,86.160,86.160,False,nan,-12.340,37.75,176.63
1786971869.130,,0,,,,86.260,86.260,False,nan,54.922,180.70,220.81
1786971869.130,,0,,,,86.260,86.260,False,nan,-12.169,37.24,176.65
1786971869.280,,0,,,,86.300,86.300,False,nan,54.936,180.73,220.81
1786971869.280,,0,,,,86.300,86.300,False,nan,-11.788,36.10,176.69
1786971869.430,,0,,,,86.300,86.300,False,nan,54.929,180.72,220.81
1786971869.430,,0,,,,86.300,86.300,False,nan,-11.465,35.13,176.72
1786971869.530,,0,,,,86.250,86.250,False,nan,54.844,180.53,220.81
1786971869.530,,0,,,,86.250,86.250,False,nan,-11.416,34.98,176.74
1786971869.655,,0,,,,86.300,86.300,False,nan,54.752,180.33,220.81
1786971869.655,,0,,,,86.300,86.300,False,nan,-11.245,34.47,176.77
1786971869.780,,0,,,,86.410,86.410,False,nan,-11.273,34.56,176.80
1786971869.780,,0,,,,86.410,86.410,False,nan,54.515,179.80,220.81
1786971869.880,,0,,,,86.500,86.500,False,nan,-11.288,34.61,176.83
1786971869.880,,0,,,,86.500,86.500,False,nan,54.285,179.28,220.81
1786971870.405,,0,,,,85.850,85.850,False,nan,-11.252,34.53,176.97
1786971870.405,,0,,,,85.850,85.850,False,nan,53.023,176.40,220.81
1786971871.330,,0,,,,85.080,85.080,False,nan,51.431,172.64,220.81
1786971871.330,,0,,,,85.080,85.080,False,nan,-12.154,37.32,177.25
1786971871.655,,0,,,,85.210,85.210,False,nan,51.182,172.04,220.81
1786971871.655,,0,,,,85.210,85.210,False,nan,-12.249,37.62,177.33
1786971871.755,,0,,,,85.190,85.190,False,nan,-12.302,37.79,177.36
1786971871.755,,0,,,,85.190,85.190,False,nan,51.170,172.01,220.81
1786971871.880,,0,,,,85.030,85.030,False,nan,-12.291,37.77,177.41
1786971871.880,,0,,,,85.030,85.030,False,nan,51.154,171.97,220.81
1786971872.030,,0,,,,84.940,84.940,False,nan,51.141,171.94,220.81
1786971872.030,,0,,,,84.940,84.940,False,nan,-12.203,37.51,177.43
1786971872.205,,0,,,,85.010,85.010,False,nan,-11.995,36.89,177.50
1786971872.205,,0,,,,85.010,85.010,False,nan,51.086,171.81,220.81
1786971872.455,,0,,,,85.150,85.150,False,nan,51.058,171.74,220.81
1786971872.455,,0,,,,85.150,85.150,False,nan,-11.788,36.28,177.57
1786971873.280,,0,,,,84.980,84.980,False,nan,50.809,171.13,220.81
1786971873.280,,0,,,,84.980,84.980,False,nan,-11.649,35.91,177.83
1786971873.680,,0,,,,86.370,86.370,False,nan,62.486,195.83,220.81
1786971873.680,,0,,,,86.370,86.370,False,nan,-1.088,3.38,177.96
1786971873.780,,0,,,,87.380,87.380,False,nan,62.402,195.68,220.81
1786971873.780,,0,,,,87.380,87.380,False,nan,-2.777,8.62,177.99
1786971874.330,,0,,,,98.020,98.020,False,nan,51.192,172.07,220.81
1786971874.330,,0,,,,98.020,98.020,False,nan,-22.264,67.49,178.13
1786971877.429,,0,,,,99.810,99.810,False,nan,65.446,200.84,220.81
1786971877.429,,0,,,,99.810,99.810,False,nan,-9.389,29.23,179.21
1786971877.579,,0,,,,99.560,99.560,False,nan,65.322,200.64,220.81
1786971877.579,,0,,,,99.560,99.560,False,nan,-9.509,29.61,179.25
1786971877.679,,0,,,,99.460,99.460,False,nan,65.308,200.62,220.81
1786971877.679,,0,,,,99.460,99.460,False,nan,-9.552,29.76,179.32
1786971877.780,,0,,,,99.380,99.380,False,nan,-9.803,30.53,179.33
1786971877.780,,0,,,,99.380,99.380,False,nan,65.078,200.25,220.81
1786971877.929,,0,,,,99.450,99.450,False,nan,-9.816,30.58,179.39
1786971877.929,,0,,,,99.450,99.450,False,nan,65.042,200.19,220.81
1786971878.029,,0,,,,99.590,99.590,False,nan,65.078,200.25,220.81
1786971878.029,,0,,,,99.590,99.590,False,nan,-9.731,30.33,179.44
1786971878.179,,0,,,,100.080,100.080,False,nan,65.017,200.15,220.81
1786971878.179,,0,,,,100.080,100.080,False,nan,-9.722,30.31,179.48
1786971878.305,,0,,,,100.450,100.450,False,nan,-9.693,30.23,179.55
1786971878.305,,0,,,,100.450,100.450,False,nan,64.884,199.93,220.81
1786971878.429,,0,,,,100.740,100.740,False,nan,-9.779,30.50,179.58
1786971878.429,,0,,,,100.740,100.740,False,nan,64.804,199.80,220.81
1786971878.629,,0,,,,100.680,100.680,False,nan,-9.832,30.68,179.66
1786971878.629,,0,,,,100.680,100.680,False,nan,64.762,199.73,220.81
1786971878.804,,0,,,,100.660,100.660,False,nan,64.816,199.82,220.81
1786971878.804,,0,,,,100.660,100.660,False,nan,-9.780,30.53,179.74
1786971878.879,,0,,,,100.660,100.660,False,nan,-9.909,30.93,179.76
1786971878.879,,0,,,,100.660,100.660,False,nan,64.727,199.67,220.81
1786971879.054,,0,,,,99.820,99.820,False,nan,-9.520,29.74,179.84
1786971879.054,,0,,,,99.820,99.820,False,nan,64.668,199.58,220.81
1786971879.204,,0,,,,99.590,99.590,False,nan,-9.325,29.15,179.89
1786971879.204,,0,,,,99.590,99.590,False,nan,64.777,199.75,220.81
1786971879.329,,0,,,,99.490,99.490,False,nan,-9.340,29.20,179.94
1786971879.329,,0,,,,99.490,99.490,False,nan,64.638,199.53,220.81
1786971879.454,,0,,,,99.490,99.490,False,nan,64.574,199.42,220.81
1786971879.479,,0,,,,99.490,99.490,False,nan,-9.415,29.44,180.00
1786971879.554,,0,,,,99.560,99.560,False,nan,64.501,199.30,220.81
1786971879.554,,0,,,,99.560,99.560,False,nan,-9.519,29.77,180.04
1786971879.704,,0,,,,99.640,99.640,False,nan,64.074,198.59,220.81
1786971879.704,,0,,,,99.640,99.640,False,nan,-10.050,31.43,180.10
1786971879.854,,0,,,,99.650,99.650,False,nan,63.886,198.27,220.81
1786971879.854,,0,,,,99.650,99.650,False,nan,-10.248,32.05,180.15
1786971880.029,,0,,,,99.550,99.550,False,nan,63.846,198.20,220.81
1786971880.029,,0,,,,99.550,99.550,False,nan,-10.242,32.04,180.21
1786971880.104,,0,,,,99.520,99.520,False,nan,-10.249,32.07,180.24
1786971880.104,,0,,,,99.520,99.520,False,nan,63.830,198.17,220.81
1786971880.229,,0,,,,99.410,99.410,False,nan,-10.199,31.92,180.27
1786971880.229,,0,,,,99.410,99.410,False,nan,63.854,198.21,220.81
1786971880.404,,0,,,,99.280,99.280,False,nan,63.864,198.23,220.81
1786971880.404,,0,,,,99.280,99.280,False,nan,-10.264,32.13,180.34
1786971880.504,,0,,,,99.160,99.160,False,nan,-10.336,32.36,180.37
1786971880.504,,0,,,,99.160,99.160,False,nan,63.840,198.19,220.81
1786971880.679,,0,,,,98.910,98.910,False,nan,63.935,198.35,220.81
1786971880.679,,0,,,,98.910,98.910,False,nan,-10.261,32.14,180.42
1786971880.804,,0,,,,98.920,98.920,False,nan,-10.371,32.49,180.48
1786971880.804,,0,,,,98.920,98.920,False,nan,63.850,198.21,220.81
1786971881.004,,0,,,,99.100,99.100,False,nan,63.845,198.20,220.81
1786971881.004,,0,,,,99.100,99.100,False,nan,-10.515,32.95,180.56
1786971881.129,,0,,,,99.350,99.350,False,nan,63.870,198.24,220.81
1786971881.129,,0,,,,99.350,99.350,False,nan,-10.557,33.09,180.62
1786971881.279,,0,,,,99.830,99.830,False,nan,63.873,198.24,220.81
1786971881.279,,0,,,,99.830,99.830,False,nan,-10.520,32.99,180.66
1786971881.379,,0,,,,100.310,100.310,False,nan,64.051,198.55,220.81
1786971881.379,,0,,,,100.310,100.310,False,nan,-10.294,32.29,180.69
1786971881.479,,0,,,,100.970,100.970,False,nan,64.385,199.11,220.81
1786971881.479,,0,,,,100.970,100.970,False,nan,-9.854,30.94,180.78
1786971881.579,,0,,,,101.470,101.470,False,nan,-9.901,31.09,180.80
1786971881.579,,0,,,,101.470,101.470,False,nan,64.288,198.94,220.81
1786971881.679,,0,,,,101.780,101.780,False,nan,-9.690,30.44,180.87
1786971881.679,,0,,,,101.780,101.780,False,nan,64.244,198.87,220.81
1786971881.854,,0,,,,101.940,101.940,False,nan,-9.155,28.79,180.93
1786971881.854,,0,,,,101.940,101.940,False,nan,64.251,198.88,220.81
1786971881.979,,0,,,,101.790,101.790,False,nan,64.627,199.51,220.81
1786971881.979,,0,,,,101.790,101.790,False,nan,-8.402,26.44,180.98
1786971882.104,,0,,,,101.480,101.480,False,nan,64.526,199.34,220.81
1786971882.104,,0,,,,101.420,101.420,False,nan,-7.974,25.12,181.05
1786971882.254,,0,,,,100.910,100.910,False,nan,-7.781,24.52,181.11
1786971882.254,,0,,,,100.910,100.910,False,nan,64.348,199.05,220.81
1786971882.404,,0,,,,100.200,100.200,False,nan,-8.353,26.32,181.17
1786971882.404,,0,,,,100.200,100.200,False,nan,63.717,197.98,220.81
1786971882.529,,0,,,,99.490,99.490,False,nan,63.508,197.62,220.81
1786971882.529,,0,,,,99.490,99.490,False,nan,-8.347,26.31,181.22
1786971882.654,,0,,,,98.960,98.960,False,nan,62.325,195.55,220.81
1786971882.654,,0,,,,98.960,98.960,False,nan,-9.428,29.69,181.28
1786971882.779,,0,,,,98.490,98.490,False,nan,61.749,194.51,220.81
1786971882.779,,0,,,,98.490,98.490,False,nan,-9.951,31.33,181.32
1786971882.879,,0,,,,98.260,98.260,False,nan,-10.484,33.00,181.36
1786971882.879,,0,,,,98.260,98.260,False,nan,61.286,193.65,220.81
1786971883.054,,0,,,,98.150,98.150,False,nan,61.043,193.20,220.81
1786971883.054,,0,,,,98.150,98.150,False,nan,-11.010,34.65,181.43
1786971883.154,,0,,,,98.230,98.230,False,nan,61.218,193.53,220.81
1786971883.154,,0,,,,98.230,98.230,False,nan,-11.062,34.82,181.47
1786971883.354,,0,,,,98.480,98.480,False,nan,61.320,193.72,220.81
1786971883.354,,0,,,,98.520,98.520,False,nan,-11.460,36.07,181.54
1786971883.429,,0,,,,98.720,98.720,False,nan,61.415,193.89,220.81
1786971883.429,,0,,,,98.720,98.720,False,nan,-11.578,36.44,181.57
1786971883.579,,0,,,,99.070,99.070,False,nan,-11.520,36.27,181.62
1786971883.579,,0,,,,99.070,99.070,False,nan,61.678,194.38,220.81
1786971883.679,,0,,,,99.580,99.580,False,nan,-11.302,35.60,181.66
1786971883.679,,0,,,,99.580,99.580,False,nan,61.978,194.92,220.81
1786971883.779,,0,,,,100.290,100.290,False,nan,-10.788,34.01,181.73
1786971883.779,,0,,,,100.290,100.290,False,nan,62.397,195.67,220.81
1786971883.979,,0,,,,101.440,101.440,False,nan,-10.409,32.85,181.80
1786971883.979,,0,,,,101.440,101.440,False,nan,62.650,196.12,220.81
1786971884.079,,0,,,,101.790,101.790,False,nan,63.131,196.97,220.81
1786971884.079,,0,,,,101.790,101.790,False,nan,-9.731,30.73,181.84
1786971884.154,,0,,,,101.910,101.910,False,nan,63.313,197.28,220.81
1786971884.154,,0,,,,101.910,101.910,False,nan,-9.344,29.53,181.90
1786971884.354,,0,,,,101.620,101.620,False,nan,63.098,196.91,220.81
1786971884.354,,0,,,,101.620,101.620,False,nan,-8.880,28.09,181.99
1786971884.529,,0,,,,101.200,101.200,False,nan,63.034,196.80,220.81
1786971884.529,,0,,,,101.200,101.200,False,nan,-8.492,26.88,182.05
1786971884.629,,0,,,,100.970,100.970,False,nan,-8.199,25.97,182.10
1786971884.629,,0,,,,100.970,100.970,False,nan,63.046,196.82,220.81
1786971884.729,,0,,,,100.740,100.740,False,nan,-8.191,25.95,182.15
1786971884.729,,0,,,,100.740,100.740,False,nan,62.891,196.55,220.81
1786971884.854,,0,,,,100.570,100.570,False,nan,61.898,194.78,220.81
1786971884.854,,0,,,,100.570,100.570,False,nan,-9.036,28.62,182.21
1786971885.004,,0,,,,100.420,100.420,False,nan,-9.546,30.23,182.28
1786971885.004,,0,,,,100.420,100.420,False,nan,61.193,193.48,220.81
1786971885.129,,0,,,,100.450,100.450,False,nan,60.696,192.55,220.81
1786971885.129,,0,,,,100.450,100.450,False,nan,-9.892,31.33,182.35
1786971885.254,,0,,,,100.500,100.500,False,nan,-10.170,32.20,182.39
1786971885.254,,0,,,,100.500,100.500,False,nan,60.253,191.71,220.81
1786971885.354,,0,,,,100.520,100.520,False,nan,60.034,191.29,220.81
1786971885.354,,0,,,,100.520,100.520,False,nan,-10.235,32.42,182.44
1786971885.479,,0,,,,100.500,100.500,False,nan,60.108,191.43,220.81
1786971885.504,,0,,,,100.500,100.500,False,nan,-9.975,31.61,182.50
1786971885.604,,0,,,,100.370,100.370,False,nan,-10.258,32.51,182.54
1786971885.604,,0,,,,100.370,100.370,False,nan,59.744,190.73,220.81
1786971885.754,,0,,,,100.230,100.230,False,nan,59.522,190.30,220.81
1786971885.754,,0,,,,100.230,100.230,False,nan,-10.360,32.84,182.60
1786971885.854,,0,,,,100.210,100.210,False,nan,-10.484,33.23,182.64
1786971885.854,,0,,,,100.210,100.210,False,nan,59.306,189.87,220.81
1786971885.979,,0,,,,100.260,100.260,False,nan,-10.516,33.34,182.69
1786971885.979,,0,,,,100.260,100.260,False,nan,59.179,189.62,220.81
1786971886.079,,0,,,,100.290,100.290,False,nan,59.456,190.17,220.81
1786971886.079,,0,,,,100.290,100.290,False,nan,-10.123,32.12,182.73
1786971886.204,,0,,,,100.350,100.350,False,nan,59.508,190.27,220.81
1786971886.204,,0,,,,100.350,100.350,False,nan,-9.914,31.48,182.82
1786971886.404,,0,,,,100.250,100.250,False,nan,-9.755,30.99,182.92
1786971886.404,,0,,,,100.250,100.250,False,nan,59.415,190.09,220.81
1786971886.479,,0,,,,100.200,100.200,False,nan,-9.787,31.10,182.97
1786971886.504,,0,,,,100.200,100.200,False,nan,59.281,189.82,220.81
1786971886.579,,0,,,,100.200,100.200,False,nan,-10.347,32.87,182.99
1786971886.579,,0,,,,100.200,100.200,False,nan,58.726,188.72,220.81
1786971886.754,,0,,,,99.880,99.880,False,nan,58.873,189.02,220.81
1786971886.779,,0,,,,99.880,99.880,False,nan,-10.210,32.46,183.09
1786971886.929,,0,,,,100.040,100.040,False,nan,-10.195,32.42,183.16
1786971886.929,,0,,,,100.040,100.040,False,nan,58.663,188.60,220.81
1786971887.029,,0,,,,100.170,100.170,False,nan,-10.429,33.17,183.22
1786971887.029,,0,,,,100.170,100.170,False,nan,58.408,188.08,220.81
1786971887.179,,0,,,,100.150,100.150,False,nan,58.243,187.75,220.81
1786971887.179,,0,,,,100.150,100.150,False,nan,-10.608,33.74,183.28
1786971887.329,,0,,,,100.010,100.010,False,nan,58.146,187.55,220.81
1786971887.329,,0,,,,100.010,100.010,False,nan,-10.825,34.43,183.35
1786971887.479,,0,,,,99.660,99.660,False,nan,58.145,187.55,220.81
1786971887.479,,0,,,,99.660,99.660,False,nan,-10.900,34.68,183.41
1786971887.629,,0,,,,99.520,99.520,False,nan,-10.882,34.64,183.48
1786971887.629,,0,,,,99.520,99.520,False,nan,58.103,187.46,220.81
1786971887.754,,0,,,,99.510,99.510,False,nan,58.015,187.29,220.81
1786971887.754,,0,,,,99.510,99.510,False,nan,-10.901,34.71,183.54
1786971887.904,,0,,,,99.760,99.760,False,nan,-10.721,34.16,183.61
1786971887.904,,0,,,,99.760,99.760,False,nan,58.003,187.26,220.81
1786971888.004,,0,,,,99.850,99.850,False,nan,57.945,187.14,220.81
1786971888.004,,0,,,,99.850,99.850,False,nan,-10.714,34.14,183.65
1786971888.154,,0,,,,100.040,100.040,False,nan,-11.022,35.12,183.70
1786971888.154,,0,,,,100.040,100.040,False,nan,57.536,186.30,220.81
1786971888.354,,0,,,,100.200,100.200,False,nan,57.369,185.96,220.81
1786971888.354,,0,,,,100.200,100.200,False,nan,-11.030,35.17,183.80
1786971888.529,,0,,,,100.430,100.430,False,nan,57.373,185.96,220.81
1786971888.529,,0,,,,100.430,100.430,False,nan,-10.922,34.84,183.89
1786971888.629,,0,,,,100.540,100.540,False,nan,57.611,186.46,220.81
1786971888.629,,0,,,,100.540,100.540,False,nan,-10.619,33.89,183.94
1786971888.754,,0,,,,100.670,100.670,False,nan,57.396,186.01,220.81
1786971888.754,,0,,,,100.670,100.670,False,nan,-10.754,34.34,184.01
1786971888.954,,0,,,,100.820,100.820,False,nan,57.180,185.56,220.81
1786971888.954,,0,,,,100.820,100.820,False,nan,-10.785,34.46,184.13
1786971889.054,,0,,,,100.890,100.890,False,nan,-10.799,34.51,184.18
1786971889.054,,0,,,,100.890,100.890,False,nan,57.055,185.30,220.81
1786971889.204,,0,,,,105.030,105.030,False,nan,57.276,185.76,220.81
1786971889.204,,0,,,,105.030,105.030,False,nan,-10.646,34.04,184.26
1786971889.329,,0,,,,107.570,107.570,False,nan,57.314,185.84,220.81
1786971889.329,,0,,,,107.570,107.570,False,nan,-15.722,49.95,184.34
1786971889.454,,0,,,,108.260,108.260,False,nan,57.136,185.47,220.81
1786971889.454,,0,,,,108.260,108.260,False,nan,-16.955,53.77,184.38
1786971889.554,,0,,,,108.510,108.510,False,nan,56.856,184.88,220.81
1786971889.554,,0,,,,108.510,108.510,False,nan,-17.610,55.80,184.45
1786971889.654,,0,,,,108.510,108.510,False,nan,-18.217,57.67,184.48
1786971889.654,,0,,,,108.510,108.510,False,nan,56.451,184.02,220.81
1786971889.804,,0,,,,108.380,108.380,False,nan,56.541,184.22,220.81
1786971889.804,,0,,,,108.380,108.380,False,nan,-18.392,58.23,184.56
1786971892.879,,0,,,,110.790,110.790,False,nan,70.609,208.28,220.81
1786971892.879,,0,,,,110.790,110.790,False,nan,-4.149,13.46,186.12
1786971893.029,,0,,,,110.540,110.540,False,nan,70.330,207.92,220.81
1786971893.029,,0,,,,110.540,110.540,False,nan,-4.272,13.87,186.17
1786971893.179,,0,,,,110.160,110.160,False,nan,70.102,207.63,220.81
1786971893.179,,0,,,,110.160,110.160,False,nan,-4.345,14.11,186.25
1786971893.604,,0,,,,109.230,109.230,False,nan,-10.616,34.35,186.47
1786971893.604,,0,,,,109.230,109.230,False,nan,63.662,197.89,220.81
1786971893.729,,0,,,,111.500,111.500,False,nan,63.494,197.60,220.81
1786971893.729,,0,,,,111.500,111.500,False,nan,-12.126,39.18,186.54
1786971893.854,,0,,,,112.600,112.600,False,nan,-13.739,44.31,186.59
1786971893.854,,0,,,,112.600,112.600,False,nan,63.347,197.34,220.81
1786971894.029,,0,,,,113.150,113.150,False,nan,-15.211,48.98,186.67
1786971894.029,,0,,,,113.150,113.150,False,nan,63.177,197.05,220.81
1786971894.154,,0,,,,113.390,113.390,False,nan,63.430,197.49,220.81
1786971894.154,,0,,,,113.390,113.390,False,nan,-15.376,49.52,186.75
1786971894.254,,0,,,,113.510,113.510,False,nan,63.297,197.26,220.81
1786971894.254,,0,,,,113.510,113.510,False,nan,-15.691,50.52,186.79
1786971894.454,,0,,,,113.740,113.740,False,nan,65.397,200.76,220.81
1786971894.454,,0,,,,113.740,113.740,False,nan,-13.810,44.61,186.89
1786971894.554,,0,,,,113.820,113.820,False,nan,67.510,204.01,220.81
1786971894.554,,0,,,,113.820,113.820,False,nan,-11.748,38.06,186.95
1786971894.654,,0,,,,113.950,113.950,False,nan,68.056,204.81,220.81
1786971894.654,,0,,,,113.950,113.950,False,nan,-11.233,36.42,186.99
1786971894.754,,0,,,,114.130,114.130,False,nan,68.592,205.57,220.81
1786971894.754,,0,,,,114.130,114.130,False,nan,-10.721,34.80,187.04
1786971894.854,,0,,,,114.320,114.320,False,nan,68.746,205.79,220.81
1786971894.854,,0,,,,114.320,114.320,False,nan,-10.614,34.46,187.09
1786971894.929,,0,,,,114.520,114.520,False,nan,-10.425,33.87,187.15
1786971894.929,,0,,,,114.520,114.520,False,nan,68.959,206.08,220.81
1786971895.054,,0,,,,114.750,114.750,False,nan,-10.205,33.17,187.21
1786971895.054,,0,,,,114.750,114.750,False,nan,69.221,206.45,220.81
1786971895.204,,0,,,,115.110,115.110,False,nan,69.171,206.38,220.81
1786971895.204,,0,,,,115.110,115.110,False,nan,-10.222,33.24,187.30
1786971895.379,,0,,,,115.360,115.360,False,nan,69.434,206.74,220.81
1786971895.379,,0,,,,115.360,115.360,False,nan,-9.821,31.96,187.37
1786971895.479,,0,,,,115.440,115.440,False,nan,-9.808,31.94,187.48
1786971895.504,,0,,,,115.440,115.440,False,nan,69.323,206.58,220.81
1786971895.604,,0,,,,115.450,115.450,False,nan,-9.756,31.78,187.54
1786971895.604,,0,,,,115.450,115.450,False,nan,69.289,206.54,220.81
1786971895.704,,0,,,,115.440,115.440,False,nan,69.423,206.72,220.81
1786971895.704,,0,,,,115.440,115.440,False,nan,-9.559,31.15,187.59
1786971895.829,,0,,,,115.430,115.430,False,nan,-9.656,31.47,187.64
1786971895.829,,0,,,,115.430,115.430,False,nan,69.244,206.48,220.81
1786971895.954,,0,,,,115.430,115.430,False,nan,69.175,206.38,220.81
1786971895.954,,0,,,,115.430,115.430,False,nan,-9.558,31.17,187.73
1786971896.079,,0,,,,115.410,115.410,False,nan,69.202,206.42,220.81
1786971896.079,,0,,,,115.410,115.410,False,nan,-9.402,30.68,187.77
1786971896.229,,0,,,,115.240,115.240,False,nan,69.223,206.45,220.81
1786971896.229,,0,,,,115.240,115.240,False,nan,-9.226,30.12,187.86
1786971896.354,,0,,,,115.050,115.050,False,nan,-9.244,30.19,187.94
1786971896.354,,0,,,,115.050,115.050,False,nan,69.084,206.26,220.81
1786971896.454,,0,,,,114.940,114.940,False,nan,68.990,206.13,220.81
1786971896.454,,0,,,,114.940,114.940,False,nan,-9.318,30.44,188.00
1786971896.629,,0,,,,114.630,114.630,False,nan,-9.501,31.05,188.08
1786971896.629,,0,,,,114.630,114.630,False,nan,68.866,205.96,220.81
1786971896.704,,0,,,,114.370,114.370,False,nan,68.667,205.68,220.81
1786971896.704,,0,,,,114.370,114.370,False,nan,-9.789,31.98,188.13
1786971896.854,,0,,,,114.070,114.070,False,nan,-9.958,32.55,188.21
1786971896.854,,0,,,,114.070,114.070,False,nan,68.548,205.51,220.81
1786971896.929,,0,,,,113.930,113.930,False,nan,68.364,205.25,220.81
1786971896.929,,0,,,,113.930,113.930,False,nan,-10.143,33.15,188.26
1786971897.104,,0,,,,113.810,113.810,False,nan,68.271,205.12,220.81
1786971897.104,,0,,,,113.810,113.810,False,nan,-10.232,33.46,188.35
1786971897.179,,0,,,,113.760,113.760,False,nan,67.942,204.65,220.81
1786971897.179,,0,,,,113.760,113.760,False,nan,-10.593,34.63,188.37
1786971897.329,,0,,,,113.800,113.800,False,nan,-10.646,34.81,188.44
1786971897.329,,0,,,,113.800,113.800,False,nan,67.990,204.71,220.81
1786971897.504,,0,,,,113.920,113.920,False,nan,67.987,204.71,220.81
1786971897.504,,0,,,,113.920,113.920,False,nan,-10.864,35.54,188.55
1786971897.604,,0,,,,113.970,113.970,False,nan,68.180,204.99,220.81
1786971897.604,,0,,,,113.970,113.970,False,nan,-10.807,35.36,188.61
1786971897.704,,0,,,,114.130,114.130,False,nan,-10.757,35.21,188.66
1786971897.704,,0,,,,114.130,114.130,False,nan,68.287,205.14,220.81
1786971897.829,,0,,,,114.390,114.390,False,nan,-10.582,34.66,188.72
1786971897.829,,0,,,,114.390,114.390,False,nan,68.439,205.36,220.81
1786971897.979,,0,,,,114.860,114.860,False,nan,-10.370,33.99,188.80
1786971897.979,,0,,,,114.860,114.860,False,nan,68.555,205.52,220.81
1786971898.104,,0,,,,115.350,115.350,False,nan,68.633,205.63,220.81
1786971898.104,,0,,,,115.350,115.350,False,nan,-10.076,33.05,188.89
1786971898.304,,0,,,,115.840,115.840,False,nan,68.769,205.82,220.81
1786971898.304,,0,,,,115.840,115.840,False,nan,-9.550,31.36,189.01
1786971898.354,,0,,,,115.910,115.910,False,nan,68.830,205.91,220.81
1786971898.354,,0,,,,115.910,115.910,False,nan,-9.410,30.91,189.04
1786971898.554,,0,,,,116.040,116.040,False,nan,-9.079,29.85,189.15
1786971898.554,,0,,,,116.040,116.040,False,nan,68.851,205.94,220.81
1786971898.754,,0,,,,115.850,115.850,False,nan,68.815,205.88,220.81
1786971898.754,,0,,,,115.850,115.850,False,nan,-8.818,29.01,189.25
1786971898.904,,0,,,,115.460,115.460,False,nan,68.636,205.64,220.81
1786971898.904,,0,,,,115.460,115.460,False,nan,-8.828,29.06,189.35
1786971899.029,,0,,,,115.240,115.240,False,nan,68.487,205.42,220.81
1786971899.029,,0,,,,115.240,115.240,False,nan,-8.799,28.98,189.44
1786971899.204,,0,,,,114.920,114.920,False,nan,-9.106,29.99,189.53
1786971899.204,,0,,,,114.920,114.920,False,nan,68.051,204.80,220.81
1786971899.329,,0,,,,114.590,114.590,False,nan,-9.436,31.08,189.58
1786971899.329,,0,,,,114.590,114.590,False,nan,67.668,204.25,220.81
1786971899.454,,0,,,,114.170,114.170,False,nan,-9.512,31.34,189.67
1786971899.454,,0,,,,114.170,114.170,False,nan,67.579,204.12,220.81
1786971899.554,,0,,,,113.960,113.960,False,nan,67.617,204.17,220.81
1786971899.554,,0,,,,113.960,113.960,False,nan,-9.490,31.28,189.72
1786971899.629,,0,,,,113.850,113.850,False,nan,66.981,203.23,220.81
1786971899.629,,0,,,,113.850,113.850,False,nan,-10.131,33.38,189.79
1786971899.779,,0,,,,113.800,113.800,False,nan,66.726,202.84,220.81
1786971899.779,,0,,,,113.800,113.800,False,nan,-10.405,34.28,189.82
1786971899.854,,0,,,,113.840,113.840,False,nan,-10.362,34.15,189.89
1786971899.854,,0,,,,113.840,113.840,False,nan,66.852,203.03,220.81
1786971900.004,,0,,,,113.980,113.980,False,nan,66.827,202.99,220.81
1786971900.004,,0,,,,113.980,113.980,False,nan,-10.493,34.60,189.99
1786971900.129,,0,,,,114.090,114.090,False,nan,66.886,203.08,220.81
1786971900.129,,0,,,,114.090,114.090,False,nan,-10.513,34.68,190.05
1786971900.229,,0,,,,114.250,114.250,False,nan,66.465,202.44,220.81
1786971900.254,,0,,,,114.250,114.250,False,nan,-11.024,36.36,190.14
1786971900.379,,0,,,,114.400,114.400,False,nan,66.330,202.23,220.81
1786971900.379,,0,,,,114.400,114.400,False,nan,-11.195,36.92,190.19
1786971900.529,,0,,,,114.600,114.600,False,nan,-10.881,35.92,190.28
1786971900.529,,0,,,,114.600,114.600,False,nan,66.668,202.75,220.81
1786971900.679,,0,,,,114.800,114.800,False,nan,-10.565,34.90,190.37
1786971900.679,,0,,,,114.800,114.800,False,nan,66.873,203.06,220.81
1786971900.829,,0,,,,114.980,114.980,False,nan,-10.405,34.40,190.46
1786971900.829,,0,,,,114.980,114.980,False,nan,67.007,203.27,220.81
1786971900.904,,0,,,,115.030,115.030,False,nan,67.113,203.42,220.81
1786971900.904,,0,,,,115.030,115.030,False,nan,-10.266,33.95,190.52
1786971901.104,,0,,,,115.010,115.010,False,nan,67.184,203.53,220.81
1786971901.104,,0,,,,115.010,115.010,False,nan,-10.141,33.56,190.62
1786971901.179,,0,,,,115.020,115.020,False,nan,68.799,205.86,220.81
1786971901.179,,0,,,,115.020,115.020,False,nan,-8.499,28.18,190.65
1786971901.354,,0,,,,115.010,115.010,False,nan,-7.813,25.93,190.76
1786971901.354,,0,,,,115.010,115.010,False,nan,69.318,206.58,220.81
1786971901.479,,0,,,,114.950,114.950,False,nan,67.991,204.72,220.81
1786971901.479,,0,,,,114.950,114.950,False,nan,-9.065,30.07,190.86
1786971901.579,,0,,,,114.860,114.860,False,nan,-9.740,32.29,190.88
1786971901.579,,0,,,,114.860,114.860,False,nan,67.303,203.71,220.81
1786971901.729,,0,,,,114.790,114.790,False,nan,-9.837,32.63,190.98
1786971901.729,,0,,,,114.790,114.790,False,nan,67.159,203.49,220.81
1786971901.829,,0,,,,114.720,114.720,False,nan,-9.860,32.72,191.06
1786971901.829,,0,,,,114.720,114.720,False,nan,67.091,203.39,220.81
1786971901.954,,0,,,,114.750,114.750,False,nan,67.013,203.27,220.81
1786971901.954,,0,,,,114.750,114.750,False,nan,-9.913,32.90,191.12
1786971902.129,,0,,,,114.790,114.790,False,nan,-9.938,33.00,191.24
1786971902.129,,0,,,,114.790,114.790,False,nan,66.886,203.08,220.81
1786971902.254,,0,,,,114.870,114.870,False,nan,66.727,202.84,220.81
1786971902.254,,0,,,,114.870,114.870,False,nan,-10.043,33.36,191.29
1786971902.404,,0,,,,114.950,114.950,False,nan,66.658,202.74,220.81
1786971902.404,,0,,,,114.950,114.950,False,nan,-10.009,33.27,191.39
1786971902.529,,0,,,,114.960,114.960,False,nan,-9.894,32.90,191.45
1786971902.529,,0,,,,114.960,114.960,False,nan,66.676,202.76,220.81
1786971902.654,,0,,,,114.930,114.930,False,nan,-9.793,32.58,191.54
1786971902.654,,0,,,,114.930,114.930,False,nan,66.671,202.76,220.81
1786971902.779,,0,,,,114.850,114.850,False,nan,66.636,202.70,220.81
1786971902.779,,0,,,,114.850,114.850,False,nan,-9.767,32.50,191.60
1786971902.929,,0,,,,114.820,114.820,False,nan,66.469,202.45,220.81
1786971902.954,,0,,,,114.820,114.820,False,nan,-9.871,32.86,191.71
1786971903.054,,0,,,,114.850,114.850,False,nan,-9.930,33.07,191.78
1786971903.054,,0,,,,114.850,114.850,False,nan,66.434,202.39,220.81
1786971903.154,,0,,,,114.890,114.890,False,nan,66.412,202.36,220.81
1786971903.154,,0,,,,114.890,114.890,False,nan,-9.983,33.26,191.86
1786971903.254,,0,,,,114.880,114.880,False,nan,-10.410,34.68,191.93
1786971903.254,,0,,,,114.880,114.880,False,nan,66.007,201.73,220.81
1786971903.429,,0,,,,114.830,114.830,False,nan,66.189,202.01,220.81
1786971903.429,,0,,,,114.830,114.830,False,nan,-10.245,34.15,192.01
1786971903.554,,0,,,,114.820,114.820,False,nan,66.132,201.92,220.81
1786971903.554,,0,,,,114.820,114.820,False,nan,-10.263,34.23,192.10
1786971903.704,,0,,,,114.950,114.950,False,nan,-10.131,33.80,192.19
1786971903.704,,0,,,,114.950,114.950,False,nan,66.083,201.85,220.81
1786971903.854,,0,,,,115.110,115.110,False,nan,65.967,201.67,220.81
1786971903.854,,0,,,,115.110,115.110,False,nan,-10.124,33.80,192.27
1786971904.004,,0,,,,115.180,115.180,False,nan,65.852,201.48,220.81
1786971904.004,,0,,,,115.180,115.180,False,nan,-10.079,33.66,192.37
1786971904.154,,0,,,,115.100,115.100,False,nan,65.463,200.87,220.81
1786971904.154,,0,,,,115.100,115.100,False,nan,-10.335,34.53,192.44
1786971904.379,,0,,,,114.850,114.850,False,nan,-10.144,33.91,192.56
1786971904.379,,0,,,,114.850,114.850,False,nan,65.613,201.11,220.81
1786971904.554,,0,,,,114.480,114.480,False,nan,-10.506,35.13,192.67
1786971904.554,,0,,,,114.480,114.480,False,nan,65.293,200.59,220.81
1786971904.729,,0,,,,114.440,114.440,False,nan,65.039,200.18,220.81
1786971904.729,,0,,,,114.440,114.440,False,nan,-10.864,36.33,192.76
1786971904.779,,0,,,,114.440,114.440,False,nan,64.887,199.94,220.81
1786971904.779,,0,,,,114.440,114.440,False,nan,-11.096,37.11,192.82
1786971904.954,,0,,,,114.440,114.440,False,nan,-11.005,36.83,192.91
1786971904.954,,0,,,,114.440,114.440,False,nan,64.729,199.68,220.81
1786971905.129,,0,,,,114.980,114.980,False,nan,64.931,200.01,220.81
1786971905.129,,0,,,,114.980,114.980,False,nan,-10.615,35.55,193.00
1786971905.279,,0,,,,115.420,115.420,False,nan,64.777,199.76,220.81
1786971905.279,,0,,,,115.420,115.420,False,nan,-10.647,35.67,193.09
1786971905.354,,0,,,,115.770,115.770,False,nan,-10.556,35.38,193.15
1786971905.354,,0,,,,115.770,115.770,False,nan,64.659,199.56,220.81
1786971905.479,,0,,,,116.030,116.030,False,nan,-10.177,34.14,193.24
1786971905.479,,0,,,,116.030,116.030,False,nan,64.822,199.83,220.81
1786971905.604,,0,,,,116.380,116.380,False,nan,64.626,199.51,220.81
1786971905.629,,0,,,,116.380,116.380,False,nan,-9.965,33.46,193.35
1786971905.804,,0,,,,116.430,116.430,False,nan,-9.695,32.59,193.49
1786971905.804,,0,,,,116.430,116.430,False,nan,64.546,199.37,220.81
1786971905.929,,0,,,,116.320,116.320,False,nan,64.741,199.70,220.81
1786971905.929,,0,,,,116.320,116.320,False,nan,-9.250,31.11,193.56
1786971906.104,,0,,,,116.090,116.090,False,nan,64.323,199.00,220.81
1786971906.104,,0,,,,116.090,116.090,False,nan,-9.173,30.88,193.70
1786971906.229,,0,,,,115.940,115.940,False,nan,63.906,198.30,220.81
1786971906.229,,0,,,,115.940,115.940,False,nan,-9.398,31.64,193.77
1786971906.379,,0,,,,115.720,115.720,False,nan,-9.560,32.20,193.86
1786971906.379,,0,,,,115.720,115.720,False,nan,63.525,197.65,220.81
1786971906.554,,0,,,,115.330,115.330,False,nan,63.116,196.94,220.81
1786971906.554,,0,,,,115.330,115.330,False,nan,-9.796,33.01,193.99
1786971906.654,,0,,,,115.040,115.040,False,nan,-10.119,34.10,194.07
1786971906.654,,0,,,,115.040,115.040,False,nan,62.815,196.42,220.81
1786971906.754,,0,,,,114.780,114.780,False,nan,62.266,195.44,220.81
1786971906.754,,0,,,,114.780,114.780,False,nan,-10.606,35.73,194.12
1786971906.854,,0,,,,114.600,114.600,False,nan,62.257,195.42,220.81
1786971906.879,,0,,,,114.600,114.600,False,nan,-10.576,35.64,194.20
1786971906.979,,0,,,,114.360,114.360,False,nan,-10.794,36.38,194.26
1786971906.979,,0,,,,114.360,114.360,False,nan,62.068,195.08,220.81
1786971907.079,,0,,,,114.120,114.120,False,nan,-11.280,38.01,194.32
1786971907.079,,0,,,,114.120,114.120,False,nan,61.645,194.32,220.81
1786971907.154,,0,,,,113.930,113.930,False,nan,61.460,193.98,220.81
1786971907.154,,0,,,,113.930,113.930,False,nan,-11.484,38.70,194.38
1786971907.354,,0,,,,113.720,113.720,False,nan,-11.854,39.95,194.49
1786971907.354,,0,,,,113.720,113.720,False,nan,61.210,193.51,220.81
1786971907.505,,0,,,,113.650,113.650,False,nan,61.057,193.23,220.81
1786971907.505,,0,,,,113.650,113.650,False,nan,-12.081,40.72,194.59
1786971907.604,,0,,,,113.700,113.700,False,nan,61.059,193.23,220.81
1786971907.604,,0,,,,113.700,113.700,False,nan,-12.133,40.91,194.65
1786971907.729,,0,,,,113.820,113.820,False,nan,61.043,193.20,220.81
1786971907.729,,0,,,,113.820,113.820,False,nan,-12.193,41.12,194.70
1786971907.854,,0,,,,114.090,114.090,False,nan,-12.255,41.35,194.79
1786971907.854,,0,,,,114.090,114.090,False,nan,61.074,193.26,220.81
1786971907.954,,0,,,,114.280,114.280,False,nan,-12.243,41.32,194.84
1786971907.954,,0,,,,114.280,114.280,False,nan,61.133,193.37,220.81
1786971908.079,,0,,,,114.530,114.530,False,nan,61.193,193.48,220.81
1786971908.079,,0,,,,114.530,114.530,False,nan,-12.192,41.17,194.92
1786971908.179,,0,,,,114.840,114.840,False,nan,-12.040,40.67,194.97
1786971908.179,,0,,,,114.840,114.840,False,nan,61.306,193.69,220.81
1786971908.304,,0,,,,115.280,115.280,False,nan,61.451,193.96,220.81
1786971908.304,,0,,,,115.280,115.280,False,nan,-11.849,40.06,195.08
1786971908.429,,0,,,,115.640,115.640,False,nan,61.626,194.28,220.81
1786971908.429,,0,,,,115.640,115.640,False,nan,-11.496,38.90,195.19
1786971908.579,,0,,,,115.860,115.860,False,nan,61.692,194.40,220.81
1786971908.579,,0,,,,115.860,115.860,False,nan,-11.310,38.29,195.25
1786971908.729,,0,,,,116.010,116.010,False,nan,-10.952,37.12,195.37
1786971908.729,,0,,,,116.010,116.010,False,nan,61.841,194.67,220.81
1786971908.829,,0,,,,116.050,116.050,False,nan,62.122,195.18,220.81
1786971908.829,,0,,,,116.050,116.050,False,nan,-10.507,35.64,195.44
1786971909.004,,0,,,,115.970,115.970,False,nan,61.862,194.71,220.81
1786971909.004,,0,,,,115.970,115.970,False,nan,-10.498,35.63,195.58
1786971909.079,,0,,,,115.850,115.850,False,nan,61.734,194.48,220.81
1786971909.079,,0,,,,115.850,115.850,False,nan,-10.505,35.67,195.65
1786971909.204,,0,,,,115.670,115.670,False,nan,61.457,193.97,220.81
1786971909.204,,0,,,,115.670,115.670,False,nan,-10.704,36.35,195.73
1786971909.354,,0,,,,115.420,115.420,False,nan,61.301,193.68,220.81
1786971909.354,,0,,,,115.420,115.420,False,nan,-10.679,36.29,195.81
1786971909.454,,0,,,,115.290,115.290,False,nan,61.060,193.23,220.81
1786971909.454,,0,,,,115.290,115.290,False,nan,-10.831,36.81,195.90
1786971909.579,,0,,,,115.130,115.130,False,nan,-10.983,37.34,196.00
1786971909.579,,0,,,,115.130,115.130,False,nan,60.798,192.74,220.81
1786971909.704,,0,,,,115.050,115.050,False,nan,60.778,192.71,220.81
1786971909.704,,0,,,,115.050,115.050,False,nan,-10.958,37.27,196.06
1786971909.854,,0,,,,114.890,114.890,False,nan,60.446,192.08,220.81
1786971909.854,,0,,,,114.890,114.890,False,nan,-11.289,38.40,196.16
1786971909.979,,0,,,,114.730,114.730,False,nan,-11.587,39.41,196.22
1786971910.004,,0,,,,114.730,114.730,False,nan,60.116,191.45,220.81
1786971910.129,,0,,,,114.640,114.640,False,nan,60.046,191.31,220.81
1786971910.129,,0,,,,114.640,114.640,False,nan,-11.570,39.38,196.32
1786971910.279,,0,,,,114.470,114.470,False,nan,-11.582,39.43,196.42
1786971910.279,,0,,,,114.470,114.470,False,nan,59.969,191.17,220.81
1786971910.529,,0,,,,114.220,114.220,False,nan,59.839,190.91,220.81
1786971910.529,,0,,,,114.220,114.220,False,nan,-11.716,39.92,196.61
1786971910.654,,0,,,,114.040,114.040,False,nan,59.505,190.26,220.81
1786971910.654,,0,,,,114.040,114.040,False,nan,-12.089,41.19,196.70
1786971910.779,,0,,,,113.920,113.920,False,nan,59.382,190.02,220.81
1786971910.779,,0,,,,113.920,113.920,False,nan,-12.239,41.72,196.80
1786971910.954,,0,,,,114.030,114.030,False,nan,59.326,189.91,220.81
1786971910.954,,0,,,,114.030,114.030,False,nan,-12.361,42.15,196.89
1786971911.054,,0,,,,114.150,114.150,False,nan,59.305,189.87,220.81
1786971911.054,,0,,,,114.150,114.150,False,nan,-12.379,42.22,196.96
1786971911.179,,0,,,,114.360,114.360,False,nan,-12.363,42.19,197.05
1786971911.179,,0,,,,114.360,114.360,False,nan,59.294,189.85,220.81
1786971911.354,,0,,,,114.700,114.700,False,nan,-11.954,40.84,197.15
1786971911.354,,0,,,,114.700,114.700,False,nan,59.640,190.53,220.81
1786971911.479,,0,,,,114.890,114.890,False,nan,59.884,191.00,220.81
1786971911.479,,0,,,,114.890,114.890,False,nan,-11.711,40.03,197.21
1786971911.629,,0,,,,115.250,115.250,False,nan,59.973,191.17,220.81
1786971911.629,,0,,,,115.250,115.250,False,nan,-11.559,39.54,197.33
1786971911.754,,0,,,,115.610,115.610,False,nan,60.104,191.43,220.81
1786971911.754,,0,,,,115.610,115.610,False,nan,-11.302,38.69,197.42
1786971911.854,,0,,,,115.750,115.750,False,nan,-11.038,37.82,197.51
1786971911.854,,0,,,,115.750,115.750,False,nan,60.116,191.45,220.81
1786971911.979,,0,,,,115.820,115.820,False,nan,59.817,190.87,220.81
1786971911.979,,0,,,,115.820,115.820,False,nan,-11.281,38.65,197.56
1786971912.079,,0,,,,115.740,115.740,False,nan,59.955,191.14,220.81
1786971912.079,,0,,,,115.740,115.740,False,nan,-10.941,37.51,197.65
1786971912.204,,0,,,,115.430,115.430,False,nan,59.674,190.59,220.81
1786971912.204,,0,,,,115.430,115.430,False,nan,-11.091,38.04,197.76
1786971912.404,,0,,,,114.740,114.740,False,nan,-11.222,38.51,197.90
1786971912.404,,0,,,,114.740,114.740,False,nan,59.434,190.12,220.81
1786971912.529,,0,,,,114.220,114.220,False,nan,59.610,190.47,220.81
1786971912.529,,0,,,,114.220,114.220,False,nan,-10.984,37.72,197.96
1786971912.654,,0,,,,103.720,103.720,False,nan,-8.726,30.04,198.05
1786971912.654,,0,,,,103.720,103.720,False,nan,59.069,189.41,220.81
1786971912.779,,0,,,,82.460,82.460,False,nan,10.460,35.97,198.16
1786971912.779,,0,,,,82.460,82.460,False,nan,59.123,189.51,220.81
1786971912.929,,0,,,,63.260,61.531,True,0.860,23.504,79.05,198.22
1786971912.929,,0,,,,63.260,61.531,True,0.860,58.612,188.49,220.81
1786971913.029,,0,,,,45.170,45.251,True,0.860,41.899,132.44,198.32
1786971913.029,,0,,,,45.170,45.251,True,0.860,58.306,187.88,220.81
1786971913.179,,0,,,,12.250,10.474,True,0.457,59.759,171.39,198.38
1786971913.179,,0,,,,12.250,10.474,True,0.457,58.153,187.57,220.81
1786971916.229,,0,,,,-45.840,-42.978,True,0.776,60.907,192.95,220.81
1786971916.229,,0,,,,-45.840,-42.978,True,0.776,150.843,97.74,200.61
1786971916.829,,0,,,,-44.760,-42.090,True,0.776,61.426,193.91,220.81
1786971916.829,,0,,,,-44.760,-42.090,True,0.776,151.155,96.99,201.05
1786971916.929,,0,,,,-44.340,-41.745,True,0.776,151.341,96.45,201.10
1786971916.929,,0,,,,-44.340,-41.745,True,0.776,61.657,194.34,220.81
1786971917.304,,0,,,,-43.750,-41.260,True,0.776,62.176,195.28,220.81
1786971917.304,,0,,,,-43.750,-41.260,True,0.776,151.733,95.39,201.42
1786971917.404,,0,,,,-43.910,-41.391,True,0.776,151.910,94.88,201.50
1786971917.404,,0,,,,-43.910,-41.391,True,0.776,62.227,195.37,220.81
1786971917.579,,0,,,,-44.250,-41.671,True,0.776,62.267,195.44,220.81
1786971917.579,,0,,,,-44.250,-41.671,True,0.776,152.225,93.95,201.61
1786971917.804,,0,,,,-45.130,-42.394,True,0.776,62.210,195.34,220.81
1786971917.804,,0,,,,-45.130,-42.394,True,0.776,152.592,92.89,201.80
1786971918.179,,0,,,,-45.810,-42.953,True,0.776,152.555,93.12,202.03
1786971918.179,,0,,,,-45.810,-42.953,True,0.776,61.771,194.55,220.81
1786971918.304,,0,,,,-46.060,-43.159,True,0.776,152.599,93.04,202.16
1786971918.329,,0,,,,-46.060,-43.159,True,0.776,61.805,194.61,220.81
1786971918.654,,0,,,,-46.150,-43.233,True,0.776,62.062,195.07,220.81
1786971918.654,,0,,,,-46.150,-43.233,True,0.776,152.451,93.61,202.40
1786971918.779,,0,,,,-46.090,-43.183,True,0.776,62.135,195.20,220.81
1786971918.779,,0,,,,-46.090,-43.183,True,0.776,152.451,93.64,202.47
1786971918.904,,0,,,,-45.920,-43.043,True,0.776,152.550,93.38,202.58
1786971918.904,,0,,,,-45.920,-43.043,True,0.776,62.342,195.58,220.81
1786971919.004,,0,,,,-45.860,-42.994,True,0.776,62.518,195.89,220.81
1786971919.004,,0,,,,-45.860,-42.994,True,0.776,152.627,93.17,202.64
1786971919.104,,0,,,,-45.810,-42.953,True,0.776,62.595,196.03,220.81
1786971919.104,,0,,,,-45.810,-42.953,True,0.776,152.656,93.10,202.70
1786971921.204,,0,,,,-44.730,-42.065,True,0.776,65.351,200.69,220.81
1786971921.204,,0,,,,-44.730,-42.065,True,0.776,155.207,85.64,204.22
1786971921.379,,0,,,,-44.870,-42.180,True,0.776,65.217,200.47,220.81
1786971921.379,,0,,,,-44.870,-42.180,True,0.776,155.129,85.93,204.32
1786971921.529,,0,,,,-45.070,-42.345,True,0.776,65.194,200.43,220.81
1786971921.529,,0,,,,-45.070,-42.345,True,0.776,155.160,85.88,204.44
1786971922.629,,0,,,,-45.440,-42.649,True,0.776,155.941,83.66,205.20
1786971922.629,,0,,,,-45.440,-42.649,True,0.776,65.773,201.36,220.81
1786971922.704,,0,,,,-45.180,-42.435,True,0.776,156.056,83.31,205.28
1786971922.704,,0,,,,-45.180,-42.435,True,0.776,65.962,201.66,220.81
1786971922.829,,0,,,,-44.730,-42.065,True,0.776,156.104,83.20,205.39
1786971922.829,,0,,,,-44.730,-42.065,True,0.776,66.152,201.96,220.81
1786971922.929,,0,,,,-44.450,-41.835,True,0.776,156.259,82.72,205.46
1786971922.929,,0,,,,-44.450,-41.835,True,0.776,66.348,202.26,220.81
1786971923.429,,0,,,,-44.140,-41.580,True,0.776,66.885,203.08,220.81
1786971923.429,,0,,,,-44.140,-41.580,True,0.776,156.909,80.71,205.78
1786971931.604,,0,,,,-45.790,-42.937,True,0.776,164.147,57.75,211.41
1786971931.604,,0,,,,-45.790,-42.937,True,0.776,78.010,215.99,220.81
1786971931.854,,0,,,,-45.680,-42.846,True,0.776,78.418,216.31,220.81
1786971931.854,,0,,,,-45.680,-42.846,True,0.776,164.452,56.71,211.57
1786971933.328,,0,,,,-46.350,-43.397,True,0.776,80.603,217.84,220.81
1786971933.328,,0,,,,-46.350,-43.397,True,0.776,165.599,52.84,212.45
1786971933.404,,0,,,,-46.350,-43.397,True,0.776,80.765,217.95,220.81
1786971933.404,,0,,,,-46.350,-43.397,True,0.776,165.692,52.51,212.49
1786971933.504,,0,,,,-46.180,-43.257,True,0.776,81.027,218.11,220.81
1786971933.504,,0,,,,-46.180,-43.257,True,0.776,165.886,51.83,212.54
1786971933.628,,0,,,,-46.040,-43.142,True,0.776,165.811,52.11,212.60
1786971933.628,,0,,,,-46.040,-43.142,True,0.776,81.208,218.21,220.81
1786971934.128,,0,,,,-45.280,-42.517,True,0.776,82.237,218.78,220.81
1786971934.128,,0,,,,-45.280,-42.517,True,0.776,166.403,50.06,212.94
1786971934.378,,0,,,,-45.100,-42.370,True,0.776,166.927,48.19,213.07
1786971934.378,,0,,,,-45.100,-42.370,True,0.776,82.846,219.09,220.81
1786971934.704,,0,,,,-44.920,-42.222,True,0.776,167.419,46.46,213.29
1786971934.704,,0,,,,-44.920,-42.222,True,0.776,83.378,219.33,220.81
1786971935.928,,0,,,,-46.400,-43.438,True,0.776,168.426,42.94,214.00
1786971935.928,,0,,,,-46.400,-43.438,True,0.776,84.402,219.75,220.81
1786971951.828,,0,,,,-56.300,-51.747,True,0.622,139.535,144.63,222.86
1786971951.828,,0,,,,-56.300,-51.747,True,0.622,51.404,172.58,220.81
1786971951.928,,0,,,,-56.360,-51.797,True,0.621,139.393,145.09,222.91
1786971951.928,,0,,,,-56.360,-51.797,True,0.621,51.353,172.45,220.81
1786971952.028,,0,,,,-56.390,-51.823,True,0.620,139.302,145.40,222.98
1786971952.028,,0,,,,-56.390,-51.823,True,0.620,51.406,172.58,220.81
1786971952.178,,0,,,,-56.300,-51.747,True,0.622,139.255,145.57,223.03
1786971952.178,,0,,,,-56.300,-51.747,True,0.622,51.427,172.63,220.81
1786971952.803,,0,,,,-62.420,-57.512,True,0.583,52.833,175.96,220.81
1786971952.803,,0,,,,-62.420,-57.512,True,0.583,145.556,126.32,223.34
1786971953.003,,0,,,,-63.020,-58.223,True,0.600,53.117,176.61,220.81
1786971953.003,,0,,,,-63.020,-58.223,True,0.600,148.080,118.14,223.44
1786971953.078,,0,,,,-63.130,-58.353,True,0.603,53.313,177.07,220.81
1786971953.078,,0,,,,-63.130,-58.353,True,0.603,148.364,117.20,223.45
1786971958.528,,0,,,,-65.200,-60.803,True,0.663,173.216,26.77,226.57
1786971958.528,,0,,,,-65.200,-60.803,True,0.663,72.291,210.34,220.81
1786971961.503,,0,,,,-64.420,-59.880,True,0.640,176.856,12.52,228.30
1786971961.503,,0,,,,-64.420,-59.880,True,0.640,74.229,212.50,220.81
1786971963.628,,0,,,,-63.910,-59.276,True,0.626,75.501,213.78,220.81
1786971963.628,,0,,,,-63.910,-59.276,True,0.626,179.425,2.31,229.61
1786971963.728,,0,,,,-63.900,-59.264,True,0.625,75.617,213.89,220.81
1786971963.728,,0,,,,-63.890,-59.252,True,0.625,179.680,1.28,229.67
1786971964.053,,0,,,,-63.840,-59.193,True,0.624,-179.932,0.27,229.91
1786971964.053,,0,,,,-63.840,-59.193,True,0.624,75.600,213.87,220.81
1786971964.153,,0,,,,-63.890,-59.252,True,0.625,-179.853,0.59,229.98
1786971964.153,,0,,,,-63.890,-59.252,True,0.625,75.531,213.80,220.81
1786971964.328,,0,,,,-64.020,-59.406,True,0.629,75.205,213.49,220.81
1786971964.328,,0,,,,-64.020,-59.406,True,0.629,-179.849,0.60,230.10
1786971965.228,,0,,,,-65.420,-61.063,True,0.669,-179.968,0.13,230.70
1786971965.228,,0,,,,-65.420,-61.063,True,0.669,74.848,213.13,220.81
1786971965.353,,0,,,,-65.610,-61.288,True,0.675,74.920,213.20,220.81
1786971965.378,,0,,,,-65.610,-61.288,True,0.675,-179.883,0.47,230.77
1786971968.878,,0,,,,-64.330,-59.773,True,0.638,159.935,80.03,233.27
1786971968.878,,0,,,,-64.330,-59.773,True,0.638,51.064,171.75,220.81
1786971981.053,,0,,,,-63.940,-59.312,True,0.626,-161.571,76.97,243.48
1786971981.053,,0,,,,-63.940,-59.312,True,0.626,79.428,217.06,220.81
1786971989.453,,0,,,,-65.000,-60.566,True,0.657,83.631,219.44,220.81
1786971989.453,,0,,,,-65.000,-60.566,True,0.657,-152.316,116.90,251.62
1786971989.878,,0,,,,-65.020,-60.590,True,0.658,84.278,219.71,220.81
1786971989.878,,0,,,,-65.000,-60.566,True,0.657,-151.677,119.57,252.02
1786971991.452,,0,,,,-65.280,-60.898,True,0.665,-150.016,126.75,253.63
1786971991.452,,0,,,,-65.280,-60.898,True,0.665,85.494,220.13,220.81
1786971997.652,,0,,,,-34.820,-34.139,True,0.711,152.052,121.81,259.92
1786971997.652,,0,,,,-34.820,-34.139,True,0.711,54.241,179.18,220.81
1786971997.752,,0,,,,-34.970,-34.247,True,0.715,54.204,179.10,220.81
1786971997.752,,0,,,,-34.970,-34.247,True,0.715,152.158,121.45,260.04
1786971997.902,,0,,,,-35.080,-34.326,True,0.719,152.300,120.95,260.19
1786971997.902,,0,,,,-35.080,-34.326,True,0.719,54.224,179.14,220.81
1786971998.027,,0,,,,-35.160,-34.384,True,0.721,152.197,121.41,260.30
1786971998.027,,0,,,,-35.160,-34.384,True,0.721,54.190,179.07,220.81
1786971998.177,,0,,,,-35.080,-34.326,True,0.719,54.148,178.97,220.81
1786971998.177,,0,,,,-35.080,-34.326,True,0.719,152.169,121.59,260.43
1786971998.327,,0,,,,-34.830,-34.146,True,0.711,54.139,178.95,220.81
1786971998.327,,0,,,,-34.830,-34.146,True,0.711,152.145,121.77,260.61
1786971998.452,,0,,,,-34.660,-34.023,True,0.706,54.154,178.99,220.81
1786971998.452,,0,,,,-34.660,-34.023,True,0.706,152.140,121.86,260.77
1786971998.502,,0,,,,-34.600,-33.980,True,0.705,54.153,178.98,220.81
1786971998.502,,0,,,,-34.600,-33.980,True,0.705,152.118,121.97,260.82
1786971998.627,,0,,,,-34.460,-33.879,True,0.700,54.156,178.99,220.81
1786971998.627,,0,,,,-34.460,-33.879,True,0.700,152.107,122.07,260.93
1786971998.752,,0,,,,-34.350,-33.799,True,0.697,54.202,179.09,220.81
1786971998.752,,0,,,,-34.350,-33.799,True,0.697,152.145,121.99,261.08
1786971998.902,,0,,,,-34.310,-33.771,True,0.696,152.162,122.00,261.25
1786971998.902,,0,,,,-34.310,-33.771,True,0.696,54.185,179.06,220.81
1786971999.027,,0,,,,-34.510,-33.915,True,0.702,54.208,179.11,220.81
1786971999.027,,0,,,,-34.510,-33.915,True,0.702,152.199,121.89,261.35
1786971999.152,,0,,,,-34.670,-34.030,True,0.707,54.154,178.98,220.81
1786971999.152,,0,,,,-34.670,-34.030,True,0.707,152.306,121.53,261.49
1786971999.377,,0,,,,-35.020,-34.283,True,0.717,152.453,121.03,261.70
1786971999.377,,0,,,,-35.020,-34.283,True,0.717,54.145,178.97,220.81
1786971999.502,,0,,,,-35.170,-34.391,True,0.721,152.515,120.87,261.89
1786971999.502,,0,,,,-35.170,-34.391,True,0.721,54.115,178.90,220.81
1786971999.602,,0,,,,-35.230,-34.435,True,0.723,152.533,120.84,261.99
1786971999.602,,0,,,,-35.230,-34.435,True,0.723,54.051,178.75,220.81
1786971999.702,,0,,,,-35.280,-34.471,True,0.725,54.064,178.78,220.81
1786971999.702,,0,,,,-35.280,-34.471,True,0.725,152.581,120.69,262.09
1786971999.827,,0,,,,-35.330,-34.507,True,0.726,152.663,120.41,262.21
1786971999.827,,0,,,,-35.330,-34.507,True,0.726,54.120,178.91,220.81
1786972000.052,,0,,,,-35.390,-34.550,True,0.728,152.761,120.13,262.46
1786972000.052,,0,,,,-35.390,-34.550,True,0.728,54.183,179.05,220.81
1786972000.152,,0,,,,-35.350,-34.521,True,0.727,54.229,179.15,220.81
1786972000.152,,0,,,,-35.350,-34.521,True,0.727,152.774,120.12,262.57
1786972000.227,,0,,,,-35.300,-34.485,True,0.725,54.315,179.35,220.81
1786972000.227,,0,,,,-35.300,-34.485,True,0.725,152.794,120.08,262.65
1786972000.452,,0,,,,-35.210,-34.420,True,0.723,152.674,120.66,262.85
1786972000.452,,0,,,,-35.210,-34.420,True,0.723,54.330,179.38,220.81
1786972000.627,,0,,,,-35.170,-34.391,True,0.721,54.508,179.78,220.81
1786972000.627,,0,,,,-35.170,-34.391,True,0.721,152.749,120.44,263.04
1786972000.727,,0,,,,-35.200,-34.413,True,0.722,54.637,180.07,220.81
1786972000.727,,0,,,,-35.200,-34.413,True,0.722,152.786,120.33,263.13
1786972000.902,,0,,,,-35.280,-34.471,True,0.725,152.848,120.17,263.33
1786972000.902,,0,,,,-35.280,-34.471,True,0.725,54.675,180.15,220.81
1786972001.027,,0,,,,-35.280,-34.471,True,0.725,152.987,119.65,263.43
1786972001.027,,0,,,,-35.280,-34.471,True,0.725,54.800,180.43,220.81
1786972001.152,,0,,,,-35.200,-34.413,True,0.722,54.860,180.56,220.81
1786972001.152,,0,,,,-35.200,-34.413,True,0.722,153.025,119.56,263.58
1786972001.302,,0,,,,-34.940,-34.225,True,0.715,55.043,180.97,220.81
1786972001.302,,0,,,,-34.940,-34.225,True,0.715,153.197,118.93,263.74
1786972001.427,,0,,,,-34.640,-34.009,True,0.706,54.999,180.87,220.81
1786972001.427,,0,,,,-34.640,-34.009,True,0.706,153.072,119.48,263.84
1786972001.652,,0,,,,-33.940,-33.504,True,0.685,55.128,181.16,220.81
1786972001.652,,0,,,,-33.940,-33.504,True,0.685,153.094,119.50,264.08
1786972001.752,,0,,,,-33.760,-33.374,True,0.680,55.103,181.10,220.81
1786972001.752,,0,,,,-33.760,-33.374,True,0.680,153.097,119.54,264.19
1786972001.877,,0,,,,-33.560,-33.229,True,0.674,153.117,119.51,264.30
1786972001.877,,0,,,,-33.560,-33.229,True,0.674,55.105,181.11,220.81
1786972002.202,,0,,,,-33.410,-33.121,True,0.670,55.171,181.25,220.81
1786972002.202,,0,,,,-33.410,-33.121,True,0.670,153.836,116.72,264.71
1786972002.802,,0,,,,-33.970,-33.525,True,0.686,54.500,179.76,220.81
1786972002.802,,0,,,,-33.970,-33.525,True,0.686,154.372,114.79,265.39
1786972002.902,,0,,,,-34.070,-33.597,True,0.689,54.566,179.91,220.81
1786972002.902,,0,,,,-34.070,-33.597,True,0.689,154.550,114.10,265.51
1786972002.977,,0,,,,-34.270,-33.742,True,0.695,54.546,179.87,220.81
1786972002.977,,0,,,,-34.270,-33.742,True,0.695,154.577,114.01,265.56
1786972003.102,,0,,,,-34.510,-33.915,True,0.702,54.583,179.95,220.81
1786972003.102,,0,,,,-34.510,-33.915,True,0.702,154.822,113.05,265.73
1786972003.302,,0,,,,-34.950,-34.232,True,0.715,54.337,179.40,220.81
1786972003.302,,0,,,,-34.950,-34.232,True,0.715,154.847,113.04,265.94
1786972003.402,,0,,,,-35.120,-34.355,True,0.720,54.402,179.54,220.81
1786972003.402,,0,,,,-35.120,-34.355,True,0.720,155.031,112.31,266.05
1786972003.552,,0,,,,-35.270,-34.463,True,0.724,155.195,111.68,266.21
1786972003.552,,0,,,,-35.270,-34.463,True,0.724,54.389,179.51,220.81
1786972003.727,,0,,,,-35.360,-34.528,True,0.727,155.204,111.73,266.42
1786972003.727,,0,,,,-35.360,-34.528,True,0.727,54.349,179.42,220.81
1786972003.827,,0,,,,-35.430,-34.579,True,0.729,54.349,179.43,220.81
1786972003.827,,0,,,,-35.430,-34.579,True,0.729,155.185,111.83,266.47
1786972004.002,,0,,,,-35.480,-34.615,True,0.731,155.145,112.09,266.68
1786972004.002,,0,,,,-35.480,-34.615,True,0.731,54.354,179.44,220.81
1786972004.102,,0,,,,-35.480,-34.615,True,0.731,54.406,179.55,220.81
1786972004.102,,0,,,,-35.480,-34.615,True,0.731,155.133,112.19,266.78
1786972004.202,,0,,,,-35.480,-34.615,True,0.731,54.414,179.57,220.81
1786972004.227,,0,,,,-35.480,-34.615,True,0.731,155.044,112.60,266.88
1786972004.352,,0,,,,-35.400,-34.557,True,0.728,54.437,179.62,220.81
1786972004.352,,0,,,,-35.400,-34.557,True,0.728,154.960,113.01,267.01
1786972004.502,,0,,,,-35.200,-34.413,True,0.722,154.899,113.34,267.18
1786972004.502,,0,,,,-35.200,-34.413,True,0.722,54.477,179.71,220.81
1786972004.902,,0,,,,-33.980,-33.532,True,0.686,155.083,112.75,267.62
1786972004.902,,0,,,,-33.980,-33.532,True,0.686,54.819,180.47,220.81
1786972005.227,,0,,,,-33.440,-33.143,True,0.671,155.385,111.63,268.01
1786972005.227,,0,,,,-33.440,-33.143,True,0.671,54.883,180.61,220.81
1786972005.352,,0,,,,-33.500,-33.186,True,0.672,155.472,111.31,268.13
1786972005.352,,0,,,,-33.500,-33.186,True,0.672,54.835,180.51,220.81
1786972005.477,,0,,,,-33.710,-33.338,True,0.679,54.801,180.43,220.81
1786972005.477,,0,,,,-33.710,-33.338,True,0.679,155.551,111.01,268.22
1786972005.677,,0,,,,-34.220,-33.706,True,0.693,155.732,110.33,268.45
1786972005.677,,0,,,,-34.220,-33.706,True,0.693,54.652,180.10,220.81
1786972006.177,,0,,,,-35.790,-34.839,True,0.740,155.827,110.16,269.02
1786972006.177,,0,,,,-35.790,-34.839,True,0.740,54.115,178.90,220.81
1786972006.352,,0,,,,-35.840,-34.875,True,0.741,155.730,110.67,269.24
1786972006.352,,0,,,,-35.840,-34.875,True,0.741,54.041,178.73,220.81
1786972006.777,,0,,,,-35.630,-34.723,True,0.735,54.194,179.08,220.81
1786972006.777,,0,,,,-35.630,-34.723,True,0.735,155.627,111.28,269.66
1786972007.802,,0,,,,-34.650,-34.016,True,0.706,155.819,110.92,270.78
1786972007.802,,0,,,,-34.650,-34.016,True,0.706,55.027,180.93,220.81
1786972007.927,,0,,,,-34.490,-33.900,True,0.701,155.787,111.10,270.89
1786972007.927,,0,,,,-34.490,-33.900,True,0.701,54.994,180.86,220.81
1786972008.027,,0,,,,-34.340,-33.792,True,0.697,155.848,110.88,270.99
1786972008.027,,0,,,,-34.340,-33.792,True,0.697,55.000,180.88,220.81
1786972008.652,,0,,,,-33.130,-32.919,True,0.662,156.402,108.78,271.74
1786972008.652,,0,,,,-33.130,-32.919,True,0.662,55.002,180.88,220.81
1786972008.752,,0,,,,-33.190,-32.962,True,0.663,54.919,180.70,220.81
1786972008.752,,0,,,,-33.190,-32.962,True,0.663,156.522,108.30,271.85
1786972009.452,,0,,,,-35.190,-34.406,True,0.722,53.997,178.63,220.81
1786972009.452,,0,,,,-35.190,-34.406,True,0.722,157.093,106.11,272.62
1786972009.627,,0,,,,-35.760,-34.817,True,0.739,53.827,178.24,220.81
1786972009.627,,0,,,,-35.760,-34.817,True,0.739,157.147,105.95,272.81
1786972009.727,,0,,,,-36.040,-35.019,True,0.747,53.736,178.04,220.81
1786972009.727,,0,,,,-36.040,-35.019,True,0.747,157.075,106.31,272.92
1786972010.202,,0,,,,-36.240,-35.163,True,0.753,53.637,177.81,220.81
1786972010.202,,0,,,,-36.240,-35.163,True,0.753,156.561,108.77,273.46
1786972010.502,,0,,,,-36.100,-35.062,True,0.749,156.617,108.66,273.77
1786972010.502,,0,,,,-36.100,-35.062,True,0.749,53.957,178.54,220.81
1786972010.727,,0,,,,-35.190,-34.406,True,0.722,156.465,109.40,273.98
1786972010.727,,0,,,,-35.190,-34.406,True,0.722,54.188,179.06,220.81
1786972010.827,,0,,,,-34.760,-34.095,True,0.709,156.234,110.48,274.13
1786972010.827,,0,,,,-34.760,-34.095,True,0.709,54.193,179.07,220.81
1786972011.102,,0,,,,-34.150,-33.655,True,0.691,54.458,179.67,220.81
1786972011.102,,0,,,,-34.150,-33.655,True,0.691,156.492,109.47,274.44
1786972011.227,,0,,,,-34.080,-33.605,True,0.689,54.556,179.89,220.81
1786972011.227,,0,,,,-34.080,-33.605,True,0.689,156.679,108.71,274.61
1786972011.377,,0,,,,-34.160,-33.662,True,0.692,156.762,108.39,274.72
1786972011.377,,0,,,,-34.160,-33.662,True,0.692,54.557,179.89,220.81
1786972011.527,,0,,,,-34.390,-33.828,True,0.698,156.926,107.74,274.90
1786972011.527,,0,,,,-34.390,-33.828,True,0.698,54.569,179.92,220.81
1786972012.077,,0,,,,-34.880,-34.182,True,0.713,157.163,106.92,275.48
1786972012.077,,0,,,,-34.880,-34.182,True,0.713,54.323,179.37,220.81
1786972012.177,,0,,,,-34.830,-34.146,True,0.711,157.151,107.01,275.58
1786972012.177,,0,,,,-34.830,-34.146,True,0.711,54.302,179.32,220.81
1786972012.302,,0,,,,-34.590,-33.973,True,0.704,54.243,179.19,220.81
1786972012.302,,0,,,,-34.590,-33.973,True,0.704,157.065,107.47,275.78
1786972012.377,,0,,,,-34.470,-33.886,True,0.701,54.287,179.28,220.81
1786972012.377,,0,,,,-34.470,-33.886,True,0.701,157.099,107.35,275.88
1786972012.577,,0,,,,-34.340,-33.792,True,0.697,54.297,179.31,220.81
1786972012.577,,0,,,,-34.340,-33.792,True,0.697,157.075,107.52,276.02
1786972017.952,,0,,,,-34.510,-33.915,True,0.702,64.504,199.30,220.81
1786972017.952,,0,,,,-34.510,-33.915,True,0.702,169.107,53.28,281.97
1786972021.452,,0,,,,-34.470,-33.886,True,0.701,157.585,108.96,285.76
1786972021.477,,0,,,,-34.470,-33.886,True,0.701,53.303,177.05,220.81
1786972025.627,,0,,,,-36.000,-34.990,True,0.746,172.115,39.80,290.09
1786972025.627,,0,,,,-36.000,-34.990,True,0.746,68.864,205.95,220.81
1786972029.852,,0,,,,-36.070,-35.041,True,0.748,175.942,20.83,294.27
1786972029.852,,0,,,,-36.070,-35.041,True,0.748,77.152,215.28,220.81
1786972032.602,,0,,,,-36.020,-35.005,True,0.747,80.580,217.83,220.81
1786972032.602,,0,,,,-36.020,-35.005,True,0.747,176.454,18.36,296.88
1786972032.852,,0,,,,-35.860,-34.889,True,0.742,81.792,218.55,220.81
1786972032.852,,0,,,,-35.860,-34.889,True,0.742,177.393,13.51,297.10
1786972033.627,,0,,,,-35.890,-34.911,True,0.743,83.664,219.46,220.81
1786972033.627,,0,,,,-35.890,-34.911,True,0.743,178.731,6.60,297.85
1786972033.752,,0,,,,-35.970,-34.969,True,0.745,84.029,219.61,220.81
1786972033.752,,0,,,,-35.970,-34.969,True,0.745,179.020,5.10,297.95
1786972033.902,,0,,,,-36.090,-35.055,True,0.749,179.038,5.00,298.09
1786972033.902,,0,,,,-36.090,-35.055,True,0.749,84.195,219.68,220.81
1786972034.052,,0,,,,-36.170,-35.113,True,0.751,84.434,219.77,220.81
1786972034.052,,0,,,,-36.170,-35.113,True,0.751,179.236,3.98,298.22
1786972034.302,,0,,,,-36.170,-35.113,True,0.751,179.471,2.76,298.47
1786972034.302,,0,,,,-36.170,-35.113,True,0.751,84.932,219.94,220.81
1786972034.502,,0,,,,-36.100,-35.062,True,0.749,179.581,2.19,298.65
1786972034.502,,0,,,,-36.100,-35.062,True,0.749,85.250,220.05,220.81
1786972034.602,,0,,,,-36.120,-35.077,True,0.749,179.778,1.16,298.75
1786972034.602,,0,,,,-36.120,-35.077,True,0.749,85.569,220.15,220.81
1786972034.727,,0,,,,-36.040,-35.019,True,0.747,85.670,220.18,220.81
1786972034.752,,0,,,,-36.040,-35.019,True,0.747,179.782,1.14,298.84
1786972034.952,,0,,,,-35.910,-34.925,True,0.743,86.431,220.38,220.81
1786972034.952,,0,,,,-35.910,-34.925,True,0.743,-179.718,1.47,299.07
1786972035.802,,0,,,,-36.040,-35.019,True,0.747,87.905,220.66,220.81
1786972035.802,,0,,,,-36.040,-35.019,True,0.747,-178.923,5.64,299.87
1786972035.902,,0,,,,-36.070,-35.041,True,0.748,87.947,220.67,220.81
1786972035.902,,0,,,,-36.070,-35.041,True,0.748,-179.007,5.20,299.96
1786972036.002,,0,,,,-36.070,-35.041,True,0.748,88.048,220.68,220.81
1786972036.002,,0,,,,-36.070,-35.041,True,0.748,-178.958,5.46,300.06
1786972036.627,,0,,,,-35.930,-34.940,True,0.744,-178.407,8.36,300.62
1786972036.627,,0,,,,-35.930,-34.940,True,0.744,89.236,220.79,220.81
1786972036.727,,0,,,,-35.930,-34.940,True,0.744,89.383,220.79,220.81
1786972036.727,,0,,,,-35.930,-34.940,True,0.744,-178.332,8.75,300.71
1786972036.977,,0,,,,-35.750,-34.810,True,0.739,-177.834,11.37,300.88
1786972036.977,,0,,,,-35.750,-34.810,True,0.739,89.990,220.81,220.81
1786972037.202,,0,,,,-35.620,-34.716,True,0.735,-177.472,13.28,301.08
1786972037.202,,0,,,,-35.620,-34.716,True,0.735,90.482,220.80,220.81
1786972037.327,,0,,,,-35.580,-34.687,True,0.733,-177.125,15.11,301.23
1786972037.327,,0,,,,-35.580,-34.687,True,0.733,90.870,220.78,220.81
1786972037.777,,0,,,,-35.780,-34.831,True,0.739,91.160,220.76,220.81
1786972037.777,,0,,,,-35.780,-34.831,True,0.739,-177.155,14.97,301.62
1786972037.877,,0,,,,-35.800,-34.846,True,0.740,-177.227,14.60,301.72
1786972037.877,,0,,,,-35.800,-34.846,True,0.740,91.126,220.76,220.81
1786972038.027,,0,,,,-35.860,-34.889,True,0.742,-177.110,15.22,301.90
1786972038.027,,0,,,,-35.860,-34.889,True,0.742,91.349,220.75,220.81
1786972038.152,,0,,,,-36.780,-35.553,True,0.769,-176.917,16.24,301.98
1786972038.152,,0,,,,-36.780,-35.553,True,0.769,91.486,220.73,220.81
1786972038.427,,0,,,,-39.530,-37.791,True,0.776,91.960,220.68,220.81
1786972038.427,,0,,,,-39.530,-37.791,True,0.776,-173.430,34.58,302.23
1786972038.527,,0,,,,-39.940,-38.128,True,0.776,-172.649,38.68,302.35
1786972038.527,,0,,,,-39.940,-38.128,True,0.776,92.124,220.66,220.81
1786972041.602,,0,,,,-44.790,-42.115,True,0.776,-174.173,30.96,305.01
1786972041.602,,0,,,,-44.790,-42.115,True,0.776,88.584,220.74,220.81
1786972041.677,,0,,,,-44.780,-42.107,True,0.776,89.096,220.78,220.81
1786972041.677,,0,,,,-44.780,-42.107,True,0.776,-173.679,33.58,305.03
1786972043.027,,0,,,,-49.150,-45.702,True,0.772,-171.799,43.68,306.19
1786972043.027,,0,,,,-49.150,-45.702,True,0.772,87.583,220.61,220.81
1786972044.052,,0,,,,-51.700,-47.858,True,0.718,86.829,220.47,220.81
1786972044.052,,0,,,,-51.700,-47.858,True,0.718,-170.359,51.42,307.05
1786972044.127,,0,,,,-51.720,-47.875,True,0.718,-170.228,52.12,307.09
1786972044.127,,0,,,,-51.720,-47.875,True,0.718,86.890,220.48,220.81
1786972044.402,,0,,,,-53.500,-49.379,True,0.680,-169.028,58.50,307.36
1786972044.402,,0,,,,-53.500,-49.379,True,0.680,86.676,220.44,220.81
1786972044.802,,0,,,,-55.140,-50.766,True,0.646,86.765,220.46,220.81
1786972044.802,,0,,,,-55.140,-50.766,True,0.646,-167.771,65.17,307.69
1786972044.877,,0,,,,-55.390,-50.977,True,0.641,-168.700,60.30,307.73
1786972044.877,,0,,,,-55.390,-50.977,True,0.641,85.764,220.20,220.81
1786972045.002,,0,,,,-56.150,-51.620,True,0.625,85.486,220.12,220.81
1786972045.002,,0,,,,-56.270,-51.721,True,0.623,-168.713,60.26,307.85
1786972045.127,,0,,,,-56.730,-52.110,True,0.613,85.285,220.06,220.81
1786972045.127,,0,,,,-56.730,-52.110,True,0.613,-168.165,63.16,307.97
1786972045.252,,0,,,,-57.160,-52.474,True,0.605,-168.027,63.90,308.04
1786972045.252,,0,,,,-57.160,-52.474,True,0.605,85.117,220.01,220.81
1786972045.352,,0,,,,-57.650,-52.888,True,0.595,-168.103,63.52,308.13
1786972045.352,,0,,,,-57.650,-52.888,True,0.595,84.784,219.89,220.81
1786972045.652,,0,,,,-58.570,-53.666,True,0.576,-167.291,67.83,308.34
1786972045.652,,0,,,,-58.600,-53.691,True,0.576,84.978,219.96,220.81
1786972045.827,,0,,,,-59.040,-54.063,True,0.567,83.973,219.59,220.81
1786972045.827,,0,,,,-59.040,-54.063,True,0.567,-168.077,63.74,308.50
1786972045.927,,0,,,,-59.280,-54.266,True,0.562,-168.073,63.77,308.58
1786972045.927,,0,,,,-59.280,-54.266,True,0.562,83.872,219.55,220.81
1786972046.627,,0,,,,-60.380,-55.196,True,0.540,-167.118,68.92,309.14
1786972046.627,,0,,,,-60.380,-55.196,True,0.540,83.586,219.43,220.81
1786972047.377,,0,,,,-61.790,-56.767,True,0.566,-167.027,69.52,309.70
1786972047.377,,0,,,,-61.790,-56.767,True,0.566,83.013,219.17,220.81
1786972047.552,,0,,,,-62.190,-57.240,True,0.577,-167.037,69.51,309.87
1786972047.552,,0,,,,-62.190,-57.240,True,0.577,82.902,219.12,220.81
1786972047.627,,0,,,,-62.480,-57.583,True,0.585,82.778,219.06,220.81
1786972047.627,,0,,,,-62.480,-57.583,True,0.585,-167.148,68.94,309.95
1786972047.777,,0,,,,-62.910,-58.092,True,0.597,82.657,219.00,220.81
1786972047.777,,0,,,,-62.910,-58.092,True,0.597,-167.182,68.78,310.03
1786972047.977,,0,,,,-63.500,-58.791,True,0.614,82.635,218.99,220.81
1786972047.977,,0,,,,-63.500,-58.791,True,0.614,-166.984,69.86,310.18
1786972048.177,,0,,,,-63.930,-59.300,True,0.626,-166.778,70.98,310.32
1786972048.177,,0,,,,-63.960,-59.335,True,0.627,82.734,219.03,220.81
1786972048.327,,0,,,,-64.110,-59.513,True,0.631,82.826,219.08,220.81
1786972048.327,,0,,,,-64.110,-59.513,True,0.631,-166.537,72.28,310.46
1786972048.627,,0,,,,-64.470,-59.939,True,0.642,-166.561,72.22,310.74
1786972048.627,,0,,,,-64.470,-59.939,True,0.642,82.637,218.99,220.81
1786972048.802,,0,,,,-64.580,-60.069,True,0.645,-166.490,72.62,310.86
1786972048.802,,0,,,,-64.580,-60.069,True,0.645,82.655,219.00,220.81
1786972048.952,,0,,,,-64.780,-60.306,True,0.651,-166.245,73.94,310.96
1786972048.952,,0,,,,-64.780,-60.306,True,0.651,82.759,219.05,220.81
1786972049.102,,0,,,,-65.020,-60.590,True,0.658,-165.880,75.89,311.08
1786972049.102,,0,,,,-65.020,-60.590,True,0.658,82.868,219.10,220.81
1786972049.302,,0,,,,-65.250,-60.862,True,0.664,-165.548,77.67,311.22
1786972049.302,,0,,,,-65.250,-60.862,True,0.664,83.006,219.16,220.81
1786972049.477,,0,,,,-65.520,-61.182,True,0.672,83.068,219.19,220.81
1786972049.477,,0,,,,-65.520,-61.182,True,0.672,-165.365,78.66,311.32
1786972049.627,,0,,,,-65.980,-61.726,True,0.686,82.988,219.16,220.81
1786972049.627,,0,,,,-65.980,-61.726,True,0.686,-165.226,79.43,311.46
1786972050.052,,0,,,,-66.780,-62.673,True,0.709,82.457,218.90,220.81
1786972050.052,,0,,,,-66.780,-62.673,True,0.709,-165.396,78.60,311.73
1786972050.301,,0,,,,-67.130,-63.088,True,0.720,-165.559,77.79,311.95
1786972050.301,,0,,,,-67.130,-63.088,True,0.720,82.223,218.78,220.81
1786972050.427,,0,,,,-67.300,-63.289,True,0.725,82.281,218.81,220.81
1786972050.427,,0,,,,-67.300,-63.289,True,0.725,-165.356,78.89,312.04
1786972050.602,,0,,,,-67.540,-63.573,True,0.732,82.448,218.89,220.81
1786972050.602,,0,,,,-67.540,-63.573,True,0.732,-164.992,80.84,312.17
1786972050.727,,0,,,,-67.740,-63.810,True,0.738,-164.843,81.64,312.23
1786972050.727,,0,,,,-67.740,-63.810,True,0.738,82.550,218.94,220.81
1786972050.826,,0,,,,-68.080,-64.212,True,0.748,82.440,218.89,220.81
1786972050.826,,0,,,,-68.080,-64.212,True,0.748,-164.911,81.30,312.31
1786972051.026,,0,,,,-68.500,-64.709,True,0.761,-164.670,82.61,312.45
1786972051.026,,0,,,,-68.500,-64.709,True,0.761,82.405,218.87,220.81
1786972051.076,,0,,,,-68.670,-64.910,True,0.766,82.390,218.86,220.81
1786972051.076,,0,,,,-68.670,-64.910,True,0.766,-164.642,82.76,312.49
1786972051.201,,0,,,,-68.830,-65.100,True,0.771,82.392,218.86,220.81
1786972051.201,,0,,,,-68.830,-65.100,True,0.771,-164.622,82.90,312.60
1786972051.327,,0,,,,-69.090,-65.403,True,0.773,-164.514,83.48,312.67
1786972051.327,,0,,,,-69.090,-65.403,True,0.773,82.426,218.88,220.81
1786972051.676,,0,,,,-69.590,-65.972,True,0.759,82.541,218.94,220.81
1786972051.676,,0,,,,-69.590,-65.972,True,0.759,-163.997,86.28,312.95
1786972051.801,,0,,,,-69.680,-66.075,True,0.756,82.479,218.91,220.81
1786972051.801,,0,,,,-69.680,-66.075,True,0.756,-163.996,86.30,313.01
1786972051.926,,0,,,,-69.880,-66.302,True,0.750,-163.971,86.45,313.08
1786972051.926,,0,,,,-69.880,-66.302,True,0.750,82.436,218.89,220.81
1786972052.401,,0,,,,-70.430,-66.928,True,0.735,-163.473,89.16,313.42
1786972052.401,,0,,,,-70.430,-66.928,True,0.735,82.521,218.93,220.81
1786972052.676,,0,,,,-70.830,-67.383,True,0.723,82.457,218.90,220.81
1786972052.676,,0,,,,-70.830,-67.383,True,0.723,-163.208,90.60,313.59
1786972052.776,,0,,,,-71.030,-67.611,True,0.717,82.345,218.84,220.81
1786972052.776,,0,,,,-71.030,-67.611,True,0.717,-163.197,90.66,313.63
1786972052.901,,0,,,,-71.300,-67.918,True,0.710,82.247,218.79,220.81
1786972052.901,,0,,,,-71.300,-67.918,True,0.710,-162.966,91.92,313.77
1786972053.026,,0,,,,-71.520,-68.169,True,0.703,82.191,218.76,220.81
1786972053.026,,0,,,,-71.520,-68.169,True,0.703,-162.933,92.11,313.85
1786972053.151,,0,,,,-71.660,-68.328,True,0.700,82.187,218.76,220.81
1786972053.151,,0,,,,-71.660,-68.328,True,0.700,-162.908,92.26,313.91
1786972053.326,,0,,,,-71.870,-68.567,True,0.694,82.195,218.76,220.81
1786972053.326,,0,,,,-71.870,-68.567,True,0.694,-162.917,92.25,314.05
1786972053.626,,0,,,,-72.190,-68.931,True,0.685,82.130,218.73,220.81
1786972053.626,,0,,,,-72.190,-68.931,True,0.685,-162.744,93.22,314.23
1786972053.826,,0,,,,-72.330,-69.090,True,0.681,82.044,218.68,220.81
1786972053.826,,0,,,,-72.330,-69.090,True,0.681,-162.561,94.21,314.36
1786972054.051,,0,,,,-72.460,-69.238,True,0.677,82.092,218.71,220.81
1786972054.051,,0,,,,-72.460,-69.238,True,0.677,-162.236,95.96,314.52
1786972054.201,,0,,,,-72.570,-69.363,True,0.674,-162.168,96.34,314.62
1786972054.201,,0,,,,-72.570,-69.363,True,0.674,82.094,218.71,220.81
1786972054.351,,0,,,,-72.730,-69.546,True,0.669,-162.128,96.58,314.71
1786972054.351,,0,,,,-72.730,-69.546,True,0.669,82.067,218.69,220.81
1786972054.551,,0,,,,-73.010,-69.864,True,0.661,-162.038,97.09,314.83
1786972054.551,,0,,,,-73.010,-69.864,True,0.661,82.035,218.68,220.81
1786972054.676,,0,,,,-73.160,-70.035,True,0.657,82.044,218.68,220.81
1786972054.676,,0,,,,-73.160,-70.035,True,0.657,-161.891,97.89,314.92
1786972054.826,,0,,,,-73.260,-70.149,True,0.654,-161.699,98.92,315.02
1786972054.826,,0,,,,-73.250,-70.137,True,0.655,82.024,218.67,220.81
1786972054.926,,0,,,,-73.280,-70.171,True,0.654,-161.543,99.76,315.10
1786972054.926,,0,,,,-73.280,-70.171,True,0.654,82.059,218.69,220.81
1786972055.076,,0,,,,-73.330,-70.228,True,0.652,-161.372,100.69,315.22
1786972055.076,,0,,,,-73.330,-70.228,True,0.652,82.040,218.68,220.81
1786972055.251,,0,,,,-73.380,-70.285,True,0.651,-161.373,100.72,315.32
1786972055.251,,0,,,,-73.380,-70.285,True,0.651,81.936,218.62,220.81
1786972055.426,,0,,,,-73.440,-70.353,True,0.649,-161.396,100.64,315.45
1786972055.426,,0,,,,-73.440,-70.353,True,0.649,81.890,218.60,220.81
1786972055.601,,0,,,,-73.470,-70.388,True,0.649,81.896,218.60,220.81
1786972055.626,,0,,,,-73.470,-70.388,True,0.649,-161.377,100.77,315.55
1786972055.751,,0,,,,-73.590,-70.524,True,0.645,81.896,218.60,220.81
1786972055.751,,0,,,,-73.590,-70.524,True,0.645,-161.230,101.57,315.65
1786972055.851,,0,,,,-73.690,-70.638,True,0.642,-161.109,102.22,315.70
1786972055.851,,0,,,,-73.690,-70.638,True,0.642,81.886,218.60,220.81
1786972056.001,,0,,,,-73.820,-70.786,True,0.639,81.894,218.60,220.81
1786972056.001,,0,,,,-73.820,-70.786,True,0.639,-160.890,103.39,315.81
1786972056.301,,0,,,,-74.250,-71.275,True,0.627,81.876,218.59,220.81
1786972056.301,,0,,,,-74.250,-71.275,True,0.627,-160.644,104.74,316.00
1786972056.376,,0,,,,-74.250,-71.275,True,0.627,81.887,218.60,220.81
1786972056.376,,0,,,,-74.250,-71.275,True,0.627,-160.683,104.55,316.07
1786972056.501,,0,,,,-74.570,-71.639,True,0.618,81.884,218.60,220.81
1786972056.526,,0,,,,-74.570,-71.639,True,0.618,-160.766,104.14,316.13
1786972056.626,,0,,,,-74.660,-71.742,True,0.616,-160.556,105.27,316.22
1786972056.626,,0,,,,-74.660,-71.742,True,0.616,81.904,218.61,220.81
1786972056.751,,0,,,,-74.810,-71.912,True,0.611,-160.487,105.64,316.28
1786972056.751,,0,,,,-74.810,-71.912,True,0.611,81.932,218.62,220.81
1786972056.851,,0,,,,-74.940,-72.060,True,0.608,-160.490,105.65,316.34
1786972056.851,,0,,,,-74.940,-72.060,True,0.608,81.839,218.57,220.81
1786972057.026,,0,,,,-75.100,-72.242,True,0.604,-160.234,107.01,316.43
1786972057.026,,0,,,,-75.100,-72.242,True,0.604,81.848,218.58,220.81
1786972057.076,,0,,,,-75.130,-72.277,True,0.603,-160.149,107.47,316.49
1786972057.076,,0,,,,-75.130,-72.277,True,0.603,81.767,218.53,220.81
1786972057.201,,0,,,,-75.190,-72.345,True,0.601,81.768,218.53,220.81
1786972057.201,,0,,,,-75.190,-72.345,True,0.601,-160.023,108.14,316.55
1786972057.351,,0,,,,-75.290,-72.459,True,0.598,81.801,218.55,220.81
1786972057.351,,0,,,,-75.290,-72.459,True,0.598,-159.825,109.20,316.62
1786972057.451,,0,,,,-75.380,-72.561,True,0.596,81.706,218.50,220.81
1786972057.451,,0,,,,-75.380,-72.561,True,0.596,-159.813,109.28,316.69
1786972057.676,,0,,,,-75.530,-72.732,True,0.592,81.581,218.43,220.81
1786972057.676,,0,,,,-75.530,-72.732,True,0.592,-159.820,109.29,316.80
1786972057.776,,0,,,,-75.610,-72.823,True,0.590,-159.817,109.32,316.85
1786972057.776,,0,,,,-75.610,-72.823,True,0.590,81.540,218.41,220.81
1786972057.901,,0,,,,-75.790,-73.028,True,0.585,-159.859,109.13,316.93
1786972057.901,,0,,,,-75.790,-73.028,True,0.585,81.567,218.42,220.81
1786972058.451,,0,,,,-76.550,-73.893,True,0.564,81.467,218.36,220.81
1786972058.451,,0,,,,-76.550,-73.893,True,0.564,-160.304,106.91,317.22
1786972058.576,,0,,,,-76.810,-74.188,True,0.557,81.471,218.37,220.81
1786972058.576,,0,,,,-76.810,-74.188,True,0.557,-160.328,106.80,317.27
1786972058.776,,0,,,,-77.190,-74.621,True,0.547,81.566,218.42,220.81
1786972058.776,,0,,,,-77.190,-74.621,True,0.547,-160.246,107.27,317.38
1786972058.901,,0,,,,-77.390,-74.848,True,0.542,-160.156,107.77,317.47
1786972058.901,,0,,,,-77.390,-74.848,True,0.542,81.627,218.45,220.81
1786972059.001,,0,,,,-77.570,-75.053,True,0.537,81.804,218.55,220.81
1786972059.001,,0,,,,-77.570,-75.053,True,0.537,-159.963,108.79,317.53
1786972059.101,,0,,,,-77.710,-75.213,True,0.537,-159.826,109.52,317.58
1786972059.101,,0,,,,-77.710,-75.213,True,0.537,81.884,218.60,220.81
1786972059.401,,0,,,,-78.340,-75.930,True,0.570,-159.661,110.44,317.74
1786972059.401,,0,,,,-78.340,-75.930,True,0.570,82.179,218.75,220.81
1786972059.576,,0,,,,-78.650,-76.282,True,0.587,82.345,218.84,220.81
1786972059.576,,0,,,,-78.650,-76.282,True,0.587,-159.481,111.40,317.81
1786972059.951,,0,,,,-79.230,-76.943,True,0.619,82.376,218.86,220.81
1786972059.951,,0,,,,-79.230,-76.943,True,0.619,-159.284,112.49,318.00
1786972060.626,,0,,,,-80.200,-78.047,True,0.673,82.276,218.80,220.81
1786972060.626,,0,,,,-80.200,-78.047,True,0.673,-158.850,114.86,318.33
1786972060.726,,0,,,,-80.330,-78.195,True,0.680,82.152,218.74,220.81
1786972060.726,,0,,,,-80.330,-78.195,True,0.680,-158.957,114.31,318.36
1786972060.801,,0,,,,-80.420,-78.297,True,0.685,-158.962,114.30,318.40
1786972060.801,,0,,,,-80.420,-78.297,True,0.685,82.162,218.74,220.81
1786972060.976,,0,,,,-80.700,-78.616,True,0.701,82.172,218.75,220.81
1786972060.976,,0,,,,-80.700,-78.616,True,0.701,-158.908,114.60,318.45
1786972061.101,,0,,,,-80.900,-78.843,True,0.713,-158.781,115.28,318.52
1786972061.101,,0,,,,-80.900,-78.843,True,0.713,82.221,218.78,220.81
1786972061.226,,0,,,,-81.160,-79.139,True,0.727,-158.659,115.93,318.56
1786972061.226,,0,,,,-81.160,-79.139,True,0.727,82.335,218.83,220.81
1786972061.351,,0,,,,-81.450,-79.469,True,0.744,82.406,218.87,220.81
1786972061.351,,0,,,,-81.450,-79.469,True,0.744,-158.540,116.56,318.61
1786972061.501,,0,,,,-81.710,-79.765,True,0.759,-158.459,117.00,318.66
1786972061.501,,0,,,,-81.710,-79.765,True,0.759,82.518,218.93,220.81
1786972062.951,,0,,,,-84.340,-82.759,True,0.913,-158.496,117.02,319.23
1786972062.951,,0,,,,-84.340,-82.759,True,0.913,82.982,219.15,220.81
1786972063.201,,0,,,,-85.160,-83.692,True,0.961,83.287,219.29,220.81
1786972063.201,,0,,,,-85.160,-83.692,True,0.961,-158.436,117.36,319.31
1786972063.326,,0,,,,-85.600,-84.193,True,0.988,-157.845,120.43,319.34
1786972063.326,,0,,,,-85.600,-84.193,True,0.988,83.684,219.47,220.81
1786972064.126,,0,,,,-88.830,-87.869,True,0.957,-157.290,123.37,319.57
1786972064.126,,0,,,,-88.830,-87.869,True,0.957,84.037,219.61,220.81
1786972064.776,,0,,,,-92.510,-92.057,True,0.848,-156.509,127.45,319.74
1786972064.776,,0,,,,-92.510,-92.057,True,0.848,85.031,219.98,220.81
1786972065.101,,0,,,,-94.460,-94.276,True,0.791,-156.372,128.18,319.80
1786972065.101,,0,,,,-94.460,-94.276,True,0.791,85.247,220.05,220.81
1786972065.251,,0,,,,-95.440,-95.440,False,nan,85.239,220.05,220.81
1786972065.251,,0,,,,-95.440,-95.440,False,nan,-156.108,129.53,319.82
1786972065.376,,0,,,,-96.260,-96.260,False,nan,-155.535,132.46,319.84
1786972065.376,,0,,,,-96.260,-96.260,False,nan,85.417,220.10,220.81
1786972065.551,,0,,,,-97.290,-97.290,False,nan,85.795,220.21,220.81
1786972065.551,,0,,,,-97.290,-97.290,False,nan,-154.690,136.75,319.88
1786972066.051,,0,,,,-99.550,-99.550,False,nan,85.218,220.04,220.81
1786972066.051,,0,,,,-99.550,-99.550,False,nan,-154.792,136.27,319.95
1786972066.301,,0,,,,-100.900,-100.900,False,nan,85.116,220.01,220.81
1786972066.301,,0,,,,-100.900,-100.900,False,nan,-154.562,137.44,319.97
1786972067.251,,0,,,,-105.770,-105.770,False,nan,84.493,219.79,220.81
1786972067.251,,0,,,,-105.770,-105.770,False,nan,-155.841,130.98,320.03
1786972067.526,,0,,,,-106.760,-106.760,False,nan,-157.402,122.98,320.03
1786972067.526,,0,,,,-106.760,-106.760,False,nan,84.803,219.90,220.81
1786972067.901,,0,,,,-109.130,-109.130,False,nan,-154.095,139.82,320.04
1786972067.901,,0,,,,-109.130,-109.130,False,nan,87.201,220.54,220.81
1786972068.026,,0,,,,-109.520,-109.520,False,nan,88.353,220.72,220.81
1786972068.026,,0,,,,-109.520,-109.520,False,nan,-152.933,145.63,320.04
1786972068.151,,0,,,,-110.490,-110.490,False,nan,88.512,220.73,220.81
1786972068.151,,0,,,,-110.490,-110.490,False,nan,-152.640,147.08,320.02
1786972068.301,,0,,,,-111.610,-111.610,False,nan,-151.908,150.69,320.02
1786972068.301,,0,,,,-111.610,-111.610,False,nan,88.382,220.72,220.81
1786972068.426,,0,,,,-112.710,-112.710,False,nan,-151.365,153.36,320.01
1786972068.426,,0,,,,-112.710,-112.710,False,nan,88.380,220.72,220.81
1786972068.551,,0,,,,-114.230,-114.230,False,nan,-150.570,157.24,320.00
1786972068.551,,0,,,,-114.230,-114.230,False,nan,88.516,220.73,220.81
1786972068.776,,0,,,,-116.560,-116.560,False,nan,-149.040,164.61,319.98
1786972068.776,,0,,,,-116.560,-116.560,False,nan,88.869,220.76,220.81
1786972068.951,,0,,,,-118.290,-118.290,False,nan,88.018,220.68,220.81
1786972068.951,,0,,,,-118.290,-118.290,False,nan,-149.639,161.72,319.96
1786972069.026,,0,,,,-119.600,-119.600,False,nan,-149.655,161.64,319.95
1786972069.026,,0,,,,-119.600,-119.600,False,nan,87.504,220.60,220.81
1786972069.151,,0,,,,-120.670,-120.670,False,nan,-149.428,162.72,319.93
1786972069.151,,0,,,,-120.670,-120.670,False,nan,87.104,220.53,220.81
1786972069.376,,0,,,,-122.020,-122.020,False,nan,-149.719,161.31,319.91
1786972069.376,,0,,,,-122.020,-122.020,False,nan,86.666,220.43,220.81
1786972069.751,,0,,,,-122.470,-122.470,False,nan,86.283,220.34,220.81
1786972069.751,,0,,,,-122.470,-122.470,False,nan,-151.493,152.66,319.87
1786972069.876,,0,,,,-122.360,-122.360,False,nan,-151.915,150.58,319.86
1786972069.876,,0,,,,-122.360,-122.360,False,nan,86.361,220.36,220.81
1786972070.001,,0,,,,-122.160,-122.160,False,nan,-152.455,147.90,319.83
1786972070.001,,0,,,,-122.160,-122.160,False,nan,86.789,220.46,220.81
1786972070.126,,0,,,,-122.010,-122.010,False,nan,-152.589,147.23,319.80
1786972070.126,,0,,,,-122.010,-122.010,False,nan,87.309,220.56,220.81
1786972070.301,,0,,,,-121.810,-121.810,False,nan,88.041,220.68,220.81
1786972070.301,,0,,,,-121.810,-121.810,False,nan,-152.504,147.64,319.78
1786972070.426,,0,,,,-121.820,-121.820,False,nan,89.037,220.78,220.81
1786972070.426,,0,,,,-121.820,-121.820,False,nan,-151.818,151.01,319.76
1786972070.551,,0,,,,-121.970,-121.970,False,nan,-150.749,156.23,319.72
1786972070.551,,0,,,,-121.970,-121.970,False,nan,90.600,220.80,220.81
1786972070.701,,0,,,,-122.230,-122.230,False,nan,-150.923,155.36,319.69
1786972070.701,,0,,,,-122.230,-122.230,False,nan,90.994,220.77,220.81
1786972070.801,,0,,,,-122.360,-122.360,False,nan,-150.488,157.47,319.66
1786972070.801,,0,,,,-122.360,-122.360,False,nan,91.760,220.70,220.81
1786972070.951,,0,,,,-122.570,-122.570,False,nan,92.426,220.61,220.81
1786972070.951,,0,,,,-122.570,-122.570,False,nan,-150.506,157.36,319.62
1786972071.051,,0,,,,-122.660,-122.660,False,nan,-150.772,156.06,319.60
1786972071.051,,0,,,,-122.660,-122.660,False,nan,92.833,220.54,220.81
1786972071.151,,0,,,,-122.730,-122.730,False,nan,-150.843,155.69,319.56
1786972071.151,,0,,,,-122.730,-122.730,False,nan,93.372,220.43,220.81
1786972071.301,,0,,,,-122.780,-122.780,False,nan,-151.601,151.97,319.53
1786972071.301,,0,,,,-122.780,-122.780,False,nan,93.497,220.40,220.81
1786972071.501,,0,,,,-122.810,-122.810,False,nan,95.073,219.94,220.81
1786972071.501,,0,,,,-122.810,-122.810,False,nan,-151.442,152.73,319.48
1786972071.776,,0,,,,-122.540,-122.540,False,nan,97.044,219.14,220.81
1786972071.776,,0,,,,-122.540,-122.540,False,nan,-151.252,153.62,319.41
1786972071.926,,0,,,,-122.330,-122.330,False,nan,-151.236,153.68,319.37
1786972071.926,,0,,,,-122.330,-122.330,False,nan,98.158,218.57,220.81
1786972072.026,,0,,,,-122.180,-122.180,False,nan,98.994,218.09,220.81
1786972072.026,,0,,,,-122.180,-122.180,False,nan,-151.019,154.73,319.34
1786972072.101,,0,,,,-122.090,-122.090,False,nan,100.266,217.27,220.81
1786972072.101,,0,,,,-122.090,-122.090,False,nan,-150.256,158.42,319.31
1786972072.601,,0,,,,-122.170,-122.170,False,nan,104.350,213.92,220.81
1786972072.601,,0,,,,-122.170,-122.170,False,nan,-148.161,168.36,319.15
1786972072.701,,0,,,,-122.220,-122.220,False,nan,-147.634,170.83,319.11
1786972072.701,,0,,,,-122.220,-122.220,False,nan,105.328,212.95,220.81
1786972072.851,,0,,,,-122.330,-122.330,False,nan,-147.784,170.10,319.06
1786972072.851,,0,,,,-122.330,-122.330,False,nan,105.808,212.46,220.81
1786972072.951,,0,,,,-122.330,-122.330,False,nan,-147.837,169.82,319.02
1786972072.951,,0,,,,-122.330,-122.330,False,nan,106.248,211.99,220.81
1786972078.851,,0,,,,-2.310,-7.119,True,0.434,24.100,128.98,315.87
1786972078.851,,0,,,,-2.310,-7.119,True,0.434,71.586,209.50,220.81
1786972079.251,,0,,,,-2.580,-7.394,True,0.444,21.838,117.40,315.60
1786972079.251,,0,,,,-2.580,-7.394,True,0.444,71.534,209.44,220.81
1786972080.976,,0,,,,-2.870,-7.690,True,0.454,72.384,210.45,220.81
1786972080.976,,0,,,,-2.870,-7.690,True,0.454,11.719,63.83,314.29
1786972081.276,,0,,,,-2.790,-7.609,True,0.451,72.976,211.13,220.81
1786972081.276,,0,,,,-2.790,-7.609,True,0.451,9.877,53.87,314.02
1786972081.401,,0,,,,-2.730,-7.548,True,0.449,8.920,48.67,313.88
1786972081.401,,0,,,,-2.730,-7.548,True,0.449,73.159,211.34,220.81
1786972081.751,,0,,,,-2.700,-7.517,True,0.448,73.998,212.25,220.81
1786972081.751,,0,,,,-2.700,-7.517,True,0.448,7.424,40.52,313.58
1786972082.001,,0,,,,-2.750,-7.568,True,0.450,6.171,33.69,313.36
1786972082.001,,0,,,,-2.750,-7.568,True,0.450,74.430,212.70,220.81
1786972082.126,,0,,,,-2.710,-7.527,True,0.448,74.639,212.92,220.81
1786972082.126,,0,,,,-2.710,-7.527,True,0.448,5.476,29.89,313.23
1786972082.251,,0,,,,-2.700,-7.517,True,0.448,4.775,26.07,313.13
1786972082.251,,0,,,,-2.700,-7.517,True,0.448,74.775,213.06,220.81
1786972082.352,,0,,,,-2.760,-7.578,True,0.450,4.261,23.26,313.05
1786972082.352,,0,,,,-2.760,-7.578,True,0.450,74.807,213.09,220.81
1786972082.526,,0,,,,-2.860,-7.680,True,0.453,2.868,15.65,312.86
1786972082.526,,0,,,,-2.860,-7.680,True,0.453,74.973,213.26,220.81
1786972082.626,,0,,,,-2.890,-7.711,True,0.454,75.117,213.40,220.81
1786972082.626,,0,,,,-2.890,-7.711,True,0.454,2.268,12.38,312.75
1786972082.876,,0,,,,-2.670,-7.486,True,0.447,75.527,213.80,220.81
1786972082.876,,0,,,,-2.670,-7.486,True,0.447,1.247,6.80,312.56
1786972083.051,,0,,,,-2.550,-7.364,True,0.443,75.779,214.04,220.81
1786972083.051,,0,,,,-2.550,-7.364,True,0.443,0.246,1.34,312.39
1786972084.701,,0,,,,-9.180,-14.129,True,0.700,66.476,202.46,220.81
1786972084.701,,0,,,,-9.180,-14.129,True,0.700,-19.559,104.00,310.65
1786972084.776,,0,,,,-23.030,-25.606,True,0.410,-9.880,53.29,310.53
1786972084.776,,0,,,,-23.030,-25.606,True,0.410,66.728,202.84,220.81
1786972084.926,,0,,,,-51.070,-47.325,True,0.731,10.412,56.09,310.36
1786972084.926,,0,,,,-51.070,-47.325,True,0.731,66.701,202.80,220.81
1786972085.101,,0,,,,-72.720,-69.534,True,0.670,35.456,179.93,310.19
1786972085.101,,0,,,,-72.720,-69.534,True,0.670,67.230,203.60,220.81
1786972085.326,,0,,,,-78.500,-76.112,True,0.579,50.276,238.41,309.97
1786972085.326,,0,,,,-78.500,-76.112,True,0.579,67.506,204.01,220.81
1786972106.526,,0,,,,-50.080,-46.488,True,0.753,84.109,219.64,220.81
1786972106.526,,0,,,,-50.080,-46.488,True,0.753,13.529,66.45,284.07
1786972106.851,,0,,,,-49.920,-46.353,True,0.756,14.083,69.04,283.72
1786972106.851,,0,,,,-49.920,-46.353,True,0.756,84.744,219.88,220.81
1786972107.226,,0,,,,-50.340,-46.708,True,0.747,85.060,219.99,220.81
1786972107.226,,0,,,,-50.340,-46.708,True,0.747,14.566,71.25,283.30
1786972107.426,,0,,,,-50.740,-47.046,True,0.739,85.125,220.01,220.81
1786972107.426,,0,,,,-50.740,-47.046,True,0.739,14.354,70.18,283.08
1786972107.776,,0,,,,-51.230,-47.460,True,0.728,85.171,220.02,220.81
1786972107.776,,0,,,,-51.230,-47.460,True,0.728,13.970,68.26,282.76
1786972108.026,,0,,,,-50.770,-47.071,True,0.738,85.435,220.11,220.81
1786972108.026,,0,,,,-50.770,-47.071,True,0.738,14.189,69.24,282.47
1786972108.126,,0,,,,-50.260,-46.640,True,0.749,85.510,220.13,220.81
1786972108.126,,0,,,,-50.260,-46.640,True,0.749,14.165,69.10,282.37
1786972108.426,,0,,,,-48.210,-44.926,True,0.776,14.478,70.51,282.03
1786972108.451,,0,,,,-48.210,-44.926,True,0.776,85.961,220.26,220.81
1786972108.576,,0,,,,-47.650,-44.465,True,0.776,86.210,220.32,220.81
1786972108.576,,0,,,,-47.650,-44.465,True,0.776,14.756,71.81,281.93
1786972108.701,,0,,,,-47.450,-44.301,True,0.776,86.530,220.40,220.81
1786972108.726,,0,,,,-47.450,-44.301,True,0.776,15.500,75.30,281.75
1786972109.401,,0,,,,-49.190,-45.736,True,0.772,17.150,82.85,280.97
1786972109.401,,0,,,,-49.190,-45.736,True,0.772,85.627,220.16,220.81
1786972109.625,,0,,,,-49.810,-46.260,True,0.758,16.580,80.11,280.76
1786972109.625,,0,,,,-49.810,-46.260,True,0.758,84.515,219.80,220.81
1786972113.375,,0,,,,-50.090,-46.497,True,0.752,-2.462,11.89,276.67
1786972113.375,,0,,,,-50.090,-46.497,True,0.752,64.409,199.15,220.81
1786972114.026,,0,,,,-49.710,-46.175,True,0.760,-2.330,11.22,275.95
1786972114.026,,0,,,,-49.710,-46.175,True,0.760,64.608,199.48,220.81
1786972114.125,,0,,,,-49.560,-46.048,True,0.764,-2.257,10.87,275.88
1786972114.125,,0,,,,-49.560,-46.048,True,0.764,64.690,199.61,220.81
1786972114.225,,0,,,,-49.410,-45.922,True,0.767,64.714,199.65,220.81
1786972114.225,,0,,,,-49.410,-45.922,True,0.767,-2.258,10.87,275.78
1786972114.325,,0,,,,-49.330,-45.854,True,0.769,-2.258,10.86,275.65
1786972114.325,,0,,,,-49.330,-45.854,True,0.769,64.718,199.66,220.81
1786972114.475,,0,,,,-49.390,-45.905,True,0.767,-2.234,10.74,275.54
1786972114.475,,0,,,,-49.390,-45.905,True,0.767,64.692,199.61,220.81
1786972114.550,,0,,,,-49.470,-45.972,True,0.766,-2.164,10.40,275.44
1786972114.550,,0,,,,-49.470,-45.972,True,0.766,64.683,199.60,220.81
1786972114.650,,0,,,,-49.520,-46.015,True,0.765,-2.101,10.09,275.33
1786972114.650,,0,,,,-49.520,-46.015,True,0.765,64.679,199.59,220.81
1786972115.050,,0,,,,-49.590,-46.074,True,0.763,64.569,199.41,220.81
1786972115.050,,0,,,,-49.590,-46.074,True,0.763,-1.910,9.16,274.89
1786972115.125,,0,,,,-49.560,-46.048,True,0.764,64.461,199.23,220.81
1786972115.125,,0,,,,-49.560,-46.048,True,0.764,-1.989,9.54,274.83
1786972115.225,,0,,,,-49.560,-46.048,True,0.764,64.447,199.21,220.81
1786972115.225,,0,,,,-49.560,-46.048,True,0.764,-1.987,9.53,274.73
1786972115.350,,0,,,,-49.630,-46.108,True,0.762,-2.003,9.60,274.58
1786972115.350,,0,,,,-49.640,-46.116,True,0.762,64.350,199.05,220.81
1786972115.525,,0,,,,-49.520,-46.015,True,0.765,-1.840,8.81,274.41
1786972115.525,,0,,,,-49.520,-46.015,True,0.765,64.332,199.02,220.81
1786972115.625,,0,,,,-48.840,-45.443,True,0.776,64.289,198.95,220.81
1786972115.625,,0,,,,-48.840,-45.443,True,0.776,-1.878,8.99,274.32
1786972116.100,,0,,,,-1.920,-6.721,True,0.421,-47.828,202.90,273.77
1786972116.100,,0,,,,-1.920,-6.721,True,0.421,64.160,198.73,220.81
1786972116.200,,0,,,,-1.500,-6.292,True,0.408,64.136,198.69,220.81
1786972116.200,,0,,,,-1.500,-6.292,True,0.408,-48.787,205.87,273.67
1786972119.025,,0,,,,-0.470,-5.012,True,0.416,-32.519,145.55,270.76
1786972119.025,,0,,,,-0.470,-5.012,True,0.416,83.695,219.47,220.81
1786972119.125,,0,,,,-6.370,-11.262,True,0.585,-29.996,135.28,270.60
1786972119.125,,0,,,,-6.370,-11.262,True,0.585,83.750,219.50,220.81
1786972119.250,,0,,,,-23.730,-26.135,True,0.411,83.762,219.50,220.81
1786972119.250,,0,,,,-23.730,-26.135,True,0.411,-22.440,103.26,270.51
1786972119.400,,0,,,,-27.530,-28.877,True,0.506,83.770,219.50,220.81
1786972119.400,,0,,,,-27.530,-28.877,True,0.506,-6.662,31.36,270.34
1786972119.550,,0,,,,-28.460,-29.548,True,0.531,83.784,219.51,220.81
1786972119.550,,0,,,,-28.460,-29.548,True,0.531,-5.488,25.84,270.20
1786972119.700,,0,,,,-28.850,-29.830,True,0.541,-4.999,23.53,270.03
1786972119.700,,0,,,,-28.850,-29.830,True,0.541,83.726,219.49,220.81
1786972119.850,,0,,,,-29.010,-29.945,True,0.545,70.493,208.13,220.81
1786972119.850,,0,,,,-29.010,-29.945,True,0.545,-18.039,83.58,269.90
1786972122.975,,0,,,,-30.630,-31.115,True,0.590,53.000,176.35,220.81
1786972122.975,,0,,,,-30.630,-31.115,True,0.590,-35.195,153.72,266.70
1786972123.225,,0,,,,-30.900,-31.309,True,0.598,-35.416,154.41,266.45
1786972123.225,,0,,,,-30.900,-31.309,True,0.598,52.942,176.21,220.81
1786972123.400,,0,,,,-31.020,-31.396,True,0.601,-35.575,154.90,266.26
1786972123.400,,0,,,,-31.020,-31.396,True,0.601,52.883,176.07,220.81
1786972123.525,,0,,,,-31.020,-31.396,True,0.601,52.835,175.96,220.81
1786972123.525,,0,,,,-31.020,-31.396,True,0.601,-35.822,155.76,266.13
1786972123.700,,0,,,,-31.370,-31.649,True,0.611,-35.995,156.31,265.97
1786972123.700,,0,,,,-31.370,-31.649,True,0.611,52.751,175.77,220.81
1786972123.825,,0,,,,-31.420,-31.685,True,0.613,-36.310,157.41,265.82
1786972123.850,,0,,,,-31.420,-31.685,True,0.613,52.705,175.66,220.81
1786972123.925,,0,,,,-31.400,-31.670,True,0.612,52.642,175.51,220.81
1786972123.925,,0,,,,-31.400,-31.670,True,0.612,-36.551,158.24,265.72
1786972124.100,,0,,,,-31.270,-31.577,True,0.608,52.588,175.38,220.81
1786972124.100,,0,,,,-31.270,-31.577,True,0.608,-36.825,159.17,265.57
1786972124.225,,0,,,,-31.180,-31.512,True,0.606,52.659,175.55,220.81
1786972124.225,,0,,,,-31.180,-31.512,True,0.606,-36.927,159.49,265.47
1786972124.325,,0,,,,-31.070,-31.432,True,0.603,52.742,175.74,220.81
1786972124.325,,0,,,,-31.070,-31.432,True,0.603,-36.968,159.58,265.37
1786972124.450,,0,,,,-30.910,-31.317,True,0.598,-37.150,160.19,265.25
1786972124.450,,0,,,,-30.910,-31.317,True,0.598,52.711,175.67,220.81
1786972124.575,,0,,,,-30.790,-31.230,True,0.595,-37.241,160.42,265.08
1786972124.575,,0,,,,-30.790,-31.230,True,0.595,52.834,175.96,220.81
1786972124.700,,0,,,,-30.650,-31.129,True,0.591,-37.314,160.63,264.98
1786972124.700,,0,,,,-30.650,-31.129,True,0.591,52.845,175.98,220.81
1786972124.825,,0,,,,-30.580,-31.079,True,0.589,52.925,176.17,220.81
1786972124.825,,0,,,,-30.580,-31.079,True,0.589,-37.295,160.50,264.89
1786972124.950,,0,,,,-30.580,-31.079,True,0.589,53.010,176.37,220.81
1786972124.950,,0,,,,-30.580,-31.079,True,0.589,-37.364,160.65,264.72
1786972125.050,,0,,,,-30.630,-31.115,True,0.590,-37.434,160.87,264.65
1786972125.050,,0,,,,-30.630,-31.115,True,0.590,53.003,176.35,220.81
1786972125.200,,0,,,,-30.720,-31.180,True,0.593,-37.547,161.19,264.50
1786972125.200,,0,,,,-30.720,-31.180,True,0.593,53.031,176.42,220.81
1786972125.400,,0,,,,-30.910,-31.317,True,0.598,-37.633,161.39,264.32
1786972125.400,,0,,,,-30.910,-31.317,True,0.598,53.084,176.54,220.81
1786972125.550,,0,,,,-31.090,-31.447,True,0.603,-37.735,161.71,264.22
1786972125.550,,0,,,,-31.090,-31.447,True,0.603,53.067,176.50,220.81
1786972125.625,,0,,,,-31.200,-31.526,True,0.606,53.107,176.59,220.81
1786972125.625,,0,,,,-31.200,-31.526,True,0.606,-37.813,161.93,264.12
1786972125.725,,0,,,,-31.280,-31.584,True,0.609,-37.903,162.20,264.02
1786972125.725,,0,,,,-31.280,-31.584,True,0.609,53.112,176.60,220.81
1786972125.850,,0,,,,-31.320,-31.613,True,0.610,53.112,176.60,220.81
1786972125.850,,0,,,,-31.320,-31.613,True,0.610,-38.089,162.80,263.91
1786972125.950,,0,,,,-31.330,-31.620,True,0.610,53.140,176.67,220.81
1786972125.950,,0,,,,-31.330,-31.620,True,0.610,-38.181,163.07,263.81
1786972126.125,,0,,,,-31.160,-31.497,True,0.605,53.200,176.81,220.81
1786972126.125,,0,,,,-31.160,-31.497,True,0.605,-38.378,163.67,263.63
1786972126.300,,0,,,,-30.940,-31.338,True,0.599,53.276,176.98,220.81
1786972126.300,,0,,,,-30.940,-31.338,True,0.599,-38.421,163.73,263.48
1786972126.425,,0,,,,-30.800,-31.237,True,0.595,-38.291,163.21,263.39
1786972126.425,,0,,,,-30.800,-31.237,True,0.595,53.478,177.45,220.81
1786972126.500,,0,,,,-30.690,-31.158,True,0.592,53.476,177.44,220.81
1786972126.500,,0,,,,-30.690,-31.158,True,0.592,-38.318,163.25,263.29
1786972126.925,,0,,,,-30.290,-30.869,True,0.581,53.874,178.35,220.81
1786972126.925,,0,,,,-30.290,-30.869,True,0.581,-38.319,163.02,262.91
1786972127.050,,0,,,,-30.240,-30.833,True,0.579,-38.366,163.12,262.80
1786972127.050,,0,,,,-30.240,-30.833,True,0.579,53.938,178.50,220.81
1786972127.150,,0,,,,-30.270,-30.855,True,0.580,53.967,178.56,220.81
1786972127.150,,0,,,,-30.270,-30.855,True,0.580,-38.401,163.18,262.71
1786972127.250,,0,,,,-30.320,-30.891,True,0.582,-38.413,163.15,262.58
1786972127.250,,0,,,,-30.320,-30.891,True,0.582,53.990,178.61,220.81
1786972127.350,,0,,,,-30.440,-30.977,True,0.585,53.996,178.63,220.81
1786972127.350,,0,,,,-30.440,-30.977,True,0.585,-38.434,163.19,262.52
1786972127.450,,0,,,,-30.560,-31.064,True,0.588,54.087,178.84,220.81
1786972127.450,,0,,,,-30.560,-31.064,True,0.588,-38.414,163.05,262.42
1786972127.600,,0,,,,-30.680,-31.151,True,0.592,-38.496,163.25,262.26
1786972127.600,,0,,,,-30.680,-31.151,True,0.592,54.069,178.79,220.81
1786972127.725,,0,,,,-30.700,-31.165,True,0.592,-38.538,163.35,262.18
1786972127.725,,0,,,,-30.700,-31.165,True,0.592,54.075,178.81,220.81
1786972127.875,,0,,,,-30.560,-31.064,True,0.588,54.122,178.91,220.81
1786972127.875,,0,,,,-30.560,-31.064,True,0.588,-38.646,163.65,262.04
1786972128.050,,0,,,,-30.340,-30.905,True,0.582,54.168,179.02,220.81
1786972128.050,,0,,,,-30.340,-30.905,True,0.582,-38.730,163.83,261.86
1786972128.175,,0,,,,-30.230,-30.826,True,0.579,54.228,179.15,220.81
1786972128.175,,0,,,,-30.230,-30.826,True,0.579,-38.670,163.53,261.72
1786972128.400,,0,,,,-30.270,-30.855,True,0.580,54.409,179.56,220.81
1786972128.400,,0,,,,-30.270,-30.855,True,0.580,-38.486,162.76,261.54
1786972128.525,,0,,,,-30.380,-30.934,True,0.583,-38.329,162.15,261.45
1786972128.525,,0,,,,-30.380,-30.934,True,0.583,54.541,179.85,220.81
1786972128.625,,0,,,,-30.450,-30.985,True,0.585,-38.316,162.05,261.36
1786972128.625,,0,,,,-30.450,-30.985,True,0.585,54.585,179.95,220.81
1786972128.725,,0,,,,-30.530,-31.042,True,0.588,54.610,180.01,220.81
1786972128.725,,0,,,,-30.530,-31.042,True,0.588,-38.365,162.16,261.27
1786972128.800,,0,,,,-30.570,-31.071,True,0.589,54.677,180.16,220.81
1786972128.825,,0,,,,-30.570,-31.071,True,0.589,-38.373,162.13,261.17
1786972128.950,,0,,,,-30.560,-31.064,True,0.588,54.640,180.08,220.81
1786972128.950,,0,,,,-30.560,-31.064,True,0.588,-38.581,162.79,261.03
1786972129.100,,0,,,,-30.540,-31.050,True,0.588,-38.738,163.26,260.90
1786972129.100,,0,,,,-30.540,-31.050,True,0.588,54.660,180.12,220.81
1786972129.250,,0,,,,-30.440,-30.977,True,0.585,54.658,180.12,220.81
1786972129.250,,0,,,,-30.440,-30.977,True,0.585,-38.825,163.51,260.81
1786972129.325,,0,,,,-30.370,-30.927,True,0.583,54.743,180.30,220.81
1786972129.325,,0,,,,-30.370,-30.927,True,0.583,-38.769,163.25,260.71
1786972129.450,,0,,,,-30.270,-30.855,True,0.580,54.736,180.29,220.81
1786972129.475,,0,,,,-30.270,-30.855,True,0.580,-38.807,163.31,260.59
1786972129.600,,0,,,,-30.210,-30.811,True,0.579,54.815,180.47,220.81
1786972129.600,,0,,,,-30.210,-30.811,True,0.579,-38.767,163.08,260.45
1786972129.725,,0,,,,-30.150,-30.768,True,0.577,54.907,180.67,220.81
1786972129.725,,0,,,,-30.150,-30.768,True,0.577,-38.696,162.77,260.35
1786972129.875,,0,,,,-30.030,-30.682,True,0.574,54.947,180.76,220.81
1786972129.875,,0,,,,-30.030,-30.682,True,0.574,-38.671,162.61,260.24
1786972130.000,,0,,,,-29.900,-30.588,True,0.570,-38.697,162.61,260.09
1786972130.000,,0,,,,-29.900,-30.588,True,0.570,54.977,180.82,220.81
1786972130.125,,0,,,,-29.790,-30.508,True,0.567,55.036,180.96,220.81
1786972130.125,,0,,,,-29.790,-30.508,True,0.567,-38.670,162.45,260.00
1786972130.250,,0,,,,-29.710,-30.451,True,0.565,55.027,180.93,220.81
1786972130.250,,0,,,,-29.710,-30.451,True,0.565,-38.704,162.51,259.89
1786972130.400,,0,,,,-29.730,-30.465,True,0.565,-38.839,162.88,259.72
1786972130.400,,0,,,,-29.730,-30.465,True,0.565,55.026,180.93,220.81
1786972130.575,,0,,,,-29.910,-30.595,True,0.570,55.050,180.99,220.81
1786972130.575,,0,,,,-29.910,-30.595,True,0.570,-38.834,162.78,259.59
1786972130.675,,0,,,,-35.160,-34.384,True,0.721,-37.937,159.51,259.45
1786972130.675,,0,,,,-35.160,-34.384,True,0.721,55.027,180.93,220.81
1786972130.800,,0,,,,-38.170,-36.674,True,0.776,-32.102,137.83,259.36
1786972130.800,,0,,,,-38.170,-36.674,True,0.776,55.025,180.93,220.81
1786972130.925,,0,,,,-38.980,-37.339,True,0.776,55.053,180.99,220.81
1786972130.925,,0,,,,-38.980,-37.339,True,0.776,-30.918,133.21,259.27
1786972131.075,,0,,,,-39.560,-37.816,True,0.776,55.043,180.97,220.81
1786972131.075,,0,,,,-39.560,-37.816,True,0.776,-30.664,132.17,259.16
1786972131.175,,0,,,,-39.740,-37.964,True,0.776,-30.449,131.29,259.06
1786972131.175,,0,,,,-39.740,-37.964,True,0.776,55.047,180.98,220.81
1786972131.300,,0,,,,-39.880,-38.079,True,0.776,-30.266,130.50,258.91
1786972131.300,,0,,,,-39.880,-38.079,True,0.776,55.037,180.96,220.81
1786972134.375,,0,,,,-30.850,-31.273,True,0.597,76.064,214.31,220.81
1786972134.375,,0,,,,-30.850,-31.273,True,0.597,-16.701,73.62,256.18
1786972134.450,,0,,,,-30.800,-31.237,True,0.595,-17.235,75.88,256.09
1786972134.450,,0,,,,-30.800,-31.237,True,0.595,75.939,214.19,220.81
1786972134.551,,0,,,,-30.520,-31.035,True,0.587,75.872,214.13,220.81
1786972134.551,,0,,,,-30.520,-31.035,True,0.587,-17.575,77.30,255.99
1786972134.700,,0,,,,-30.480,-31.006,True,0.586,-17.830,78.34,255.85
1786972134.700,,0,,,,-30.480,-31.006,True,0.586,75.842,214.10,220.81
1786972137.775,,0,,,,-29.460,-30.270,True,0.558,54.072,178.80,220.81
1786972137.775,,0,,,,-29.460,-30.270,True,0.558,-41.997,169.34,253.08
1786972137.900,,0,,,,-29.070,-29.989,True,0.547,-42.162,169.77,252.93
1786972137.925,,0,,,,-29.070,-29.989,True,0.547,54.085,178.83,220.81
1786972138.025,,0,,,,-24.030,-26.351,True,0.418,54.131,178.93,220.81
1786972138.025,,0,,,,-24.030,-26.351,True,0.418,-44.316,176.62,252.82
1786972138.150,,0,,,,-21.660,-24.511,True,0.446,54.242,179.18,220.81
1786972138.150,,0,,,,-21.660,-24.511,True,0.446,-48.731,189.94,252.71
1786972138.350,,0,,,,-19.510,-22.791,True,0.507,-51.092,196.51,252.53
1786972138.350,,0,,,,-19.510,-22.791,True,0.507,54.258,179.22,220.81
1786972138.475,,0,,,,-17.410,-21.112,True,0.570,54.240,179.18,220.81
1786972138.475,,0,,,,-17.410,-21.112,True,0.570,-52.841,201.19,252.45
1786972138.625,,0,,,,-14.890,-19.097,True,0.649,55.438,181.84,220.81
1786972138.625,,0,,,,-14.890,-19.097,True,0.649,-55.814,208.69,252.28
1786972138.800,,0,,,,-13.180,-17.729,True,0.704,57.732,186.71,220.81
1786972138.800,,0,,,,-13.180,-17.729,True,0.704,-55.915,208.82,252.13
1786972138.875,,0,,,,-11.090,-16.058,True,0.773,59.720,190.68,220.81
1786972138.875,,0,,,,-11.090,-16.058,True,0.773,-54.540,205.35,252.11
1786972139.050,,0,,,,-8.210,-13.139,True,0.660,-57.913,213.47,251.95
1786972139.050,,0,,,,-8.210,-13.139,True,0.660,60.409,192.01,220.81
1786972139.175,,0,,,,-7.550,-12.466,True,0.633,61.998,194.96,220.81
1786972139.175,,0,,,,-7.550,-12.466,True,0.633,-57.653,212.78,251.87
1786972139.325,,0,,,,-5.580,-10.456,True,0.554,-56.395,209.65,251.72
1786972139.325,,0,,,,-5.580,-10.456,True,0.554,64.592,199.45,220.81
1786972139.475,,0,,,,-3.790,-8.629,True,0.487,66.746,202.87,220.81
1786972139.475,,0,,,,-3.790,-8.629,True,0.487,-55.655,207.74,251.61
1786972139.600,,0,,,,-2.920,-7.741,True,0.456,-53.058,200.98,251.46
1786972139.600,,0,,,,-2.920,-7.741,True,0.456,71.318,209.17,220.81
1786972139.725,,0,,,,-2.490,-7.303,True,0.441,-51.183,195.83,251.34
1786972139.725,,0,,,,-2.490,-7.303,True,0.441,73.694,211.93,220.81
1786972139.825,,0,,,,-2.070,-6.874,True,0.426,74.864,213.15,220.81
1786972139.825,,0,,,,-2.070,-6.874,True,0.426,-50.428,193.66,251.23
1786972140.025,,0,,,,-1.550,-6.343,True,0.409,77.203,215.32,220.81
1786972140.025,,0,,,,-1.550,-6.343,True,0.409,-48.552,188.21,251.10
1786972140.125,,0,,,,-1.450,-6.241,True,0.406,-46.111,180.87,250.97
1786972140.125,,0,,,,-1.450,-6.241,True,0.406,79.725,217.27,220.81
1786972140.225,,0,,,,-1.370,-6.160,True,0.403,80.847,218.00,220.81
1786972140.225,,0,,,,-1.370,-6.160,True,0.403,-44.991,177.40,250.92
1786972140.300,,0,,,,-1.350,-6.139,True,0.403,81.308,218.27,220.81
1786972140.300,,0,,,,-1.350,-6.139,True,0.403,-44.575,176.04,250.83
1786972140.450,,0,,,,-1.410,-6.201,True,0.405,81.611,218.44,220.81
1786972140.450,,0,,,,-1.410,-6.201,True,0.405,-44.261,174.99,250.73
1786972140.625,,0,,,,-1.520,-6.313,True,0.408,-43.576,172.73,250.58
1786972140.625,,0,,,,-1.520,-6.313,True,0.408,82.258,218.79,220.81
1786972140.750,,0,,,,-1.600,-6.395,True,0.411,-43.304,171.78,250.46
1786972140.750,,0,,,,-1.600,-6.395,True,0.411,82.476,218.91,220.81
1786972140.900,,0,,,,-1.710,-6.507,True,0.414,-42.917,170.45,250.31
1786972140.900,,0,,,,-1.710,-6.507,True,0.414,82.752,219.04,220.81
1786972150.525,,0,,,,-2.950,-7.772,True,0.457,79.639,217.21,220.81
1786972150.525,,0,,,,-2.950,-7.772,True,0.457,-44.169,168.58,241.94
1786972150.625,,0,,,,-12.010,-16.794,True,0.742,79.426,217.06,220.81
1786972150.625,,0,,,,-12.010,-16.794,True,0.742,-44.315,168.95,241.84
1786972150.725,,0,,,,-25.470,-27.390,True,0.453,-35.544,140.53,241.74
1786972150.725,,0,,,,-25.470,-27.390,True,0.453,79.262,216.94,220.81
1786972150.925,,0,,,,-38.920,-37.290,True,0.776,78.876,216.66,220.81
1786972150.925,,0,,,,-38.920,-37.290,True,0.776,-11.195,46.90,241.56
1786972151.025,,0,,,,-39.350,-37.644,True,0.776,78.553,216.42,220.81
1786972151.025,,0,,,,-39.350,-37.644,True,0.776,-10.002,41.94,241.48
1786972151.250,,0,,,,-40.040,-38.211,True,0.776,78.367,216.27,220.81
1786972151.250,,0,,,,-40.040,-38.211,True,0.776,-9.899,41.48,241.28
1786972152.125,,0,,,,-41.070,-39.057,True,0.776,-7.628,31.93,240.52
1786972152.125,,0,,,,-41.070,-39.057,True,0.776,80.758,217.94,220.81
1786972152.300,,0,,,,-67.190,-63.159,True,0.722,7.059,29.54,240.39
1786972152.300,,0,,,,-67.190,-63.159,True,0.722,80.872,218.01,220.81
1786972152.500,,0,,,,-82.190,-80.312,True,0.787,81.079,218.14,220.81
1786972152.500,,0,,,,-82.190,-80.312,True,0.787,31.404,125.18,240.24
1786972152.625,,0,,,,-83.180,-81.439,True,0.844,34.379,135.61,240.16
1786972152.625,,0,,,,-83.180,-81.439,True,0.844,81.242,218.23,220.81
1786972162.450,,0,,,,-109.760,-109.760,False,nan,49.654,177.10,232.37
1786972162.450,,0,,,,-109.760,-109.760,False,nan,72.659,210.77,220.81
1786972165.525,,0,,,,-109.950,-109.950,False,nan,58.721,196.51,229.93
1786972165.525,,0,,,,-109.950,-109.950,False,nan,82.295,218.81,220.81
1786972165.625,,0,,,,-109.900,-109.900,False,nan,59.355,197.75,229.85
1786972165.625,,0,,,,-109.900,-109.900,False,nan,82.963,219.14,220.81
1786972165.725,,0,,,,-109.870,-109.870,False,nan,83.185,219.25,220.81
1786972165.725,,0,,,,-109.870,-109.870,False,nan,59.608,198.20,229.77
1786972165.850,,0,,,,-109.820,-109.820,False,nan,59.987,198.88,229.68
1786972165.850,,0,,,,-109.820,-109.820,False,nan,83.506,219.39,220.81
1786972166.000,,0,,,,-109.850,-109.850,False,nan,60.439,199.67,229.54
1786972166.000,,0,,,,-109.850,-109.850,False,nan,83.958,219.58,220.81
1786972166.075,,0,,,,-109.820,-109.820,False,nan,60.823,200.40,229.53
1786972166.075,,0,,,,-109.820,-109.820,False,nan,84.336,219.73,220.81
1786972166.225,,0,,,,-109.760,-109.760,False,nan,84.683,219.86,220.81
1786972166.225,,0,,,,-109.760,-109.760,False,nan,61.101,200.83,229.39
