t,ns,marker_id,track_id,boresight_deg,angle_in_frame_deg,gimbal_yaw_deg,corrected_yaw_deg,yaw_correction_valid,yaw_sigma_deg,angle_error_deg,miss_distance_m,range_m
1786962005.025,,0,,,,-0.010,-4.421,True,0.423,-102.063,394.96,403.87
1786962005.125,,0,,,,-0.050,-4.472,True,0.422,-102.012,395.03,403.88
1786962005.225,,0,,,,0.000,-4.408,True,0.423,-101.992,395.06,403.88
1786962005.325,,0,,,,-0.020,-4.433,True,0.423,-102.088,394.92,403.88
1786962005.375,,0,,,,-0.040,-4.459,True,0.423,-102.158,394.82,403.88
1786962005.450,,0,,,,-0.140,-4.588,True,0.421,-102.175,394.80,403.88
1786962005.525,,0,,,,-0.180,-4.639,True,0.420,-102.217,394.74,403.89
1786962005.650,,0,,,,-0.300,-4.794,True,0.418,-102.219,394.74,403.89
1786962005.725,,0,,,,-0.260,-4.742,True,0.419,-102.207,394.76,403.89
1786962005.800,,0,,,,-0.130,-4.575,True,0.421,-102.316,394.60,403.90
1786962005.900,,0,,,,-0.040,-4.459,True,0.423,-102.428,394.44,403.90
1786962005.975,,0,,,,0.040,-4.356,True,0.424,-102.470,394.38,403.90
1786962006.075,,0,,,,0.130,-4.240,True,0.425,-102.605,394.17,403.91
1786962006.150,,0,,,,0.120,-4.253,True,0.425,-102.683,394.05,403.91
1786962006.225,,0,,,,0.020,-4.382,True,0.424,-102.792,393.88,403.91
1786962006.300,,0,,,,-0.120,-4.562,True,0.421,-102.753,393.95,403.91
1786962006.375,,0,,,,-0.210,-4.678,True,0.420,-102.731,393.98,403.91
1786962006.450,,0,,,,-0.350,-4.858,True,0.418,-102.708,394.02,403.91
1786962006.550,,0,,,,-0.340,-4.845,True,0.418,-102.669,394.08,403.91
1786962006.600,,0,,,,-0.300,-4.794,True,0.418,-102.607,394.18,403.92
1786962006.675,,0,,,,-0.190,-4.652,True,0.420,-102.671,394.08,403.92
1786962006.750,,0,,,,-0.080,-4.511,True,0.422,-102.790,393.90,403.92
1786962006.800,,0,,,,-0.010,-4.421,True,0.423,-102.908,393.71,403.92
1786962006.875,,0,,,,0.030,-4.369,True,0.424,-102.973,393.61,403.92
1786962006.950,,0,,,,-0.040,-4.459,True,0.423,-103.062,393.48,403.93
1786962007.050,,0,,,,-0.150,-4.601,True,0.421,-103.184,393.29,403.93
1786962007.150,,0,,,,-0.430,-4.961,True,0.416,-103.156,393.33,403.94
1786962007.225,,0,,,,-0.570,-5.141,True,0.414,-103.161,393.33,403.94
1786962007.275,,0,,,,-0.610,-5.193,True,0.413,-103.164,393.33,403.94
1786962007.375,,0,,,,-0.610,-5.193,True,0.413,-103.122,393.39,403.94
1786962007.475,,0,,,,-0.530,-5.090,True,0.415,-103.174,393.31,403.94
1786962007.550,,0,,,,-0.450,-4.987,True,0.416,-103.241,393.21,403.94
1786962007.625,,0,,,,-0.390,-4.910,True,0.417,-103.336,393.05,403.95
1786962007.700,,0,,,,-0.350,-4.858,True,0.418,-103.392,392.96,403.95
1786962007.775,,0,,,,-0.290,-4.781,True,0.419,-103.434,392.89,403.94
1786962007.850,,0,,,,-0.280,-4.768,True,0.419,-103.494,392.80,403.95
1786962007.925,,0,,,,-0.290,-4.781,True,0.419,-103.532,392.73,403.95
1786962008.050,,0,,,,-0.260,-4.742,True,0.419,-103.625,392.59,403.95
1786962008.125,,0,,,,-0.230,-4.704,True,0.420,-103.671,392.51,403.95
1786962008.200,,0,,,,-0.160,-4.614,True,0.421,-103.757,392.37,403.96
1786962008.300,,0,,,,-0.140,-4.588,True,0.421,-103.908,392.12,403.96
1786962008.375,,0,,,,-0.180,-4.639,True,0.420,-103.920,392.10,403.97
1786962008.475,,0,,,,-0.320,-4.819,True,0.418,-103.960,392.04,403.97
1786962008.550,,0,,,,-0.440,-4.974,True,0.416,-103.967,392.03,403.97
1786962008.625,,0,,,,-0.540,-5.103,True,0.415,-103.934,392.09,403.98
1786962008.750,,0,,,,-0.590,-5.167,True,0.414,-103.886,392.17,403.98
1786962008.825,,0,,,,-0.540,-5.103,True,0.415,-103.862,392.21,403.98
1786962008.875,,0,,,,-0.410,-4.935,True,0.417,-103.977,392.02,403.98
1786962008.950,,0,,,,-0.290,-4.781,True,0.419,-103.944,392.07,403.98
1786962009.050,,0,,,,0.010,-4.395,True,0.423,-104.027,391.93,403.98
1786962009.150,,0,,,,0.160,-4.202,True,0.426,-104.190,391.65,403.98
1786962009.225,,0,,,,0.170,-4.189,True,0.426,-104.330,391.41,403.98
1786962009.300,,0,,,,0.100,-4.279,True,0.425,-104.427,391.25,403.99
1786962009.375,,0,,,,-0.010,-4.421,True,0.423,-104.401,391.29,403.99
1786962009.450,,0,,,,-0.110,-4.549,True,0.421,-104.430,391.25,403.99
1786962009.525,,0,,,,-0.180,-4.639,True,0.420,-104.460,391.19,403.99
1786962009.625,,0,,,,-0.180,-4.639,True,0.420,-104.524,391.09,404.00
1786962009.675,,0,,,,-0.180,-4.639,True,0.420,-104.563,391.02,404.00
1786962009.800,,0,,,,-0.080,-4.511,True,0.422,-104.613,390.93,404.00
1786962009.850,,0,,,,0.010,-4.395,True,0.423,-104.724,390.73,404.00
1786962009.950,,0,,,,0.110,-4.266,True,0.425,-104.835,390.53,404.00
1786962010.050,,0,,,,0.110,-4.266,True,0.425,-104.902,390.42,404.00
1786962010.125,,0,,,,0.090,-4.292,True,0.425,-104.991,390.25,404.00
1786962010.200,,0,,,,-0.010,-4.421,True,0.423,-105.024,390.20,404.00
1786962010.300,,0,,,,-0.160,-4.614,True,0.421,-104.999,390.24,404.01
1786962010.375,,0,,,,-0.310,-4.807,True,0.418,-104.991,390.26,404.01
1786962010.450,,0,,,,-0.400,-4.922,True,0.417,-105.005,390.23,404.01
1786962010.525,,0,,,,-0.410,-4.935,True,0.417,-104.977,390.29,404.01
1786962010.600,,0,,,,-0.350,-4.858,True,0.418,-104.977,390.29,404.01
1786962010.700,,0,,,,-0.150,-4.601,True,0.421,-105.161,389.95,404.01
1786962010.775,,0,,,,-0.020,-4.433,True,0.423,-105.316,389.66,404.01
1786962010.850,,0,,,,0.220,-4.125,True,0.427,-105.505,389.31,404.02
1786962010.925,,0,,,,0.400,-3.893,True,0.430,-105.702,388.94,404.02
1786962011.000,,0,,,,0.470,-3.803,True,0.431,-105.923,388.52,404.02
1786962011.075,,0,,,,0.410,-3.880,True,0.430,-105.956,388.46,404.02
1786962011.150,,0,,,,0.310,-4.009,True,0.428,-106.048,388.28,404.02
1786962011.225,,0,,,,0.120,-4.253,True,0.425,-105.993,388.39,404.03
1786962011.300,,0,,,,0.050,-4.343,True,0.424,-105.907,388.56,404.03
1786962011.400,,0,,,,-0.110,-4.549,True,0.421,-105.933,388.51,404.03
1786962011.475,,0,,,,-0.200,-4.665,True,0.420,-105.968,388.44,404.03
1786962011.575,,0,,,,-0.250,-4.729,True,0.419,-106.094,388.20,404.03
1786962011.675,,0,,,,-0.250,-4.729,True,0.419,-106.241,387.92,404.04
1786962011.750,,0,,,,-0.200,-4.665,True,0.420,-106.311,387.78,404.04
1786962011.850,,0,,,,-0.180,-4.639,True,0.420,-106.441,387.53,404.05
1786962011.950,,0,,,,-0.040,-4.459,True,0.423,-106.544,387.32,404.04
1786962012.025,,0,,,,0.070,-4.318,True,0.424,-106.654,387.10,404.05
1786962012.100,,0,,,,0.140,-4.228,True,0.426,-106.839,386.72,404.05
1786962012.175,,0,,,,0.130,-4.240,True,0.425,-107.042,386.31,404.05
1786962012.250,,0,,,,0.070,-4.318,True,0.424,-107.169,386.05,404.05
1786962012.325,,0,,,,0.000,-4.408,True,0.423,-107.277,385.82,404.05
1786962012.425,,0,,,,-0.170,-4.626,True,0.420,-107.349,385.68,404.06
1786962012.525,,0,,,,-0.360,-4.871,True,0.417,-107.356,385.66,404.06
1786962012.625,,0,,,,-0.480,-5.025,True,0.416,-107.334,385.71,404.06
1786962012.700,,0,,,,-0.520,-5.077,True,0.415,-107.320,385.74,404.06
1786962012.800,,0,,,,-0.450,-4.987,True,0.416,-107.297,385.79,404.07
1786962012.850,,0,,,,-0.310,-4.807,True,0.418,-107.408,385.56,404.07
1786962012.925,,0,,,,-0.070,-4.498,True,0.422,-107.468,385.43,404.07
1786962013.025,,0,,,,0.290,-4.035,True,0.428,-107.673,385.00,404.07
1786962013.125,,0,,,,0.440,-3.842,True,0.430,-107.997,384.30,404.07
1786962013.175,,0,,,,0.470,-3.803,True,0.431,-108.081,384.12,404.07
1786962013.250,,0,,,,0.340,-3.970,True,0.429,-108.216,383.83,404.08
1786962013.325,,0,,,,0.050,-4.343,True,0.424,-108.289,383.67,404.08
1786962013.400,,0,,,,-0.160,-4.614,True,0.421,-108.203,383.86,404.08
1786962013.450,,0,,,,-0.380,-4.897,True,0.417,-108.204,383.86,404.09
1786962013.550,,0,,,,-0.560,-5.128,True,0.414,-108.062,384.17,404.09
1786962013.625,,0,,,,-0.470,-5.012,True,0.416,-108.056,384.19,404.09
1786962013.675,,0,,,,-0.390,-4.910,True,0.417,-108.240,383.79,404.09
1786962013.750,,0,,,,-0.040,-4.459,True,0.423,-108.324,383.60,404.09
1786962013.825,,0,,,,0.420,-3.867,True,0.430,-108.627,382.93,404.10
1786962013.900,,0,,,,0.600,-3.636,True,0.433,-108.846,382.43,404.09
1786962013.950,,0,,,,0.640,-3.584,True,0.434,-108.962,382.17,404.09
1786962014.050,,0,,,,0.530,-3.726,True,0.432,-109.181,381.67,404.10
1786962014.100,,0,,,,0.300,-4.022,True,0.428,-109.276,381.44,404.10
1786962014.150,,0,,,,0.030,-4.369,True,0.424,-109.160,381.71,404.10
1786962014.250,,0,,,,-0.300,-4.794,True,0.418,-109.193,381.65,404.11
1786962014.325,,0,,,,-0.610,-5.193,True,0.413,-109.188,381.66,404.11
1786962014.400,,0,,,,-0.790,-5.424,True,0.411,-109.047,381.99,404.11
1786962014.475,,0,,,,-0.750,-5.373,True,0.411,-109.171,381.71,404.12
1786962014.550,,0,,,,-0.550,-5.115,True,0.414,-109.206,381.62,404.12
1786962014.625,,0,,,,-0.170,-4.626,True,0.420,-109.325,381.35,404.12
1786962014.700,,0,,,,0.150,-4.215,True,0.426,-109.594,380.72,404.12
1786962014.800,,0,,,,0.470,-3.803,True,0.431,-109.760,380.33,404.12
1786962014.875,,0,,,,0.530,-3.726,True,0.432,-109.907,379.98,404.13
1786962014.950,,0,,,,0.490,-3.777,True,0.431,-110.059,379.61,404.12
1786962015.025,,0,,,,0.300,-4.022,True,0.428,-110.156,379.38,404.13
1786962015.125,,0,,,,-0.120,-4.562,True,0.421,-110.190,379.30,404.13
1786962015.225,,0,,,,-0.460,-5.000,True,0.416,-110.106,379.51,404.14
1786962015.350,,0,,,,-0.470,-5.012,True,0.416,-110.013,379.73,404.14
1786962015.425,,0,,,,-0.280,-4.768,True,0.419,-110.086,379.56,404.14
1786962015.475,,0,,,,-0.070,-4.498,True,0.422,-110.356,378.91,404.14
1786962015.575,,0,,,,0.300,-4.022,True,0.428,-110.613,378.27,404.14
1786962015.675,,0,,,,0.460,-3.816,True,0.431,-110.912,377.53,404.15
1786962015.750,,0,,,,0.440,-3.842,True,0.430,-111.183,376.84,404.15
1786962015.850,,0,,,,0.220,-4.125,True,0.427,-111.232,376.73,404.16
1786962015.900,,0,,,,0.030,-4.369,True,0.424,-111.261,376.66,404.16
1786962015.975,,0,,,,-0.220,-4.691,True,0.420,-111.169,376.89,404.16
1786962016.075,,0,,,,-0.410,-4.935,True,0.417,-111.203,376.81,404.17
1786962016.125,,0,,,,-0.430,-4.961,True,0.416,-111.163,376.91,404.17
1786962016.175,,0,,,,-0.410,-4.935,True,0.417,-111.142,376.97,404.18
1786962016.250,,0,,,,-0.320,-4.819,True,0.418,-111.214,376.79,404.18
1786962016.325,,0,,,,-0.160,-4.614,True,0.421,-111.208,376.80,404.18
1786962016.400,,0,,,,0.000,-4.408,True,0.423,-111.388,376.35,404.18
1786962016.475,,0,,,,0.020,-4.382,True,0.424,-111.480,376.11,404.18
1786962016.525,,0,,,,0.000,-4.408,True,0.423,-111.604,375.79,404.18
1786962016.600,,0,,,,-0.050,-4.472,True,0.422,-111.630,375.72,404.19
1786962016.700,,0,,,,-0.150,-4.601,True,0.421,-111.630,375.73,404.19
1786962016.750,,0,,,,-0.160,-4.614,True,0.421,-111.704,375.53,404.19
1786962016.850,,0,,,,-0.100,-4.536,True,0.422,-111.750,375.42,404.20
1786962016.900,,0,,,,0.000,-4.408,True,0.423,-111.854,375.15,404.20
1786962016.975,,0,,,,0.130,-4.240,True,0.425,-112.044,374.65,404.20
1786962017.025,,0,,,,0.290,-4.035,True,0.428,-112.114,374.47,404.20
1786962017.100,,0,,,,0.360,-3.945,True,0.429,-112.312,373.94,404.21
1786962017.175,,0,,,,0.400,-3.893,True,0.430,-112.432,373.62,404.20
1786962017.225,,0,,,,0.370,-3.932,True,0.429,-112.530,373.36,404.21
1786962017.350,,0,,,,0.200,-4.150,True,0.426,-112.524,373.38,404.21
1786962017.400,,0,,,,0.100,-4.279,True,0.425,-112.537,373.35,404.22
1786962017.500,,0,,,,0.020,-4.382,True,0.424,-112.541,373.34,404.22
1786962017.600,,0,,,,0.080,-4.305,True,0.425,-112.627,373.11,404.23
1786962017.675,,0,,,,0.170,-4.189,True,0.426,-112.767,372.73,404.23
1786962017.750,,0,,,,0.330,-3.983,True,0.429,-112.904,372.36,404.23
1786962017.850,,0,,,,0.510,-3.752,True,0.432,-112.954,372.22,404.23
1786962017.875,,0,,,,0.610,-3.623,True,0.433,-113.188,371.58,404.24
1786962017.975,,0,,,,0.720,-3.481,True,0.435,-113.332,371.18,404.24
1786962018.025,,0,,,,0.720,-3.481,True,0.435,-113.492,370.74,404.24
1786962018.125,,0,,,,0.700,-3.507,True,0.435,-113.609,370.41,404.25
1786962018.200,,0,,,,0.580,-3.661,True,0.433,-113.651,370.30,404.25
1786962018.275,,0,,,,0.480,-3.790,True,0.431,-113.650,370.30,404.26
1786962018.375,,0,,,,0.290,-4.035,True,0.428,-113.577,370.51,404.25
1786962018.475,,0,,,,0.140,-4.228,True,0.426,-113.510,370.70,404.26
1786962018.550,,0,,,,0.130,-4.240,True,0.425,-113.591,370.47,404.26
1786962018.675,,0,,,,0.200,-4.150,True,0.426,-113.651,370.31,404.27
1786962018.775,,0,,,,0.350,-3.957,True,0.429,-113.716,370.13,404.27
1786962018.850,,0,,,,0.370,-3.932,True,0.429,-113.818,369.84,404.28
1786962018.925,,0,,,,0.430,-3.854,True,0.430,-114.055,369.16,404.27
1786962019.025,,0,,,,0.520,-3.739,True,0.432,-114.203,368.74,404.28
1786962019.100,,0,,,,0.570,-3.674,True,0.433,-114.410,368.15,404.28
1786962019.175,,0,,,,0.600,-3.636,True,0.433,-114.565,367.69,404.28
1786962019.275,,0,,,,0.620,-3.610,True,0.433,-114.613,367.56,404.29
1786962019.375,,0,,,,0.590,-3.649,True,0.433,-114.653,367.44,404.29
1786962019.450,,0,,,,0.540,-3.713,True,0.432,-114.683,367.36,404.30
1786962019.500,,0,,,,0.520,-3.739,True,0.432,-114.664,367.42,404.30
1786962019.575,,0,,,,0.500,-3.764,True,0.431,-114.780,367.08,404.30
1786962019.650,,0,,,,0.500,-3.764,True,0.431,-114.820,366.97,404.31
1786962019.700,,0,,,,0.500,-3.764,True,0.431,-114.870,366.82,404.31
1786962019.750,,0,,,,0.550,-3.700,True,0.432,-114.946,366.59,404.31
1786962019.825,,0,,,,0.610,-3.623,True,0.433,-114.964,366.54,404.32
1786962019.900,,0,,,,0.690,-3.520,True,0.435,-115.072,366.22,404.32
1786962019.975,,0,,,,0.760,-3.430,True,0.436,-115.217,365.78,404.32
1786962020.050,,0,,,,0.840,-3.327,True,0.437,-115.246,365.71,404.33
1786962020.125,,0,,,,0.880,-3.275,True,0.438,-115.312,365.51,404.32
1786962020.200,,0,,,,0.940,-3.198,True,0.439,-115.329,365.46,404.33
1786962020.275,,0,,,,1.000,-3.121,True,0.440,-115.393,365.27,404.34
1786962020.375,,0,,,,1.110,-2.979,True,0.442,-115.485,364.99,404.33
1786962020.450,,0,,,,1.090,-3.005,True,0.441,-115.670,364.43,404.34
1786962020.525,,0,,,,1.030,-3.082,True,0.440,-115.783,364.09,404.34
1786962020.600,,0,,,,0.940,-3.198,True,0.439,-115.796,364.05,404.35
1786962020.725,,0,,,,0.720,-3.481,True,0.435,-115.716,364.30,404.35
1786962020.800,,0,,,,0.580,-3.661,True,0.433,-115.645,364.52,404.35
1786962020.875,,0,,,,0.440,-3.842,True,0.430,-115.741,364.23,404.36
1786962020.950,,0,,,,0.430,-3.854,True,0.430,-115.770,364.14,404.35
1786962021.025,,0,,,,0.470,-3.803,True,0.431,-115.657,364.49,404.36
1786962021.100,,0,,,,0.610,-3.623,True,0.433,-115.709,364.33,404.36
1786962021.175,,0,,,,0.840,-3.327,True,0.437,-115.894,363.76,404.36
1786962021.250,,0,,,,0.990,-3.134,True,0.440,-115.979,363.51,404.37
1786962021.350,,0,,,,1.150,-2.928,True,0.442,-116.143,363.00,404.37
1786962021.425,,0,,,,1.180,-2.889,True,0.443,-116.423,362.13,404.38
1786962021.475,,0,,,,1.130,-2.954,True,0.442,-116.541,361.76,404.38
1786962021.550,,0,,,,1.010,-3.108,True,0.440,-116.768,361.04,404.38
1786962021.625,,0,,,,0.810,-3.365,True,0.437,-116.679,361.33,404.39
1786962021.700,,0,,,,0.660,-3.558,True,0.434,-116.499,361.91,404.39
1786962021.750,,0,,,,0.630,-3.597,True,0.434,-116.605,361.57,404.39
1786962021.825,,0,,,,0.590,-3.649,True,0.433,-116.662,361.40,404.40
1786962021.900,,0,,,,0.630,-3.597,True,0.434,-116.709,361.25,404.40
1786962021.950,,0,,,,0.730,-3.468,True,0.435,-116.768,361.06,404.40
1786962022.025,,0,,,,0.890,-3.263,True,0.438,-116.774,361.05,404.40
1786962022.125,,0,,,,1.100,-2.992,True,0.441,-116.825,360.89,404.40
1786962022.200,,0,,,,1.180,-2.889,True,0.443,-116.894,360.67,404.40
1786962022.275,,0,,,,1.190,-2.877,True,0.443,-117.023,360.26,404.41
1786962022.350,,0,,,,1.170,-2.902,True,0.443,-117.058,360.14,404.40
1786962022.500,,0,,,,0.890,-3.263,True,0.438,-116.928,360.56,404.41
1786962022.575,,0,,,,0.800,-3.378,True,0.436,-116.958,360.46,404.40
1786962022.725,,0,,,,0.860,-3.301,True,0.437,-117.101,360.01,404.42
1786962022.825,,0,,,,1.040,-3.070,True,0.440,-117.535,358.62,404.43
1786962022.950,,0,,,,1.350,-2.671,True,0.446,-117.714,358.03,404.43
1786962023.125,,0,,,,1.540,-2.426,True,0.449,-118.093,356.79,404.44
1786962023.175,,0,,,,1.510,-2.465,True,0.448,-118.239,356.30,404.44
1786962023.450,,0,,,,0.810,-3.365,True,0.437,-117.725,358.02,404.45
1786962023.550,,0,,,,0.590,-3.649,True,0.433,-117.849,357.61,404.45
1786962023.675,,0,,,,0.480,-3.790,True,0.431,-117.712,358.06,404.46
1786962023.850,,0,,,,0.670,-3.546,True,0.434,-117.685,358.15,404.46
1786962023.925,,0,,,,0.860,-3.301,True,0.437,-118.271,356.21,404.45
1786962024.000,,0,,,,0.990,-3.134,True,0.440,-118.312,356.08,404.46
1786962024.075,,0,,,,1.020,-3.095,True,0.440,-118.460,355.58,404.46
1786962024.150,,0,,,,1.030,-3.082,True,0.440,-118.515,355.40,404.46
1786962024.200,,0,,,,0.980,-3.147,True,0.439,-118.571,355.21,404.47
1786962024.275,,0,,,,1.000,-3.121,True,0.440,-118.606,355.10,404.47
1786962024.400,,0,,,,1.130,-2.954,True,0.442,-118.659,354.92,404.47
1786962024.475,,0,,,,1.260,-2.786,True,0.444,-118.917,354.05,404.48
1786962024.525,,0,,,,1.280,-2.761,True,0.444,-119.024,353.68,404.47
1786962024.625,,0,,,,1.440,-2.555,True,0.447,-119.114,353.38,404.48
1786962024.700,,0,,,,1.530,-2.439,True,0.449,-119.185,353.13,404.48
1786962024.800,,0,,,,1.550,-2.413,True,0.449,-119.205,353.07,404.49
1786962024.900,,0,,,,1.480,-2.503,True,0.448,-119.274,352.84,404.49
1786962025.000,,0,,,,1.380,-2.632,True,0.446,-119.291,352.78,404.50
1786962025.075,,0,,,,1.220,-2.838,True,0.443,-119.427,352.31,404.50
1786962025.175,,0,,,,0.970,-3.160,True,0.439,-119.333,352.64,404.50
1786962025.325,,0,,,,0.750,-3.443,True,0.436,-119.447,352.25,404.51
1786962025.400,,0,,,,0.680,-3.533,True,0.434,-119.466,352.19,404.51
1786962025.475,,0,,,,0.660,-3.558,True,0.434,-119.562,351.86,404.52
1786962025.575,,0,,,,0.630,-3.597,True,0.434,-119.402,352.41,404.51
1786962025.650,,0,,,,0.690,-3.520,True,0.435,-119.498,352.08,404.52
1786962025.725,,0,,,,0.730,-3.468,True,0.435,-119.584,351.78,404.51
1786962025.800,,0,,,,0.710,-3.494,True,0.435,-119.701,351.37,404.51
1786962025.900,,0,,,,0.760,-3.430,True,0.436,-119.758,351.17,404.51
1786962025.950,,0,,,,0.780,-3.404,True,0.436,-119.886,350.72,404.51
1786962026.050,,0,,,,0.800,-3.378,True,0.436,-119.970,350.43,404.52
1786962026.100,,0,,,,0.850,-3.314,True,0.437,-119.984,350.38,404.52
1786962026.200,,0,,,,0.980,-3.147,True,0.439,-120.174,349.72,404.53
1786962026.250,,0,,,,1.030,-3.082,True,0.440,-120.336,349.14,404.54
1786962026.300,,0,,,,1.110,-2.979,True,0.442,-120.426,348.82,404.53
1786962026.425,,0,,,,1.130,-2.954,True,0.442,-120.626,348.11,404.54
1786962026.500,,0,,,,1.170,-2.902,True,0.443,-120.740,347.71,404.55
1786962026.574,,0,,,,1.220,-2.838,True,0.443,-120.871,347.23,404.54
1786962026.625,,0,,,,1.200,-2.864,True,0.443,-120.954,346.94,404.55
1786962026.700,,0,,,,1.210,-2.851,True,0.443,-121.067,346.53,404.56
1786962026.825,,0,,,,1.160,-2.915,True,0.442,-120.777,347.58,404.55
1786962026.900,,0,,,,1.120,-2.967,True,0.442,-120.723,347.77,404.55
1786962026.975,,0,,,,1.020,-3.095,True,0.440,-120.905,347.11,404.55
1786962027.050,,0,,,,0.940,-3.198,True,0.439,-120.883,347.20,404.56
1786962027.125,,0,,,,0.870,-3.288,True,0.438,-120.913,347.09,404.56
1786962027.200,,0,,,,0.750,-3.443,True,0.436,-120.904,347.13,404.57
1786962027.275,,0,,,,0.700,-3.507,True,0.435,-121.009,346.75,404.57
1786962027.350,,0,,,,0.700,-3.507,True,0.435,-120.976,346.87,404.57
1786962027.425,,0,,,,0.690,-3.520,True,0.435,-120.980,346.86,404.57
1786962027.475,,0,,,,0.690,-3.520,True,0.435,-121.009,346.76,404.57
1786962027.575,,0,,,,0.700,-3.507,True,0.435,-121.055,346.59,404.57
1786962027.675,,0,,,,0.680,-3.533,True,0.434,-121.120,346.35,404.58
1786962027.725,,0,,,,0.710,-3.494,True,0.435,-121.171,346.16,404.57
1786962027.825,,0,,,,0.740,-3.456,True,0.435,-121.236,345.93,404.58
1786962027.900,,0,,,,0.780,-3.404,True,0.436,-121.315,345.64,404.58
1786962027.950,,0,,,,0.950,-3.185,True,0.439,-121.513,344.91,404.58
1786962028.025,,0,,,,1.030,-3.082,True,0.440,-121.550,344.78,404.58
1786962028.125,,0,,,,1.250,-2.799,True,0.444,-121.720,344.15,404.59
1786962028.225,,0,,,,1.380,-2.632,True,0.446,-121.896,343.50,404.59
1786962028.275,,0,,,,1.380,-2.632,True,0.446,-121.961,343.26,404.60
1786962028.375,,0,,,,1.310,-2.722,True,0.445,-121.967,343.24,404.59
1786962028.450,,0,,,,1.280,-2.761,True,0.444,-122.011,343.08,404.60
1786962028.525,,0,,,,1.190,-2.877,True,0.443,-121.916,343.43,404.60
1786962028.650,,0,,,,1.190,-2.877,True,0.443,-121.842,343.71,404.60
1786962028.750,,0,,,,1.250,-2.799,True,0.444,-121.949,343.31,404.60
1786962028.825,,0,,,,1.330,-2.696,True,0.445,-122.141,342.60,404.61
1786962028.899,,0,,,,1.370,-2.645,True,0.446,-122.158,342.54,404.61
1786962028.974,,0,,,,1.340,-2.684,True,0.445,-122.325,341.91,404.61
1786962029.074,,0,,,,1.230,-2.825,True,0.444,-122.272,342.12,404.62
1786962029.150,,0,,,,1.070,-3.031,True,0.441,-122.172,342.49,404.61
1786962029.224,,0,,,,0.890,-3.263,True,0.438,-122.055,342.93,404.62
1786962029.324,,0,,,,0.770,-3.417,True,0.436,-121.964,343.27,404.62
1786962029.500,,0,,,,0.700,-3.507,True,0.435,-121.797,343.89,404.62
1786962029.574,,0,,,,0.770,-3.417,True,0.436,-122.054,342.93,404.62
1786962029.649,,0,,,,0.910,-3.237,True,0.438,-122.221,342.31,404.62
1786962029.699,,0,,,,0.940,-3.198,True,0.439,-122.296,342.03,404.62
1786962029.775,,0,,,,1.060,-3.044,True,0.441,-122.430,341.52,404.62
1786962029.899,,0,,,,1.170,-2.902,True,0.443,-122.445,341.47,404.63
1786962029.975,,0,,,,1.180,-2.889,True,0.443,-122.593,340.91,404.63
1786962030.049,,0,,,,1.170,-2.902,True,0.443,-122.644,340.72,404.63
1786962030.100,,0,,,,1.140,-2.941,True,0.442,-122.610,340.85,404.63
1786962030.149,,0,,,,1.150,-2.928,True,0.442,-122.704,340.49,404.63
1786962030.224,,0,,,,1.160,-2.915,True,0.442,-122.652,340.69,404.63
1786962030.349,,0,,,,1.320,-2.709,True,0.445,-122.879,339.82,404.63
1786962030.424,,0,,,,1.510,-2.465,True,0.448,-122.950,339.55,404.64
1786962030.475,,0,,,,1.640,-2.298,True,0.451,-123.052,339.16,404.64
1786962030.524,,0,,,,1.740,-2.169,True,0.452,-123.083,339.04,404.64
1786962030.624,,0,,,,1.860,-2.014,True,0.454,-123.173,338.70,404.65
1786962030.699,,0,,,,1.920,-1.937,True,0.455,-123.314,338.15,404.65
1786962030.824,,0,,,,1.750,-2.156,True,0.452,-123.348,338.03,404.66
1786962030.874,,0,,,,1.580,-2.375,True,0.450,-123.335,338.08,404.66
1786962030.999,,0,,,,1.190,-2.877,True,0.443,-123.128,338.89,404.66
1786962031.099,,0,,,,0.880,-3.275,True,0.438,-123.260,338.38,404.67
1786962031.199,,0,,,,0.710,-3.494,True,0.435,-123.022,339.29,404.67
1786962031.249,,0,,,,0.670,-3.546,True,0.434,-123.045,339.21,404.67
1786962031.399,,0,,,,0.800,-3.378,True,0.436,-123.459,337.61,404.67
1786962031.474,,0,,,,0.880,-3.275,True,0.438,-123.832,336.15,404.67
1786962031.574,,0,,,,1.000,-3.121,True,0.440,-124.045,335.30,404.67
1786962031.649,,0,,,,1.020,-3.095,True,0.440,-123.903,335.87,404.67
1786962031.724,,0,,,,0.950,-3.185,True,0.439,-124.079,335.18,404.67
1786962031.800,,0,,,,0.910,-3.237,True,0.438,-124.158,334.87,404.68
1786962031.899,,0,,,,0.750,-3.443,True,0.436,-124.045,335.32,404.68
1786962031.999,,0,,,,0.780,-3.404,True,0.436,-124.083,335.17,404.69
1786962032.074,,0,,,,0.900,-3.250,True,0.438,-124.352,334.11,404.69
1786962032.149,,0,,,,1.140,-2.941,True,0.442,-124.467,333.65,404.69
1786962032.224,,0,,,,1.350,-2.671,True,0.446,-124.715,332.66,404.70
1786962032.324,,0,,,,1.500,-2.478,True,0.448,-124.924,331.82,404.70
1786962032.424,,0,,,,1.480,-2.503,True,0.448,-124.891,331.96,404.71
1786962032.524,,0,,,,1.310,-2.722,True,0.445,-124.844,332.15,404.71
1786962032.599,,0,,,,1.170,-2.902,True,0.443,-124.545,333.36,404.72
1786962032.674,,0,,,,1.060,-3.044,True,0.441,-124.643,332.97,404.72
1786962032.725,,0,,,,0.980,-3.147,True,0.439,-124.726,332.64,404.72
1786962032.824,,0,,,,0.880,-3.275,True,0.438,-124.635,333.01,404.73
1786962032.899,,0,,,,0.850,-3.314,True,0.437,-124.619,333.07,404.73
1786962032.974,,0,,,,0.860,-3.301,True,0.437,-124.679,332.83,404.73
1786962033.049,,0,,,,0.740,-3.456,True,0.435,-124.575,333.25,404.74
1786962033.174,,0,,,,0.610,-3.623,True,0.433,-124.541,333.39,404.74
1786962033.249,,0,,,,0.380,-3.919,True,0.429,-124.382,334.03,404.74
1786962033.324,,0,,,,0.200,-4.150,True,0.426,-124.321,334.28,404.75
1786962033.424,,0,,,,-0.070,-4.498,True,0.422,-124.334,334.23,404.75
1786962033.499,,0,,,,-0.170,-4.626,True,0.420,-124.366,334.11,404.76
1786962033.549,,0,,,,-0.240,-4.717,True,0.419,-124.346,334.19,404.76
1786962033.649,,0,,,,-0.180,-4.639,True,0.420,-124.363,334.13,404.77
1786962033.749,,0,,,,0.040,-4.356,True,0.424,-124.272,334.49,404.77
1786962033.800,,0,,,,0.200,-4.150,True,0.426,-124.413,333.93,404.77
1786962033.874,,0,,,,0.440,-3.842,True,0.430,-124.553,333.37,404.78
1786962033.949,,0,,,,0.560,-3.687,True,0.432,-124.622,333.10,404.78
1786962034.024,,0,,,,0.570,-3.674,True,0.433,-124.738,332.63,404.78
1786962034.074,,0,,,,0.570,-3.674,True,0.433,-124.592,333.22,404.78
1786962034.149,,0,,,,0.470,-3.803,True,0.431,-124.618,333.12,404.79
1786962034.249,,0,,,,0.380,-3.919,True,0.429,-124.760,332.56,404.79
1786962034.374,,0,,,,0.250,-4.086,True,0.427,-124.839,332.24,404.80
1786962034.474,,0,,,,0.200,-4.150,True,0.426,-124.805,332.39,404.81
1786962034.524,,0,,,,0.170,-4.189,True,0.426,-124.728,332.70,404.81
1786962034.599,,0,,,,0.150,-4.215,True,0.426,-124.644,333.04,404.81
1786962034.699,,0,,,,0.180,-4.176,True,0.426,-124.542,333.45,404.82
1786962034.749,,0,,,,0.260,-4.073,True,0.427,-124.602,333.21,404.82
1786962034.824,,0,,,,0.330,-3.983,True,0.429,-124.552,333.41,404.82
1786962034.874,,0,,,,0.400,-3.893,True,0.430,-124.624,333.13,404.82
1786962034.974,,0,,,,0.480,-3.790,True,0.431,-124.682,332.90,404.83
1786962035.024,,0,,,,0.470,-3.803,True,0.431,-124.627,333.12,404.83
1786962035.099,,0,,,,0.410,-3.880,True,0.430,-124.580,333.32,404.84
1786962035.174,,0,,,,0.250,-4.086,True,0.427,-124.503,333.63,404.84
1786962035.299,,0,,,,0.020,-4.382,True,0.424,-124.338,334.29,404.85
1786962035.424,,0,,,,0.000,-4.408,True,0.423,-124.207,334.82,404.85
1786962035.499,,0,,,,0.080,-4.305,True,0.425,-124.078,335.33,404.85
1786962035.574,,0,,,,0.290,-4.035,True,0.428,-124.181,334.92,404.85
1786962035.649,,0,,,,0.530,-3.726,True,0.432,-124.111,335.20,404.85
1786962035.724,,0,,,,0.760,-3.430,True,0.436,-124.157,335.02,404.85
1786962035.799,,0,,,,0.810,-3.365,True,0.437,-124.347,334.27,404.86
1786962035.874,,0,,,,0.790,-3.391,True,0.436,-124.304,334.44,404.86
1786962035.949,,0,,,,0.670,-3.546,True,0.434,-124.400,334.06,404.87
1786962035.999,,0,,,,0.520,-3.739,True,0.432,-124.435,333.93,404.88
1786962036.049,,0,,,,0.340,-3.970,True,0.429,-124.376,334.17,404.88
1786962036.149,,0,,,,0.200,-4.150,True,0.426,-124.306,334.45,404.88
1786962036.249,,0,,,,0.190,-4.163,True,0.426,-124.184,334.94,404.89
1786962036.349,,0,,,,0.310,-4.009,True,0.428,-124.150,335.08,404.89
1786962036.449,,0,,,,0.520,-3.739,True,0.432,-124.172,334.99,404.89
1786962036.524,,0,,,,0.750,-3.443,True,0.436,-124.219,334.80,404.90
1786962036.599,,0,,,,0.870,-3.288,True,0.438,-124.193,334.91,404.90
1786962036.674,,0,,,,0.960,-3.172,True,0.439,-124.294,334.51,404.90
1786962036.749,,0,,,,0.960,-3.172,True,0.439,-124.393,334.12,404.90
1786962036.849,,0,,,,0.750,-3.443,True,0.436,-124.311,334.45,404.91
1786962036.899,,0,,,,0.580,-3.661,True,0.433,-124.245,334.72,404.91
1786962036.974,,0,,,,0.420,-3.867,True,0.430,-124.216,334.84,404.92
1786962037.049,,0,,,,0.170,-4.189,True,0.426,-124.033,335.56,404.92
1786962037.124,,0,,,,0.060,-4.331,True,0.424,-123.934,335.96,404.93
1786962037.199,,0,,,,0.030,-4.369,True,0.424,-123.824,336.40,404.93
1786962037.249,,0,,,,0.050,-4.343,True,0.424,-123.804,336.48,404.93
1786962037.374,,0,,,,0.310,-4.009,True,0.428,-123.743,336.72,404.93
1786962037.474,,0,,,,0.510,-3.752,True,0.432,-123.744,336.71,404.93
1786962037.549,,0,,,,0.750,-3.443,True,0.436,-123.853,336.29,404.94
1786962037.649,,0,,,,0.810,-3.365,True,0.437,-123.935,335.97,404.94
1786962037.724,,0,,,,0.780,-3.404,True,0.436,-123.979,335.80,404.94
1786962037.799,,0,,,,0.690,-3.520,True,0.435,-123.911,336.07,404.95
1786962037.849,,0,,,,0.490,-3.777,True,0.431,-123.909,336.08,404.95
1786962037.924,,0,,,,0.350,-3.957,True,0.429,-123.901,336.11,404.95
1786962037.999,,0,,,,0.170,-4.189,True,0.426,-123.847,336.33,404.96
1786962038.099,,0,,,,0.090,-4.292,True,0.425,-123.762,336.67,404.97
1786962038.149,,0,,,,0.110,-4.266,True,0.425,-123.768,336.65,404.97
1786962038.224,,0,,,,0.210,-4.138,True,0.427,-123.656,337.09,404.97
1786962038.274,,0,,,,0.300,-4.022,True,0.428,-123.701,336.91,404.97
1786962038.324,,0,,,,0.390,-3.906,True,0.430,-123.675,337.02,404.97
1786962038.374,,0,,,,0.510,-3.752,True,0.432,-123.695,336.94,404.97
1786962038.450,,0,,,,0.600,-3.636,True,0.433,-123.709,336.89,404.98
1786962038.549,,0,,,,0.730,-3.468,True,0.435,-123.764,336.68,404.98
1786962038.624,,0,,,,0.800,-3.378,True,0.436,-123.825,336.44,404.99
1786962038.724,,0,,,,0.780,-3.404,True,0.436,-123.881,336.22,404.99
1786962038.799,,0,,,,0.670,-3.546,True,0.434,-123.881,336.23,405.00
1786962038.874,,0,,,,0.570,-3.674,True,0.433,-123.781,336.62,405.00
1786962038.949,,0,,,,0.440,-3.842,True,0.430,-123.634,337.21,405.01
1786962039.024,,0,,,,0.360,-3.945,True,0.429,-123.503,337.72,405.00
1786962039.074,,0,,,,0.300,-4.022,True,0.428,-123.416,338.06,405.00
1786962039.149,,0,,,,0.270,-4.060,True,0.428,-123.230,338.78,405.01
1786962039.274,,0,,,,0.370,-3.932,True,0.429,-123.129,339.17,405.00
1786962039.374,,0,,,,0.460,-3.816,True,0.431,-123.104,339.27,405.01
1786962039.449,,0,,,,0.540,-3.713,True,0.432,-123.140,339.13,405.01
1786962039.574,,0,,,,0.600,-3.636,True,0.433,-123.142,339.13,405.02
1786962039.699,,0,,,,0.540,-3.713,True,0.432,-123.204,338.90,405.03
1786962039.774,,0,,,,0.520,-3.739,True,0.432,-123.172,339.03,405.04
1786962039.849,,0,,,,0.560,-3.687,True,0.432,-123.127,339.20,405.04
1786962039.899,,0,,,,0.570,-3.674,True,0.433,-123.056,339.48,405.04
1786962039.974,,0,,,,0.620,-3.610,True,0.433,-123.011,339.65,405.04
1786962040.074,,0,,,,0.780,-3.404,True,0.436,-122.932,339.95,405.04
1786962040.149,,0,,,,0.940,-3.198,True,0.439,-122.871,340.19,405.04
1786962040.249,,0,,,,1.120,-2.967,True,0.442,-122.901,340.08,405.04
1786962040.374,,0,,,,1.210,-2.851,True,0.443,-122.763,340.61,405.05
1786962040.449,,0,,,,1.250,-2.799,True,0.444,-122.719,340.78,405.05
1786962043.524,,0,,,,0.500,-3.764,True,0.431,-119.791,351.58,405.12
1786962043.724,,0,,,,0.810,-3.365,True,0.437,-119.987,350.90,405.13
1786962043.874,,0,,,,0.720,-3.481,True,0.435,-120.028,350.76,405.13
1786962043.949,,0,,,,0.600,-3.636,True,0.433,-120.045,350.71,405.15
1786962043.999,,0,,,,0.440,-3.842,True,0.430,-119.995,350.89,405.15
1786962044.099,,0,,,,0.230,-4.112,True,0.427,-119.878,351.30,405.15
1786962044.149,,0,,,,0.090,-4.292,True,0.425,-119.776,351.66,405.16
1786962044.249,,0,,,,0.000,-4.408,True,0.423,-119.581,352.34,405.15
1786962044.324,,0,,,,0.010,-4.395,True,0.423,-119.449,352.81,405.16
1786962044.449,,0,,,,0.170,-4.189,True,0.426,-119.381,353.04,405.15
1786962044.499,,0,,,,0.330,-3.983,True,0.429,-119.398,352.99,405.16
1786962044.574,,0,,,,0.490,-3.777,True,0.431,-119.443,352.83,405.16
1786962044.674,,0,,,,0.500,-3.764,True,0.431,-119.545,352.48,405.16
1786962044.749,,0,,,,0.400,-3.893,True,0.430,-119.533,352.53,405.17
1786962044.824,,0,,,,0.230,-4.112,True,0.427,-119.444,352.84,405.17
1786962044.949,,0,,,,-0.010,-4.421,True,0.423,-119.302,353.33,405.17
1786962045.024,,0,,,,-0.240,-4.717,True,0.419,-119.097,354.04,405.17
1786962045.099,,0,,,,-0.370,-4.884,True,0.417,-118.865,354.84,405.18
1786962045.149,,0,,,,-0.440,-4.974,True,0.416,-118.772,355.16,405.18
1786962045.224,,0,,,,-0.510,-5.064,True,0.415,-118.607,355.71,405.18
1786962045.299,,0,,,,-0.470,-5.012,True,0.416,-118.595,355.75,405.17
1786962045.374,,0,,,,-0.420,-4.948,True,0.416,-118.535,355.96,405.18
1786962045.449,,0,,,,-0.250,-4.729,True,0.419,-118.561,355.87,405.17
1786962045.524,,0,,,,-0.210,-4.678,True,0.420,-118.518,356.02,405.18
1786962045.599,,0,,,,-0.070,-4.498,True,0.422,-118.536,355.96,405.18
1786962045.674,,0,,,,-0.060,-4.485,True,0.422,-118.499,356.08,405.18
1786962045.774,,0,,,,-0.050,-4.472,True,0.422,-118.626,355.66,405.19
1786962045.849,,0,,,,-0.080,-4.511,True,0.422,-118.673,355.50,405.18
1786962045.924,,0,,,,-0.160,-4.614,True,0.421,-118.638,355.63,405.19
1786962045.999,,0,,,,-0.180,-4.639,True,0.420,-118.542,355.95,405.19
1786962046.099,,0,,,,-0.210,-4.678,True,0.420,-118.553,355.92,405.20
1786962046.199,,0,,,,-0.210,-4.678,True,0.420,-118.558,355.90,405.20
1786962046.274,,0,,,,-0.170,-4.626,True,0.420,-118.558,355.90,405.20
1786962046.349,,0,,,,-0.090,-4.524,True,0.422,-118.567,355.88,405.21
1786962046.449,,0,,,,0.040,-4.356,True,0.424,-118.537,355.97,405.20
1786962046.524,,0,,,,0.140,-4.228,True,0.426,-118.541,355.97,405.21
1786962046.599,,0,,,,0.120,-4.253,True,0.425,-118.526,356.02,405.21
1786962046.649,,0,,,,0.070,-4.318,True,0.424,-118.352,356.60,405.20
1786962046.749,,0,,,,0.010,-4.395,True,0.423,-118.193,357.14,405.21
1786962046.824,,0,,,,-0.180,-4.639,True,0.420,-118.196,357.12,405.20
1786962046.874,,0,,,,-0.270,-4.755,True,0.419,-117.987,357.81,405.20
1786962046.974,,0,,,,-0.440,-4.974,True,0.416,-117.779,358.51,405.21
1786962047.049,,0,,,,-0.630,-5.218,True,0.413,-117.643,358.95,405.21
1786962047.099,,0,,,,-0.630,-5.218,True,0.413,-117.555,359.25,405.21
1786962047.199,,0,,,,-0.620,-5.205,True,0.413,-117.541,359.29,405.21
1786962047.274,,0,,,,-0.530,-5.090,True,0.415,-117.427,359.67,405.21
1786962047.374,,0,,,,-0.420,-4.948,True,0.416,-117.348,359.93,405.22
1786962047.449,,0,,,,-0.250,-4.729,True,0.419,-117.371,359.85,405.21
1786962047.524,,0,,,,-0.120,-4.562,True,0.421,-117.525,359.35,405.22
1786962047.649,,0,,,,0.020,-4.382,True,0.424,-117.579,359.17,405.21
1786962047.749,,0,,,,0.070,-4.318,True,0.424,-117.532,359.33,405.22
1786962047.799,,0,,,,0.060,-4.331,True,0.424,-117.469,359.53,405.22
1786962047.874,,0,,,,0.040,-4.356,True,0.424,-117.247,360.25,405.21
1786962047.949,,0,,,,-0.020,-4.433,True,0.423,-117.178,360.48,405.22
1786962048.049,,0,,,,-0.010,-4.421,True,0.423,-117.096,360.74,405.22
1786962048.124,,0,,,,0.000,-4.408,True,0.423,-117.037,360.94,405.22
1786962048.174,,0,,,,0.060,-4.331,True,0.424,-116.955,361.20,405.23
1786962048.249,,0,,,,0.170,-4.189,True,0.426,-116.804,361.68,405.22
1786962048.299,,0,,,,0.270,-4.060,True,0.428,-116.719,361.95,405.22
1786962048.424,,0,,,,0.520,-3.739,True,0.432,-116.560,362.45,405.22
1786962048.499,,0,,,,0.540,-3.713,True,0.432,-116.547,362.50,405.22
1786962048.624,,0,,,,0.430,-3.854,True,0.430,-116.439,362.84,405.22
1786962048.674,,0,,,,0.350,-3.957,True,0.429,-116.301,363.27,405.22
1786962048.774,,0,,,,0.220,-4.125,True,0.427,-116.176,363.67,405.22
1786962048.824,,0,,,,0.120,-4.253,True,0.425,-116.043,364.08,405.22
1786962048.874,,0,,,,0.040,-4.356,True,0.424,-115.928,364.43,405.22
1786962049.049,,0,,,,0.140,-4.228,True,0.426,-115.610,365.41,405.22
1786962049.124,,0,,,,0.270,-4.060,True,0.428,-115.402,366.04,405.22
1786962049.199,,0,,,,0.300,-4.022,True,0.428,-115.305,366.33,405.21
1786962049.299,,0,,,,0.400,-3.893,True,0.430,-115.199,366.65,405.21
1786962049.374,,0,,,,0.420,-3.867,True,0.430,-115.112,366.92,405.22
1786962049.474,,0,,,,0.430,-3.854,True,0.430,-115.106,366.93,405.21
1786962049.524,,0,,,,0.490,-3.777,True,0.431,-115.043,367.12,405.22
1786962049.624,,0,,,,0.630,-3.597,True,0.434,-115.034,367.15,405.21
1786962049.724,,0,,,,0.810,-3.365,True,0.437,-114.995,367.27,405.22
1786962049.824,,0,,,,0.970,-3.160,True,0.439,-114.909,367.52,405.22
1786962049.899,,0,,,,1.070,-3.031,True,0.441,-114.805,367.84,405.22
1786962050.024,,0,,,,1.050,-3.057,True,0.441,-114.719,368.09,405.22
1786962050.074,,0,,,,0.980,-3.147,True,0.439,-114.550,368.59,405.22
1786962050.174,,0,,,,0.790,-3.391,True,0.436,-114.408,369.01,405.23
1786962050.249,,0,,,,0.670,-3.546,True,0.434,-114.239,369.50,405.22
1786962050.349,,0,,,,0.520,-3.739,True,0.432,-114.016,370.15,405.23
1786962050.399,,0,,,,0.450,-3.829,True,0.431,-113.840,370.65,405.23
1786962050.474,,0,,,,0.450,-3.829,True,0.431,-113.753,370.89,405.22
1786962050.549,,0,,,,0.460,-3.816,True,0.431,-113.548,371.48,405.23
1786962050.649,,0,,,,0.440,-3.842,True,0.430,-113.421,371.83,405.22
1786962050.749,,0,,,,0.310,-4.009,True,0.428,-113.265,372.27,405.22
1786962050.874,,0,,,,0.110,-4.266,True,0.425,-113.050,372.86,405.21
1786962050.999,,0,,,,0.060,-4.331,True,0.424,-112.854,373.40,405.22
1786962051.124,,0,,,,0.160,-4.202,True,0.426,-112.817,373.51,405.22
1786962051.249,,0,,,,0.290,-4.035,True,0.428,-112.699,373.83,405.22
1786962051.324,,0,,,,0.370,-3.932,True,0.429,-112.619,374.05,405.22
1786962051.399,,0,,,,0.390,-3.906,True,0.430,-112.436,374.55,405.22
1786962051.474,,0,,,,0.460,-3.816,True,0.431,-112.356,374.75,405.21
1786962051.624,,0,,,,0.570,-3.674,True,0.433,-112.206,375.15,405.21
1786962051.774,,0,,,,0.700,-3.507,True,0.435,-112.049,375.57,405.21
1786962051.849,,0,,,,0.720,-3.481,True,0.435,-111.929,375.88,405.20
1786962051.924,,0,,,,0.730,-3.468,True,0.435,-111.868,376.05,405.20
1786962052.199,,0,,,,0.390,-3.906,True,0.430,-111.574,376.81,405.20
1786962052.249,,0,,,,0.340,-3.970,True,0.429,-111.417,377.22,405.20
1786962052.324,,0,,,,0.340,-3.970,True,0.429,-110.584,379.33,405.20
1786962052.449,,0,,,,0.480,-3.790,True,0.431,-109.963,380.85,405.19
1786962052.524,,0,,,,0.600,-3.636,True,0.433,-109.579,381.77,405.19
1786962052.599,,0,,,,0.680,-3.533,True,0.434,-109.471,382.02,405.19
1786962052.674,,0,,,,0.670,-3.546,True,0.434,-109.196,382.66,405.19
1786962052.749,,0,,,,0.560,-3.687,True,0.432,-109.042,383.02,405.19
1786962052.849,,0,,,,0.360,-3.945,True,0.429,-108.902,383.34,405.19
1786962052.899,,0,,,,0.220,-4.125,True,0.427,-108.560,384.11,405.18
1786962052.974,,0,,,,0.060,-4.331,True,0.424,-108.316,384.66,405.18
1786962053.049,,0,,,,0.010,-4.395,True,0.423,-107.919,385.52,405.18
1786962053.124,,0,,,,0.050,-4.343,True,0.424,-107.642,386.12,405.17
1786962053.224,,0,,,,0.140,-4.228,True,0.426,-107.474,386.47,405.17
1786962053.299,,0,,,,0.280,-4.047,True,0.428,-107.383,386.66,405.16
1786962053.399,,0,,,,0.480,-3.790,True,0.431,-107.297,386.84,405.16
1786962053.499,,0,,,,0.670,-3.546,True,0.434,-107.247,386.95,405.16
1786962053.599,,0,,,,0.750,-3.443,True,0.436,-107.149,387.15,405.16
1786962053.699,,0,,,,0.730,-3.468,True,0.435,-107.040,387.38,405.16
1786962053.749,,0,,,,0.680,-3.533,True,0.434,-106.799,387.87,405.17
1786962053.824,,0,,,,0.630,-3.597,True,0.434,-106.390,388.70,405.16
1786962053.874,,0,,,,0.620,-3.610,True,0.433,-106.069,389.33,405.16
1786962053.949,,0,,,,0.590,-3.649,True,0.433,-105.813,389.83,405.16
1786962054.024,,0,,,,0.650,-3.571,True,0.434,-105.578,390.27,405.16
1786962054.099,,0,,,,0.680,-3.533,True,0.434,-105.481,390.45,405.15
1786962054.149,,0,,,,0.760,-3.430,True,0.436,-105.363,390.67,405.15
1786962054.224,,0,,,,0.760,-3.430,True,0.436,-105.092,391.16,405.14
1786962054.299,,0,,,,0.770,-3.417,True,0.436,-104.964,391.40,405.14
1786962054.374,,0,,,,0.790,-3.391,True,0.436,-104.736,391.81,405.14
1786962054.474,,0,,,,0.750,-3.443,True,0.436,-104.516,392.20,405.13
1786962054.549,,0,,,,0.720,-3.481,True,0.435,-104.220,392.72,405.13
1786962054.599,,0,,,,0.660,-3.558,True,0.434,-103.933,393.21,405.13
1786962054.699,,0,,,,0.590,-3.649,True,0.433,-103.827,393.39,405.13
1786962054.774,,0,,,,0.530,-3.726,True,0.432,-103.667,393.65,405.13
1786962054.874,,0,,,,0.450,-3.829,True,0.431,-103.410,394.07,405.12
1786962054.949,,0,,,,0.500,-3.764,True,0.431,-103.141,394.51,405.12
1786962055.049,,0,,,,0.590,-3.649,True,0.433,-102.945,394.81,405.11
1786962055.124,,0,,,,0.720,-3.481,True,0.435,-102.742,395.13,405.11
1786962055.249,,0,,,,0.840,-3.327,True,0.437,-102.556,395.42,405.10
1786962055.324,,0,,,,0.920,-3.224,True,0.438,-102.361,395.71,405.10
1786962055.424,,0,,,,0.980,-3.147,True,0.439,-102.102,396.10,405.10
1786962055.499,,0,,,,1.020,-3.095,True,0.440,-101.826,396.50,405.10
1786962055.599,,0,,,,0.950,-3.185,True,0.439,-101.517,396.94,405.09
1786962055.649,,0,,,,0.940,-3.198,True,0.439,-101.208,397.37,405.09
1786962055.724,,0,,,,0.860,-3.301,True,0.437,-100.985,397.67,405.09
1786962055.824,,0,,,,0.800,-3.378,True,0.436,-100.740,397.99,405.09
1786962055.924,,0,,,,0.780,-3.404,True,0.436,-100.496,398.31,405.09
1786962055.999,,0,,,,0.760,-3.430,True,0.436,-100.305,398.55,405.08
1786962056.074,,0,,,,0.800,-3.378,True,0.436,-100.203,398.68,405.08
1786962056.149,,0,,,,1.020,-3.095,True,0.440,-100.090,398.82,405.08
1786962056.224,,0,,,,1.130,-2.954,True,0.442,-100.003,398.92,405.08
1786962056.349,,0,,,,1.260,-2.786,True,0.444,-99.984,398.94,405.08
1786962056.399,,0,,,,1.230,-2.825,True,0.444,-99.844,399.11,405.07
1786962056.449,,0,,,,1.130,-2.954,True,0.442,-99.514,399.50,405.07
1786962056.549,,0,,,,0.830,-3.340,True,0.437,-99.118,399.95,405.07
1786962056.624,,0,,,,0.670,-3.546,True,0.434,-98.854,400.24,405.06
1786962056.724,,0,,,,0.460,-3.816,True,0.431,-98.373,400.74,405.06
1786962056.799,,0,,,,0.400,-3.893,True,0.430,-97.955,401.15,405.05
1786962056.874,,0,,,,0.410,-3.880,True,0.430,-97.792,401.31,405.05
1786962056.949,,0,,,,0.510,-3.752,True,0.432,-97.546,401.54,405.04
1786962057.049,,0,,,,0.630,-3.597,True,0.434,-97.385,401.68,405.04
1786962057.074,,0,,,,0.760,-3.430,True,0.436,-97.382,401.68,405.04
1786962057.174,,0,,,,0.970,-3.160,True,0.439,-97.320,401.73,405.03
1786962057.274,,0,,,,1.140,-2.941,True,0.442,-97.239,401.80,405.03
1786962057.349,,0,,,,1.220,-2.838,True,0.443,-97.215,401.83,405.03
1786962057.424,,0,,,,1.220,-2.838,True,0.443,-97.131,401.90,405.03
1786962057.524,,0,,,,1.220,-2.838,True,0.443,-96.980,402.03,405.03
1786962057.599,,0,,,,1.170,-2.902,True,0.443,-96.783,402.20,405.03
1786962057.649,,0,,,,1.150,-2.928,True,0.442,-96.582,402.36,405.03
1786962057.724,,0,,,,1.120,-2.967,True,0.442,-96.168,402.69,405.03
1786962057.799,,0,,,,1.130,-2.954,True,0.442,-96.005,402.80,405.02
1786962057.924,,0,,,,1.190,-2.877,True,0.443,-95.390,403.23,405.02
1786962057.974,,0,,,,1.210,-2.851,True,0.443,-95.372,403.24,405.02
1786962058.049,,0,,,,1.190,-2.877,True,0.443,-95.119,403.39,405.01
1786962058.124,,0,,,,1.120,-2.967,True,0.442,-94.982,403.48,405.01
1786962058.199,,0,,,,0.990,-3.134,True,0.440,-94.794,403.59,405.01
1786962058.249,,0,,,,0.840,-3.327,True,0.437,-94.588,403.71,405.00
1786962058.349,,0,,,,0.620,-3.610,True,0.433,-94.402,403.81,405.01
1786962058.449,,0,,,,0.380,-3.919,True,0.429,-93.751,404.14,405.00
1786962058.524,,0,,,,0.280,-4.047,True,0.428,-93.367,404.30,405.00
1786962058.624,,0,,,,0.280,-4.047,True,0.428,-93.298,404.33,405.00
1786962058.699,,0,,,,0.300,-4.022,True,0.428,-93.215,404.35,404.99
1786962058.774,,0,,,,0.340,-3.970,True,0.429,-93.104,404.40,404.99
1786962058.849,,0,,,,0.280,-4.047,True,0.428,-92.899,404.46,404.98
1786962058.924,,0,,,,0.320,-3.996,True,0.428,-92.708,404.53,404.98
1786962058.974,,0,,,,0.340,-3.970,True,0.429,-92.609,404.56,404.98
1786962059.074,,0,,,,0.390,-3.906,True,0.430,-92.441,404.61,404.98
1786962059.149,,0,,,,0.530,-3.726,True,0.432,-92.352,404.63,404.98
1786962059.224,,0,,,,0.670,-3.546,True,0.434,-92.260,404.66,404.97
1786962059.324,,0,,,,0.770,-3.417,True,0.436,-92.243,404.67,404.98
1786962059.399,,0,,,,0.830,-3.340,True,0.437,-92.143,404.69,404.98
1786962059.524,,0,,,,0.660,-3.558,True,0.434,-92.003,404.73,404.98
1786962059.599,,0,,,,0.480,-3.790,True,0.431,-91.918,404.75,404.98
1786962059.674,,0,,,,0.400,-3.893,True,0.430,-91.524,404.83,404.97
1786962059.774,,0,,,,0.380,-3.919,True,0.429,-91.278,404.87,404.97
1786962059.849,,0,,,,0.550,-3.700,True,0.432,-90.985,404.91,404.97
1786962059.899,,0,,,,0.660,-3.558,True,0.434,-90.827,404.92,404.96
1786962059.974,,0,,,,0.900,-3.250,True,0.438,-90.792,404.92,404.96
1786962060.049,,0,,,,1.100,-2.992,True,0.441,-90.485,404.94,404.96
1786962060.174,,0,,,,1.100,-2.992,True,0.441,-90.410,404.94,404.95
1786962060.249,,0,,,,0.880,-3.275,True,0.438,-90.338,404.95,404.95
1786962060.324,,0,,,,0.670,-3.546,True,0.434,-90.072,404.95,404.95
1786962060.374,,0,,,,0.220,-4.125,True,0.427,-90.036,404.95,404.95
1786962060.449,,0,,,,0.000,-4.408,True,0.423,-89.637,404.94,404.95
1786962060.549,,0,,,,-0.200,-4.665,True,0.420,-89.237,404.91,404.95
1786962060.674,,0,,,,0.000,-4.408,True,0.423,-88.706,404.84,404.94
1786962060.749,,0,,,,0.330,-3.983,True,0.429,-88.509,404.80,404.94
1786962060.849,,0,,,,0.730,-3.468,True,0.435,-88.610,404.82,404.94
1786962060.949,,0,,,,1.100,-2.992,True,0.441,-87.754,404.62,404.94
1786962061.024,,0,,,,1.210,-2.851,True,0.443,-88.408,404.78,404.94
1786962061.099,,0,,,,1.110,-2.979,True,0.442,-88.761,404.84,404.94
1786962061.149,,0,,,,0.930,-3.211,True,0.439,-88.683,404.83,404.94
1786962061.224,,0,,,,0.490,-3.777,True,0.431,-88.385,404.78,404.94
1786962061.324,,0,,,,0.120,-4.253,True,0.425,-87.942,404.68,404.94
1786962061.374,,0,,,,-0.090,-4.524,True,0.422,-87.766,404.63,404.94
1786962061.474,,0,,,,-0.070,-4.498,True,0.422,-87.385,404.52,404.94
1786962061.574,,0,,,,0.130,-4.240,True,0.425,-87.180,404.44,404.93
1786962061.649,,0,,,,0.430,-3.854,True,0.430,-87.136,404.43,404.93
1786962061.699,,0,,,,0.640,-3.584,True,0.434,-87.111,404.42,404.93
1786962061.774,,0,,,,0.790,-3.391,True,0.436,-87.044,404.39,404.93
1786962061.874,,0,,,,0.910,-3.237,True,0.438,-87.072,404.41,404.94
1786962061.949,,0,,,,0.860,-3.301,True,0.437,-87.151,404.44,404.94
1786962062.024,,0,,,,0.670,-3.546,True,0.434,-86.964,404.37,404.94
1786962062.124,,0,,,,0.310,-4.009,True,0.428,-86.641,404.24,404.94
1786962062.224,,0,,,,0.050,-4.343,True,0.424,-86.227,404.06,404.94
1786962062.299,,0,,,,-0.080,-4.511,True,0.422,-85.729,403.81,404.93
1786962062.424,,0,,,,-0.160,-4.614,True,0.421,-85.502,403.68,404.93
1786962062.524,,0,,,,-0.130,-4.575,True,0.421,-85.436,403.64,404.92
1786962062.624,,0,,,,-0.060,-4.485,True,0.422,-85.223,403.52,404.92
1786962062.724,,0,,,,0.000,-4.408,True,0.423,-85.100,403.44,404.92
1786962062.774,,0,,,,0.030,-4.369,True,0.424,-85.002,403.38,404.92
1786962062.874,,0,,,,0.010,-4.395,True,0.423,-84.905,403.32,404.92
1786962062.949,,0,,,,0.030,-4.369,True,0.424,-84.859,403.29,404.92
1786962062.999,,0,,,,0.000,-4.408,True,0.423,-84.754,403.23,404.92
1786962063.099,,0,,,,0.000,-4.408,True,0.423,-84.781,403.24,404.92
1786962063.174,,0,,,,-0.030,-4.446,True,0.423,-84.699,403.19,404.92
1786962063.274,,0,,,,0.000,-4.408,True,0.423,-84.578,403.11,404.93
1786962063.349,,0,,,,0.000,-4.408,True,0.423,-84.369,402.97,404.92
1786962063.424,,0,,,,0.000,-4.408,True,0.423,-84.300,402.92,404.92
1786962063.499,,0,,,,0.060,-4.331,True,0.424,-84.051,402.74,404.92
1786962063.574,,0,,,,0.080,-4.305,True,0.425,-84.002,402.70,404.92
1786962063.649,,0,,,,0.110,-4.266,True,0.425,-84.024,402.72,404.92
1786962063.724,,0,,,,0.090,-4.292,True,0.425,-83.976,402.69,404.92
1786962063.799,,0,,,,0.070,-4.318,True,0.424,-84.002,402.71,404.93
1786962063.874,,0,,,,0.030,-4.369,True,0.424,-83.852,402.60,404.93
1786962063.949,,0,,,,-0.020,-4.433,True,0.423,-83.705,402.49,404.93
1786962064.049,,0,,,,-0.150,-4.601,True,0.421,-83.443,402.28,404.93
1786962064.124,,0,,,,-0.270,-4.755,True,0.419,-83.367,402.22,404.93
1786962064.199,,0,,,,-0.410,-4.935,True,0.417,-83.035,401.94,404.93
1786962064.324,,0,,,,-0.640,-5.231,True,0.413,-82.838,401.77,404.93
1786962064.399,,0,,,,-0.700,-5.308,True,0.412,-82.459,401.43,404.93
1786962064.474,,0,,,,-0.730,-5.347,True,0.412,-82.326,401.31,404.93
1786962064.524,,0,,,,-0.730,-5.347,True,0.412,-82.199,401.18,404.93
1786962064.624,,0,,,,-0.710,-5.321,True,0.412,-82.176,401.16,404.93
1786962064.724,,0,,,,-0.650,-5.244,True,0.413,-82.242,401.23,404.93
1786962064.799,,0,,,,-0.640,-5.231,True,0.413,-82.301,401.29,404.94
1786962064.874,,0,,,,-0.610,-5.193,True,0.413,-82.254,401.24,404.94
1786962064.949,,0,,,,-0.590,-5.167,True,0.414,-82.229,401.22,404.93
1786962065.024,,0,,,,-0.610,-5.193,True,0.413,-82.236,401.22,404.94
1786962065.074,,0,,,,-0.650,-5.244,True,0.413,-82.165,401.16,404.94
1786962065.149,,0,,,,-0.640,-5.231,True,0.413,-82.133,401.12,404.93
1786962065.249,,0,,,,-0.570,-5.141,True,0.414,-82.048,401.04,404.94
1786962065.299,,0,,,,-0.470,-5.012,True,0.416,-81.864,400.86,404.93
1786962065.424,,0,,,,-0.170,-4.626,True,0.420,-81.885,400.88,404.94
1786962065.499,,0,,,,0.000,-4.408,True,0.423,-81.895,400.89,404.94
1786962065.599,,0,,,,0.190,-4.163,True,0.426,-81.767,400.76,404.93
1786962065.649,,0,,,,0.230,-4.112,True,0.427,-81.678,400.67,404.94
1786962065.724,,0,,,,0.230,-4.112,True,0.427,-81.727,400.72,404.94
1786962065.824,,0,,,,0.070,-4.318,True,0.424,-81.563,400.55,404.94
1786962065.899,,0,,,,-0.010,-4.421,True,0.423,-81.240,400.21,404.93
1786962065.949,,0,,,,-0.120,-4.562,True,0.421,-81.049,400.00,404.93
1786962066.024,,0,,,,-0.160,-4.614,True,0.421,-80.807,399.73,404.93
1786962066.124,,0,,,,-0.070,-4.498,True,0.422,-80.587,399.48,404.93
1786962066.224,,0,,,,0.030,-4.369,True,0.424,-80.755,399.67,404.93
1786962066.299,,0,,,,0.110,-4.266,True,0.425,-80.863,399.80,404.93
1786962066.374,,0,,,,0.150,-4.215,True,0.426,-80.838,399.77,404.93
1786962066.499,,0,,,,0.080,-4.305,True,0.425,-80.839,399.77,404.94
1786962066.574,,0,,,,0.040,-4.356,True,0.424,-80.702,399.62,404.94
1786962066.649,,0,,,,-0.040,-4.459,True,0.423,-80.525,399.41,404.94
1786962066.724,,0,,,,-0.110,-4.549,True,0.421,-80.382,399.25,404.94
1786962066.799,,0,,,,-0.110,-4.549,True,0.421,-80.235,399.07,404.94
1786962066.924,,0,,,,0.010,-4.395,True,0.423,-80.064,398.86,404.94
1786962066.999,,0,,,,0.140,-4.228,True,0.426,-80.059,398.86,404.94
1786962067.099,,0,,,,0.350,-3.957,True,0.429,-80.133,398.95,404.94
1786962067.174,,0,,,,0.420,-3.867,True,0.430,-80.026,398.82,404.94
1786962067.249,,0,,,,0.490,-3.777,True,0.431,-80.020,398.81,404.94
1786962067.349,,0,,,,0.500,-3.764,True,0.431,-79.913,398.68,404.94
1786962067.474,,0,,,,0.550,-3.700,True,0.432,-79.833,398.58,404.94
1786962067.549,,0,,,,0.550,-3.700,True,0.432,-79.823,398.57,404.94
1786962067.624,,0,,,,0.580,-3.661,True,0.433,-79.594,398.28,404.94
1786962067.699,,0,,,,0.580,-3.661,True,0.433,-79.568,398.25,404.94
1786962067.774,,0,,,,0.520,-3.739,True,0.432,-79.524,398.19,404.94
1786962067.849,,0,,,,0.410,-3.880,True,0.430,-79.458,398.11,404.95
1786962067.924,,0,,,,0.370,-3.932,True,0.429,-79.343,397.96,404.95
1786962067.999,,0,,,,0.320,-3.996,True,0.428,-79.250,397.84,404.95
1786962068.099,,0,,,,0.390,-3.906,True,0.430,-79.139,397.69,404.95
1786962068.174,,0,,,,0.490,-3.777,True,0.431,-79.099,397.64,404.94
1786962068.249,,0,,,,0.660,-3.558,True,0.434,-78.998,397.50,404.94
1786962068.324,,0,,,,0.820,-3.353,True,0.437,-79.004,397.51,404.94
1786962068.424,,0,,,,0.930,-3.211,True,0.439,-79.116,397.66,404.94
1786962068.474,,0,,,,0.890,-3.263,True,0.438,-79.087,397.62,404.94
1786962068.574,,0,,,,0.730,-3.468,True,0.435,-79.063,397.59,404.94
1786962068.649,,0,,,,0.580,-3.661,True,0.433,-78.974,397.47,404.95
1786962068.724,,0,,,,0.420,-3.867,True,0.430,-78.897,397.37,404.95
1786962068.799,,0,,,,0.390,-3.906,True,0.430,-78.822,397.27,404.95
1786962068.874,,0,,,,0.440,-3.842,True,0.430,-78.817,397.26,404.95
1786962068.974,,0,,,,0.570,-3.674,True,0.433,-78.744,397.16,404.95
1786962069.074,,0,,,,0.820,-3.353,True,0.437,-78.679,397.07,404.95
1786962069.149,,0,,,,0.980,-3.147,True,0.439,-78.697,397.09,404.95
1786962069.249,,0,,,,1.010,-3.108,True,0.440,-78.749,397.17,404.95
1786962069.324,,0,,,,0.950,-3.185,True,0.439,-78.795,397.23,404.95
1786962069.449,,0,,,,0.730,-3.468,True,0.435,-78.763,397.19,404.95
1786962069.524,,0,,,,0.640,-3.584,True,0.434,-78.651,397.04,404.95
1786962069.574,,0,,,,0.530,-3.726,True,0.432,-78.588,396.95,404.95
1786962069.699,,0,,,,0.420,-3.867,True,0.430,-78.472,396.79,404.96
1786962069.774,,0,,,,0.390,-3.906,True,0.430,-78.430,396.73,404.96
1786962069.874,,0,,,,0.430,-3.854,True,0.430,-78.361,396.64,404.96
1786962070.049,,0,,,,0.540,-3.713,True,0.432,-78.250,396.48,404.96
1786962070.124,,0,,,,0.600,-3.636,True,0.433,-78.250,396.48,404.96
1786962070.199,,0,,,,0.530,-3.726,True,0.432,-78.230,396.45,404.97
1786962070.324,,0,,,,0.360,-3.945,True,0.429,-78.106,396.27,404.97
1786962070.399,,0,,,,0.200,-4.150,True,0.426,-78.094,396.26,404.97
1786962070.449,,0,,,,-0.020,-4.433,True,0.423,-77.958,396.06,404.97
1786962070.549,,0,,,,-0.160,-4.614,True,0.421,-77.847,395.89,404.97
1786962070.674,,0,,,,-0.170,-4.626,True,0.420,-77.703,395.68,404.97
1786962070.724,,0,,,,-0.100,-4.536,True,0.422,-77.617,395.55,404.97
1786962070.849,,0,,,,-0.030,-4.446,True,0.423,-77.634,395.57,404.97
1786962070.899,,0,,,,-0.010,-4.421,True,0.423,-77.616,395.55,404.97
1786962070.974,,0,,,,-0.030,-4.446,True,0.423,-77.510,395.38,404.97
1786962071.074,,0,,,,-0.120,-4.562,True,0.421,-77.692,395.67,404.97
1786962071.149,,0,,,,-0.150,-4.601,True,0.421,-77.709,395.69,404.97
1786962071.249,,0,,,,-0.110,-4.549,True,0.421,-77.612,395.55,404.98
1786962071.324,,0,,,,0.000,-4.408,True,0.423,-77.774,395.79,404.98
1786962071.424,,0,,,,0.080,-4.305,True,0.425,-77.785,395.81,404.98
1786962071.524,,0,,,,0.110,-4.266,True,0.425,-77.750,395.75,404.98
1786962071.624,,0,,,,0.000,-4.408,True,0.423,-77.894,395.97,404.98
1786962071.749,,0,,,,-0.200,-4.665,True,0.420,-77.707,395.69,404.98
1786962071.899,,0,,,,-0.210,-4.678,True,0.420,-77.446,395.29,404.97
1786962071.974,,0,,,,-0.050,-4.472,True,0.422,-77.499,395.37,404.97
1786962072.149,,0,,,,0.270,-4.060,True,0.428,-77.630,395.57,404.98
1786962072.224,,0,,,,0.220,-4.125,True,0.427,-77.628,395.57,404.98
1786962072.299,,0,,,,0.060,-4.331,True,0.424,-77.775,395.80,404.99
1786962072.374,,0,,,,-0.150,-4.601,True,0.421,-77.696,395.68,404.99
1786962072.449,,0,,,,-0.460,-5.000,True,0.416,-77.575,395.51,404.99
1786962072.524,,0,,,,-0.690,-5.296,True,0.412,-77.540,395.45,404.99
1786962072.624,,0,,,,-0.730,-5.347,True,0.412,-77.290,395.07,404.99
1786962072.699,,0,,,,-0.600,-5.180,True,0.414,-77.226,394.97,404.99
1786962072.799,,0,,,,-0.400,-4.922,True,0.417,-77.266,395.03,405.00
1786962073.199,,0,,,,-0.820,-5.463,True,0.410,-77.608,395.58,405.02
1786962073.324,,0,,,,-1.430,-6.221,True,0.405,-77.218,394.99,405.02
1786962073.424,,0,,,,-1.640,-6.435,True,0.412,-77.143,394.87,405.03
1786962073.524,,0,,,,-1.630,-6.425,True,0.412,-77.142,394.87,405.03
1786962073.599,,0,,,,-1.510,-6.303,True,0.408,-77.204,394.97,405.03
1786962073.699,,0,,,,-1.360,-6.150,True,0.403,-77.342,395.19,405.03
1786962073.774,,0,,,,-1.150,-5.887,True,0.405,-77.384,395.25,405.03
1786962073.849,,0,,,,-1.090,-5.810,True,0.406,-77.580,395.56,405.04
1786962073.924,,0,,,,-1.120,-5.849,True,0.405,-77.625,395.63,405.04
1786962074.099,,0,,,,-1.280,-6.055,True,0.403,-77.471,395.41,405.05
1786962074.374,,0,,,,-1.900,-6.701,True,0.421,-77.879,396.05,405.08
1786962074.799,,0,,,,-1.390,-6.180,True,0.404,-78.074,396.35,405.10
1786962074.899,,0,,,,-1.230,-5.990,True,0.404,-78.216,396.56,405.10
1786962075.099,,0,,,,-1.390,-6.180,True,0.404,-77.895,396.11,405.12
1786962075.624,,0,,,,-1.650,-6.446,True,0.412,-77.183,395.07,405.16
1786962075.724,,0,,,,-1.170,-5.913,True,0.405,-77.031,394.83,405.17
1786962075.799,,0,,,,-0.820,-5.463,True,0.410,-77.232,395.16,405.18
1786962075.849,,0,,,,-0.680,-5.283,True,0.412,-77.293,395.26,405.18
1786962075.924,,0,,,,-0.650,-5.244,True,0.413,-76.983,394.78,405.19
1786962076.074,,0,,,,-0.970,-5.656,True,0.408,-76.583,394.15,405.21
1786962076.199,,0,,,,-1.570,-6.364,True,0.410,-75.926,393.05,405.22
1786962076.649,,0,,,,-1.470,-6.262,True,0.407,-75.731,392.74,405.24
1786962076.724,,0,,,,-1.210,-5.965,True,0.404,-75.913,393.05,405.24
1786962076.824,,0,,,,-1.010,-5.707,True,0.407,-75.903,393.04,405.24
1786962076.924,,0,,,,-0.990,-5.682,True,0.407,-75.781,392.83,405.25
1786962076.999,,0,,,,-1.110,-5.836,True,0.406,-75.620,392.56,405.26
1786962077.074,,0,,,,-1.290,-6.068,True,0.403,-75.355,392.10,405.26
1786962077.174,,0,,,,-1.450,-6.241,True,0.406,-75.334,392.07,405.27
1786962077.249,,0,,,,-1.520,-6.313,True,0.408,-75.571,392.51,405.29
1786962077.349,,0,,,,-1.480,-6.272,True,0.407,-75.349,392.12,405.30
1786962077.424,,0,,,,-1.350,-6.139,True,0.403,-75.094,391.67,405.30
1786962077.474,,0,,,,-1.240,-6.003,True,0.404,-74.997,391.49,405.31
1786962077.574,,0,,,,-0.880,-5.540,True,0.409,-75.093,391.67,405.31
1786962077.674,,0,,,,-0.770,-5.398,True,0.411,-75.116,391.72,405.32
1786962077.799,,0,,,,-0.650,-5.244,True,0.413,-75.100,391.70,405.33
1786962077.899,,0,,,,-0.760,-5.386,True,0.411,-74.767,391.10,405.34
1786962077.974,,0,,,,-0.930,-5.604,True,0.408,-74.586,390.76,405.34
1786962078.049,,0,,,,-1.080,-5.797,True,0.406,-74.551,390.71,405.35
1786962078.424,,0,,,,-1.440,-6.231,True,0.406,-74.641,390.91,405.39
1786962078.524,,0,,,,-1.440,-6.231,True,0.406,-74.610,390.86,405.40
1786962078.624,,0,,,,-1.380,-6.170,True,0.404,-74.699,391.03,405.40
1786962078.724,,0,,,,-1.320,-6.106,True,0.402,-74.981,391.56,405.41
1786962078.799,,0,,,,-1.280,-6.055,True,0.403,-75.028,391.65,405.41
1786962087.499,,0,,,,-13.080,-17.649,True,0.707,-62.255,359.43,406.12
1786962087.574,,0,,,,-13.210,-17.753,True,0.703,-62.117,358.98,406.13
1786962087.649,,0,,,,-13.270,-17.801,True,0.701,-61.734,357.70,406.13
1786962087.999,,0,,,,-13.830,-18.249,True,0.683,-77.637,396.73,406.15
1786962088.074,,0,,,,-13.990,-18.377,True,0.678,-78.033,397.32,406.15
1786962088.174,,0,,,,-14.210,-18.553,True,0.671,-78.386,397.84,406.16
1786962088.349,,0,,,,-14.390,-18.697,True,0.665,-79.193,398.96,406.17
1786962088.799,,0,,,,-13.980,-18.369,True,0.678,-79.893,399.88,406.19
1786962089.299,,0,,,,-14.100,-18.465,True,0.674,-79.979,400.01,406.21
1786962089.374,,0,,,,-14.140,-18.497,True,0.673,-80.140,400.21,406.21
1786962089.749,,0,,,,-14.020,-18.401,True,0.677,-80.639,400.82,406.23
1786962089.849,,0,,,,-14.100,-18.465,True,0.674,-80.869,401.09,406.24
1786962090.149,,0,,,,-14.700,-18.945,True,0.655,-81.233,401.51,406.26
1786962090.499,,0,,,,-14.490,-18.777,True,0.662,-81.148,401.43,406.27
1786962090.574,,0,,,,-14.230,-18.569,True,0.670,-81.225,401.51,406.27
1786962090.649,,0,,,,-14.150,-18.505,True,0.673,-81.381,401.68,406.27
1786962090.749,,0,,,,-14.170,-18.521,True,0.672,-81.513,401.83,406.28
1786962090.849,,0,,,,-14.340,-18.657,True,0.667,-81.659,401.98,406.28
1786962090.924,,0,,,,-14.460,-18.753,True,0.663,-81.738,402.07,406.29
1786962090.999,,0,,,,-14.590,-18.857,True,0.659,-81.809,402.15,406.29
1786962091.099,,0,,,,-14.600,-18.865,True,0.658,-81.827,402.17,406.30
1786962091.174,,0,,,,-14.520,-18.801,True,0.661,-81.848,402.19,406.30
1786962091.249,,0,,,,-14.430,-18.729,True,0.664,-81.812,402.16,406.30
1786962091.349,,0,,,,-14.170,-18.521,True,0.672,-81.858,402.21,406.30
1786962091.424,,0,,,,-14.050,-18.425,True,0.676,-81.965,402.32,406.30
1786962091.524,,0,,,,-14.060,-18.433,True,0.676,-82.060,402.41,406.31
1786962091.599,,0,,,,-14.130,-18.489,True,0.673,-82.092,402.45,406.31
1786962091.649,,0,,,,-14.240,-18.577,True,0.670,-82.141,402.50,406.31
1786962091.724,,0,,,,-14.350,-18.665,True,0.666,-82.254,402.61,406.32
1786962091.799,,0,,,,-14.510,-18.793,True,0.661,-82.309,402.67,406.33
1786962091.874,,0,,,,-14.690,-18.937,True,0.655,-82.483,402.84,406.33
1786962091.949,,0,,,,-14.720,-18.961,True,0.654,-82.626,402.98,406.34
1786962092.024,,0,,,,-14.750,-18.985,True,0.653,-82.601,402.96,406.34
1786962092.124,,0,,,,-14.630,-18.889,True,0.657,-82.893,403.23,406.35
1786962092.274,,0,,,,0.540,-3.713,True,0.432,-87.067,405.82,406.35
1786962092.349,,0,,,,6.760,4.226,True,0.529,-95.276,404.64,406.36
1786962092.449,,0,,,,8.220,5.888,True,0.509,-106.449,389.74,406.37
1786962092.549,,0,,,,8.660,6.388,True,0.503,-107.866,386.78,406.38
1786962092.599,,0,,,,8.740,6.479,True,0.502,-108.390,385.63,406.38
1786962092.699,,0,,,,8.720,6.457,True,0.503,-108.593,385.17,406.38
1786962092.799,,0,,,,8.750,6.491,True,0.502,-108.796,384.72,406.39
1786962094.899,,0,,,,1.290,-2.748,True,0.445,-77.358,396.63,406.48
1786962094.974,,0,,,,1.030,-3.082,True,0.440,-78.697,398.60,406.48
1786962095.024,,0,,,,0.880,-3.275,True,0.438,-78.766,398.70,406.48
1786962095.099,,0,,,,0.590,-3.649,True,0.433,-79.217,399.31,406.49
1786962095.149,,0,,,,0.440,-3.842,True,0.430,-79.473,399.65,406.49
1786962095.324,,0,,,,0.330,-3.983,True,0.429,-79.552,399.76,406.50
1786962095.399,,0,,,,0.560,-3.687,True,0.432,-80.035,400.37,406.50
1786962095.474,,0,,,,0.770,-3.417,True,0.436,-80.487,400.91,406.50
1786962095.549,,0,,,,0.990,-3.134,True,0.440,-81.011,401.52,406.51
1786962095.649,,0,,,,1.060,-3.044,True,0.441,-81.093,401.61,406.51
1786962095.699,,0,,,,1.060,-3.044,True,0.441,-81.194,401.73,406.52
1786962095.749,,0,,,,0.950,-3.185,True,0.439,-81.227,401.77,406.52
1786962095.799,,0,,,,0.740,-3.456,True,0.435,-81.354,401.91,406.53
1786962095.899,,0,,,,0.350,-3.957,True,0.429,-81.378,401.94,406.53
1786962095.974,,0,,,,-0.210,-4.678,True,0.420,-81.216,401.77,406.54
1786962096.049,,0,,,,-0.430,-4.961,True,0.416,-81.270,401.82,406.53
1786962096.124,,0,,,,-0.610,-5.193,True,0.413,-81.129,401.67,406.54
1786962096.224,,0,,,,-0.580,-5.154,True,0.414,-81.048,401.58,406.54
1786962096.299,,0,,,,-0.320,-4.819,True,0.418,-81.250,401.81,406.54
1786962096.399,,0,,,,0.270,-4.060,True,0.428,-81.551,402.13,406.54
1786962096.474,,0,,,,0.590,-3.649,True,0.433,-81.652,402.23,406.54
1786962096.549,,0,,,,0.940,-3.198,True,0.439,-81.972,402.56,406.55
1786962096.649,,0,,,,1.110,-2.979,True,0.442,-82.294,402.88,406.55
1786962096.724,,0,,,,1.050,-3.057,True,0.441,-82.477,403.06,406.56
1786962096.799,,0,,,,0.630,-3.597,True,0.434,-82.667,403.24,406.56
1786962096.874,,0,,,,0.440,-3.842,True,0.430,-82.564,403.15,406.57
1786962096.949,,0,,,,-0.030,-4.446,True,0.423,-82.445,403.05,406.58
1786962097.024,,0,,,,-0.170,-4.626,True,0.420,-82.262,402.87,406.58
1786962097.074,,0,,,,-0.350,-4.858,True,0.418,-82.064,402.69,406.58
1786962097.149,,0,,,,-0.290,-4.781,True,0.419,-82.233,402.85,406.58
1786962097.249,,0,,,,-0.070,-4.498,True,0.422,-82.287,402.90,406.58
1786962097.324,,0,,,,0.150,-4.215,True,0.426,-82.479,403.09,406.58
1786962097.449,,0,,,,0.330,-3.983,True,0.429,-82.689,403.28,406.59
1786962097.599,,0,,,,-0.040,-4.459,True,0.423,-83.030,403.59,406.60
1786962097.699,,0,,,,-0.430,-4.961,True,0.416,-83.020,403.59,406.61
1786962097.799,,0,,,,-0.880,-5.540,True,0.409,-82.931,403.52,406.61
1786962097.874,,0,,,,-1.110,-5.836,True,0.406,-82.956,403.55,406.62
1786962097.949,,0,,,,-1.150,-5.887,True,0.405,-83.062,403.65,406.63
1786962098.049,,0,,,,-1.120,-5.849,True,0.405,-83.208,403.77,406.63
1786962098.149,,0,,,,-0.860,-5.514,True,0.409,-83.228,403.79,406.63
1786962098.249,,0,,,,-0.500,-5.051,True,0.415,-83.570,404.07,406.63
1786962098.324,,0,,,,-0.230,-4.704,True,0.420,-83.767,404.23,406.64
1786962098.424,,0,,,,-0.040,-4.459,True,0.423,-83.875,404.32,406.64
1786962098.499,,0,,,,0.010,-4.395,True,0.423,-84.125,404.51,406.64
1786962098.599,,0,,,,-0.100,-4.536,True,0.422,-84.293,404.63,406.65
1786962098.699,,0,,,,-0.290,-4.781,True,0.419,-84.233,404.59,406.65
1786962098.774,,0,,,,-0.580,-5.154,True,0.414,-84.266,404.63,406.66
1786962098.849,,0,,,,-0.690,-5.296,True,0.412,-84.244,404.61,406.67
1786962098.924,,0,,,,-0.800,-5.437,True,0.410,-84.195,404.59,406.67
1786962102.024,,0,,,,-0.750,-5.373,True,0.411,-86.618,406.10,406.81
1786962102.124,,0,,,,-0.400,-4.922,True,0.417,-86.776,406.16,406.81
1786962102.199,,0,,,,-0.130,-4.575,True,0.421,-86.865,406.20,406.81
1786962102.249,,0,,,,-0.020,-4.433,True,0.423,-86.922,406.22,406.81
1786962102.374,,0,,,,0.270,-4.060,True,0.428,-87.194,406.33,406.82
1786962102.449,,0,,,,0.370,-3.932,True,0.429,-87.166,406.32,406.82
1786962102.549,,0,,,,0.410,-3.880,True,0.430,-87.268,406.38,406.84
1786962102.649,,0,,,,0.290,-4.035,True,0.428,-87.480,406.45,406.85
1786962102.724,,0,,,,0.100,-4.279,True,0.425,-87.631,406.50,406.85
1786962102.824,,0,,,,-0.160,-4.614,True,0.421,-87.623,406.51,406.86
1786962102.899,,0,,,,-0.310,-4.807,True,0.418,-87.502,406.47,406.86
1786962102.974,,0,,,,-0.450,-4.987,True,0.416,-87.423,406.46,406.87
1786962103.049,,0,,,,-0.590,-5.167,True,0.414,-87.346,406.43,406.87
1786962103.099,,0,,,,-0.650,-5.244,True,0.413,-87.341,406.43,406.87
1786962103.174,,0,,,,-0.790,-5.424,True,0.411,-87.346,406.43,406.87
1786962103.299,,0,,,,-0.890,-5.553,True,0.409,-87.328,406.43,406.87
1786962103.349,,0,,,,-1.000,-5.694,True,0.407,-87.448,406.47,406.88
1786962103.449,,0,,,,-1.100,-5.823,True,0.406,-87.485,406.49,406.88
1786962103.524,,0,,,,-1.160,-5.900,True,0.405,-87.535,406.51,406.88
1786962103.599,,0,,,,-1.210,-5.965,True,0.404,-87.657,406.55,406.89
1786962103.699,,0,,,,-1.170,-5.913,True,0.405,-87.711,406.57,406.89
1786962103.774,,0,,,,-1.140,-5.875,True,0.405,-87.750,406.58,406.89
1786962103.849,,0,,,,-1.030,-5.733,True,0.407,-87.811,406.59,406.89
1786962103.924,,0,,,,-0.880,-5.540,True,0.409,-87.895,406.62,406.89
1786962104.024,,0,,,,-0.630,-5.218,True,0.413,-87.996,406.64,406.89
1786962104.099,,0,,,,-0.450,-4.987,True,0.416,-88.119,406.68,406.90
1786962104.198,,0,,,,-0.110,-4.549,True,0.421,-88.312,406.72,406.90
1786962104.273,,0,,,,0.120,-4.253,True,0.425,-88.443,406.75,406.90
1786962104.349,,0,,,,0.350,-3.957,True,0.429,-88.672,406.81,406.91
1786962104.448,,0,,,,0.430,-3.854,True,0.430,-88.821,406.83,406.92
1786962104.548,,0,,,,0.410,-3.880,True,0.430,-88.888,406.85,406.93
1786962104.624,,0,,,,0.330,-3.983,True,0.429,-88.930,406.86,406.93
1786962104.798,,0,,,,0.100,-4.279,True,0.425,-88.700,406.83,406.93
1786962104.848,,0,,,,-0.010,-4.421,True,0.423,-88.748,406.83,406.93
1786962105.023,,0,,,,-0.370,-4.884,True,0.417,-88.608,406.81,406.93
1786962105.123,,0,,,,-0.620,-5.205,True,0.413,-88.751,406.84,406.93
1786962105.248,,0,,,,-0.710,-5.321,True,0.412,-88.765,406.84,406.93
1786962105.298,,0,,,,-0.670,-5.270,True,0.412,-88.797,406.85,406.94
1786962105.498,,0,,,,-0.240,-4.717,True,0.419,-89.087,406.89,406.94
1786962105.598,,0,,,,0.060,-4.331,True,0.424,-89.354,406.92,406.95
1786962105.748,,0,,,,0.180,-4.176,True,0.426,-89.620,406.94,406.95
1786962105.873,,0,,,,0.170,-4.189,True,0.426,-89.765,406.95,406.96
1786962106.023,,0,,,,0.190,-4.163,True,0.426,-89.833,406.96,406.97
1786962106.123,,0,,,,0.270,-4.060,True,0.428,-89.915,406.97,406.97
1786962106.223,,0,,,,0.390,-3.906,True,0.430,-89.951,406.98,406.98
1786962106.298,,0,,,,0.480,-3.790,True,0.431,-90.070,406.98,406.98
1786962106.373,,0,,,,0.510,-3.752,True,0.432,-90.190,406.99,406.99
1786962106.423,,0,,,,0.460,-3.816,True,0.431,-90.416,406.98,406.99
1786962106.573,,0,,,,0.220,-4.125,True,0.427,-90.395,406.99,407.00
1786962106.648,,0,,,,-0.020,-4.433,True,0.423,-90.235,407.00,407.00
1786962106.723,,0,,,,-0.290,-4.781,True,0.419,-90.164,407.00,407.00
1786962106.798,,0,,,,-0.480,-5.025,True,0.416,-90.019,407.00,407.00
1786962106.848,,0,,,,-0.590,-5.167,True,0.414,-90.091,407.00,407.00
1786962106.923,,0,,,,-0.640,-5.231,True,0.413,-90.157,407.00,407.00
1786962106.998,,0,,,,-0.660,-5.257,True,0.413,-90.220,407.00,407.00
1786962107.048,,0,,,,-0.610,-5.193,True,0.413,-90.318,407.00,407.00
1786962107.123,,0,,,,-0.530,-5.090,True,0.415,-90.347,407.00,407.01
1786962107.198,,0,,,,-0.390,-4.910,True,0.417,-90.564,406.99,407.01
1786962107.298,,0,,,,-0.060,-4.485,True,0.422,-90.864,406.97,407.02
1786962107.423,,0,,,,0.170,-4.189,True,0.426,-91.068,406.95,407.02
1786962107.498,,0,,,,0.320,-3.996,True,0.428,-91.118,406.95,407.03
1786962107.598,,0,,,,0.520,-3.739,True,0.432,-91.237,406.93,407.03
1786962107.698,,0,,,,0.710,-3.494,True,0.435,-91.410,406.91,407.03
1786962107.748,,0,,,,0.740,-3.456,True,0.435,-91.605,406.88,407.04
1786962107.848,,0,,,,0.790,-3.391,True,0.436,-91.763,406.85,407.04
1786962107.948,,0,,,,0.630,-3.597,True,0.434,-91.818,406.84,407.04
1786962108.048,,0,,,,0.380,-3.919,True,0.429,-91.749,406.86,407.05
1786962108.098,,0,,,,0.260,-4.073,True,0.427,-91.683,406.88,407.05
1786962108.173,,0,,,,0.080,-4.305,True,0.425,-91.733,406.87,407.05
1786962108.248,,0,,,,0.000,-4.408,True,0.423,-91.673,406.88,407.06
1786962108.323,,0,,,,-0.100,-4.536,True,0.422,-91.596,406.90,407.06
1786962108.398,,0,,,,-0.110,-4.549,True,0.421,-91.604,406.91,407.07
1786962108.498,,0,,,,-0.140,-4.588,True,0.421,-91.796,406.87,407.07
1786962108.573,,0,,,,-0.150,-4.601,True,0.421,-91.874,406.85,407.07
1786962108.648,,0,,,,-0.220,-4.691,True,0.420,-91.916,406.85,407.08
1786962108.723,,0,,,,-0.290,-4.781,True,0.419,-92.031,406.82,407.08
1786962108.798,,0,,,,-0.300,-4.794,True,0.418,-92.118,406.81,407.09
1786962108.873,,0,,,,-0.330,-4.832,True,0.418,-92.141,406.80,407.09
1786962108.973,,0,,,,-0.310,-4.807,True,0.418,-92.198,406.79,407.09
1786962109.048,,0,,,,-0.230,-4.704,True,0.420,-92.329,406.76,407.10
1786962109.198,,0,,,,-0.130,-4.575,True,0.421,-92.614,406.69,407.11
1786962109.298,,0,,,,-0.090,-4.524,True,0.422,-92.692,406.67,407.12
1786962109.373,,0,,,,-0.030,-4.446,True,0.423,-92.779,406.64,407.12
1786962109.448,,0,,,,-0.050,-4.472,True,0.422,-92.903,406.61,407.13
1786962109.523,,0,,,,-0.100,-4.536,True,0.422,-92.979,406.58,407.13
1786962109.598,,0,,,,-0.200,-4.665,True,0.420,-93.035,406.57,407.14
1786962109.673,,0,,,,-0.350,-4.858,True,0.418,-93.018,406.58,407.14
1786962109.773,,0,,,,-0.590,-5.167,True,0.414,-92.995,406.59,407.14
1786962109.848,,0,,,,-0.670,-5.270,True,0.412,-93.063,406.57,407.15
1786962109.948,,0,,,,-0.790,-5.424,True,0.411,-93.087,406.56,407.15
1786962110.023,,0,,,,-0.800,-5.437,True,0.410,-93.181,406.53,407.16
1786962110.098,,0,,,,-0.750,-5.373,True,0.411,-93.287,406.49,407.16
1786962110.198,,0,,,,-0.710,-5.321,True,0.412,-93.501,406.41,407.17
1786962110.248,,0,,,,-0.700,-5.308,True,0.412,-93.613,406.36,407.17
1786962110.323,,0,,,,-0.630,-5.218,True,0.413,-93.757,406.30,407.18
1786962110.423,,0,,,,-0.600,-5.180,True,0.414,-93.910,406.24,407.19
1786962110.523,,0,,,,-0.560,-5.128,True,0.414,-94.049,406.18,407.19
1786962110.623,,0,,,,-0.560,-5.128,True,0.414,-94.116,406.15,407.20
1786962110.698,,0,,,,-0.470,-5.012,True,0.416,-94.169,406.13,407.21
1786962110.773,,0,,,,-0.430,-4.961,True,0.416,-94.240,406.09,407.21
1786962110.873,,0,,,,-0.280,-4.768,True,0.419,-94.289,406.07,407.21
1786962110.923,,0,,,,-0.240,-4.717,True,0.419,-94.299,406.07,407.22
1786962111.023,,0,,,,-0.180,-4.639,True,0.420,-94.336,406.06,407.22
1786962111.073,,0,,,,-0.090,-4.524,True,0.422,-94.383,406.03,407.22
1786962111.173,,0,,,,-0.030,-4.446,True,0.423,-94.512,405.97,407.23
1786962111.248,,0,,,,-0.010,-4.421,True,0.423,-94.581,405.94,407.24
1786962111.323,,0,,,,-0.050,-4.472,True,0.422,-94.599,405.93,407.25
1786962111.448,,0,,,,-0.190,-4.652,True,0.420,-94.580,405.95,407.25
1786962111.523,,0,,,,-0.290,-4.781,True,0.419,-94.558,405.97,407.26
1786962111.598,,0,,,,-0.520,-5.077,True,0.415,-94.523,405.99,407.26
1786962111.673,,0,,,,-0.670,-5.270,True,0.412,-94.401,406.07,407.27
1786962111.773,,0,,,,-0.750,-5.373,True,0.411,-94.393,406.07,407.27
1786962111.848,,0,,,,-0.750,-5.373,True,0.411,-94.430,406.06,407.28
1786962111.973,,0,,,,-0.720,-5.334,True,0.412,-94.536,406.01,407.28
1786962112.048,,0,,,,-0.620,-5.205,True,0.413,-94.631,405.96,407.29
1786962112.123,,0,,,,-0.570,-5.141,True,0.414,-94.731,405.91,407.29
1786962112.198,,0,,,,-0.510,-5.064,True,0.415,-94.834,405.85,407.30
1786962112.273,,0,,,,-0.450,-4.987,True,0.416,-94.897,405.82,407.30
1786962112.348,,0,,,,-0.420,-4.948,True,0.416,-94.967,405.78,407.31
1786962112.448,,0,,,,-0.350,-4.858,True,0.418,-95.024,405.75,407.32
1786962112.523,,0,,,,-0.230,-4.704,True,0.420,-95.048,405.74,407.32
1786962112.598,,0,,,,-0.160,-4.614,True,0.421,-95.094,405.72,407.32
1786962112.648,,0,,,,-0.010,-4.421,True,0.423,-95.155,405.68,407.33
1786962112.748,,0,,,,0.060,-4.331,True,0.424,-95.284,405.60,407.33
1786962112.823,,0,,,,0.110,-4.266,True,0.425,-95.326,405.58,407.34
1786962112.923,,0,,,,0.160,-4.202,True,0.426,-95.432,405.52,407.35
1786962112.998,,0,,,,0.120,-4.253,True,0.425,-95.607,405.41,407.36
1786962113.073,,0,,,,0.060,-4.331,True,0.424,-95.657,405.38,407.36
1786962113.173,,0,,,,0.010,-4.395,True,0.423,-95.746,405.33,407.37
1786962113.248,,0,,,,-0.050,-4.472,True,0.422,-95.758,405.32,407.38
1786962113.323,,0,,,,-0.090,-4.524,True,0.422,-95.769,405.32,407.38
1786962113.448,,0,,,,-0.080,-4.511,True,0.422,-95.739,405.34,407.39
1786962113.523,,0,,,,-0.080,-4.511,True,0.422,-95.675,405.39,407.39
1786962113.598,,0,,,,-0.090,-4.524,True,0.422,-95.622,405.43,407.39
1786962113.673,,0,,,,-0.110,-4.549,True,0.421,-95.599,405.45,407.39
1786962113.748,,0,,,,-0.190,-4.652,True,0.420,-95.570,405.47,407.39
1786962113.823,,0,,,,-0.230,-4.704,True,0.420,-95.576,405.47,407.40
1786962113.898,,0,,,,-0.270,-4.755,True,0.419,-95.587,405.47,407.40
1786962113.973,,0,,,,-0.280,-4.768,True,0.419,-95.721,405.38,407.41
1786962114.048,,0,,,,-0.260,-4.742,True,0.419,-95.829,405.31,407.42
1786962114.123,,0,,,,-0.230,-4.704,True,0.420,-95.853,405.30,407.42
1786962114.198,,0,,,,-0.150,-4.601,True,0.421,-95.925,405.25,407.42
1786962114.273,,0,,,,-0.050,-4.472,True,0.422,-96.014,405.18,407.43
1786962114.348,,0,,,,0.000,-4.408,True,0.423,-96.091,405.13,407.43
1786962114.448,,0,,,,0.130,-4.240,True,0.425,-96.168,405.08,407.44
1786962114.523,,0,,,,0.210,-4.138,True,0.427,-96.255,405.01,407.44
1786962114.598,,0,,,,0.300,-4.022,True,0.428,-96.301,404.99,407.45
1786962114.648,,0,,,,0.420,-3.867,True,0.430,-96.412,404.90,407.45
1786962114.723,,0,,,,0.540,-3.713,True,0.432,-96.490,404.84,407.45
1786962114.823,,0,,,,0.730,-3.468,True,0.435,-96.606,404.76,407.46
1786962114.898,,0,,,,0.800,-3.378,True,0.436,-96.752,404.64,407.47
1786962114.973,,0,,,,0.860,-3.301,True,0.437,-96.789,404.61,407.47
1786962115.023,,0,,,,0.820,-3.353,True,0.437,-96.888,404.53,407.47
1786962115.148,,0,,,,0.650,-3.571,True,0.434,-96.892,404.54,407.48
1786962115.198,,0,,,,0.510,-3.752,True,0.432,-96.836,404.59,407.49
1786962115.323,,0,,,,0.190,-4.163,True,0.426,-96.707,404.71,407.49
1786962115.373,,0,,,,0.080,-4.305,True,0.425,-96.794,404.63,407.50
1786962115.448,,0,,,,-0.010,-4.421,True,0.423,-96.727,404.69,407.50
1786962115.523,,0,,,,-0.030,-4.446,True,0.423,-96.707,404.71,407.50
1786962115.598,,0,,,,0.000,-4.408,True,0.423,-96.802,404.63,407.50
1786962115.723,,0,,,,0.230,-4.112,True,0.427,-96.757,404.67,407.50
1786962115.773,,0,,,,0.340,-3.970,True,0.429,-96.903,404.55,407.51
1786962115.873,,0,,,,0.410,-3.880,True,0.430,-96.975,404.50,407.51
1786962115.948,,0,,,,0.410,-3.880,True,0.430,-97.099,404.40,407.52
1786962115.998,,0,,,,0.420,-3.867,True,0.430,-97.327,404.20,407.53
1786962116.098,,0,,,,0.310,-4.009,True,0.428,-97.480,404.07,407.53
1786962116.173,,0,,,,0.220,-4.125,True,0.427,-97.482,404.07,407.54
1786962116.223,,0,,,,0.190,-4.163,True,0.426,-97.457,404.09,407.54
1786962116.298,,0,,,,0.120,-4.253,True,0.425,-97.496,404.06,407.54
1786962116.348,,0,,,,0.050,-4.343,True,0.424,-97.521,404.04,407.55
1786962116.448,,0,,,,0.080,-4.305,True,0.425,-97.487,404.07,407.55
1786962116.523,,0,,,,0.110,-4.266,True,0.425,-97.456,404.10,407.55
1786962116.598,,0,,,,0.210,-4.138,True,0.427,-97.528,404.04,407.55
1786962116.673,,0,,,,0.290,-4.035,True,0.428,-97.631,403.94,407.55
1786962116.748,,0,,,,0.400,-3.893,True,0.430,-97.725,403.86,407.56
1786962116.848,,0,,,,0.520,-3.739,True,0.432,-97.820,403.78,407.57
1786962116.948,,0,,,,0.640,-3.584,True,0.434,-97.987,403.62,407.57
1786962117.023,,0,,,,0.650,-3.571,True,0.434,-98.197,403.42,407.58
1786962117.098,,0,,,,0.650,-3.571,True,0.434,-98.327,403.29,407.59
1786962117.173,,0,,,,0.570,-3.674,True,0.433,-98.350,403.27,407.59
1786962117.248,,0,,,,0.460,-3.816,True,0.431,-98.396,403.23,407.60
1786962117.348,,0,,,,0.380,-3.919,True,0.429,-98.434,403.20,407.61
1786962117.423,,0,,,,0.350,-3.957,True,0.429,-98.451,403.18,407.61
1786962117.498,,0,,,,0.400,-3.893,True,0.430,-98.431,403.21,407.61
1786962117.573,,0,,,,0.480,-3.790,True,0.431,-98.550,403.09,407.62
1786962117.698,,0,,,,0.580,-3.661,True,0.433,-98.654,402.98,407.62
1786962117.748,,0,,,,0.540,-3.713,True,0.432,-98.694,402.94,407.62
1786962117.823,,0,,,,0.370,-3.932,True,0.429,-98.761,402.87,407.63
1786962117.873,,0,,,,0.130,-4.240,True,0.425,-98.760,402.88,407.63
1786962117.948,,0,,,,-0.230,-4.704,True,0.420,-98.680,402.97,407.64
1786962118.023,,0,,,,-0.440,-4.974,True,0.416,-98.632,403.02,407.64
1786962118.123,,0,,,,-0.680,-5.283,True,0.412,-98.494,403.18,407.65
1786962118.223,,0,,,,-0.570,-5.141,True,0.414,-98.439,403.24,407.65
1786962118.273,,0,,,,-0.350,-4.858,True,0.418,-98.684,402.98,407.66
1786962118.348,,0,,,,0.000,-4.408,True,0.423,-98.828,402.83,407.66
1786962118.448,,0,,,,0.320,-3.996,True,0.428,-98.912,402.74,407.66
1786962118.498,,0,,,,0.470,-3.803,True,0.431,-99.127,402.51,407.67
1786962118.548,,0,,,,0.570,-3.674,True,0.433,-99.180,402.45,407.67
1786962118.648,,0,,,,0.540,-3.713,True,0.432,-99.321,402.29,407.68
1786962118.723,,0,,,,0.400,-3.893,True,0.430,-99.403,402.20,407.68
1786962118.823,,0,,,,0.080,-4.305,True,0.425,-99.289,402.34,407.68
1786962118.898,,0,,,,-0.090,-4.524,True,0.422,-99.176,402.47,407.69
1786962118.973,,0,,,,-0.230,-4.704,True,0.420,-99.118,402.54,407.69
1786962119.048,,0,,,,-0.120,-4.562,True,0.421,-99.123,402.54,407.69
1786962119.123,,0,,,,0.020,-4.382,True,0.424,-99.050,402.62,407.70
1786962119.199,,0,,,,0.250,-4.086,True,0.427,-99.106,402.56,407.70
1786962119.273,,0,,,,0.680,-3.533,True,0.434,-99.277,402.37,407.70
1786962119.373,,0,,,,0.990,-3.134,True,0.440,-99.562,402.05,407.71
1786962119.448,,0,,,,1.130,-2.954,True,0.442,-99.815,401.75,407.72
1786962119.548,,0,,,,1.100,-2.992,True,0.441,-99.943,401.61,407.73
1786962119.598,,0,,,,0.990,-3.134,True,0.440,-100.113,401.40,407.74
1786962119.673,,0,,,,0.690,-3.520,True,0.435,-100.399,401.04,407.74
1786962119.748,,0,,,,0.360,-3.945,True,0.429,-99.971,401.59,407.75
1786962119.798,,0,,,,0.230,-4.112,True,0.427,-99.743,401.87,407.75
1786962119.873,,0,,,,-0.030,-4.446,True,0.423,-99.643,401.99,407.76
1786962119.948,,0,,,,-0.170,-4.626,True,0.420,-99.516,402.15,407.76
1786962120.048,,0,,,,-0.230,-4.704,True,0.420,-99.399,402.29,407.76
1786962120.123,,0,,,,-0.190,-4.652,True,0.420,-99.787,401.82,407.76
1786962120.198,,0,,,,-0.070,-4.498,True,0.422,-99.500,402.17,407.76
1786962120.273,,0,,,,0.040,-4.356,True,0.424,-99.475,402.20,407.76
1786962120.373,,0,,,,0.150,-4.215,True,0.426,-100.076,401.48,407.77
1786962120.448,,0,,,,0.190,-4.163,True,0.426,-99.859,401.75,407.77
1786962120.523,,0,,,,0.170,-4.189,True,0.426,-99.869,401.74,407.78
1786962120.598,,0,,,,0.040,-4.356,True,0.424,-99.856,401.77,407.79
1786962120.773,,0,,,,-0.160,-4.614,True,0.421,-100.466,401.01,407.80
1786962120.848,,0,,,,-0.260,-4.742,True,0.419,-100.775,400.62,407.81
1786962121.023,,0,,,,-0.140,-4.588,True,0.421,-101.061,400.24,407.82
1786962121.073,,0,,,,-0.050,-4.472,True,0.422,-101.313,399.90,407.82
1786962121.123,,0,,,,0.020,-4.382,True,0.424,-101.410,399.77,407.83
1786962121.223,,0,,,,0.200,-4.150,True,0.426,-101.542,399.58,407.83
1786962121.273,,0,,,,0.230,-4.112,True,0.427,-101.536,399.59,407.83
1786962121.348,,0,,,,0.240,-4.099,True,0.427,-101.684,399.38,407.84
1786962121.423,,0,,,,0.190,-4.163,True,0.426,-101.730,399.32,407.84
1786962121.498,,0,,,,0.060,-4.331,True,0.424,-101.741,399.31,407.84
1786962121.598,,0,,,,-0.140,-4.588,True,0.421,-101.667,399.42,407.85
1786962121.748,,0,,,,-0.420,-4.948,True,0.416,-101.514,399.65,407.85
1786962121.823,,0,,,,-0.460,-5.000,True,0.416,-101.553,399.59,407.86
1786962121.948,,0,,,,-0.300,-4.794,True,0.418,-101.651,399.46,407.86
1786962122.023,,0,,,,-0.140,-4.588,True,0.421,-101.789,399.26,407.87
1786962122.123,,0,,,,-0.010,-4.421,True,0.423,-102.004,398.96,407.87
1786962122.198,,0,,,,0.080,-4.305,True,0.425,-102.152,398.74,407.88
1786962122.248,,0,,,,0.100,-4.279,True,0.425,-102.195,398.68,407.88
1786962122.323,,0,,,,0.040,-4.356,True,0.424,-102.325,398.49,407.89
1786962122.398,,0,,,,-0.070,-4.498,True,0.422,-102.392,398.39,407.90
1786962122.448,,0,,,,-0.240,-4.717,True,0.419,-102.346,398.47,407.90
1786962122.598,,0,,,,-0.540,-5.103,True,0.415,-102.214,398.68,407.91
1786962122.673,,0,,,,-0.610,-5.193,True,0.413,-102.213,398.68,407.91
1786962122.748,,0,,,,-0.650,-5.244,True,0.413,-102.284,398.58,407.92
1786962122.823,,0,,,,-0.670,-5.270,True,0.412,-102.286,398.58,407.93
1786962122.898,,0,,,,-0.650,-5.244,True,0.413,-102.280,398.60,407.93
1786962122.998,,0,,,,-0.640,-5.231,True,0.413,-102.398,398.42,407.94
1786962123.048,,0,,,,-0.640,-5.231,True,0.413,-102.482,398.30,407.94
1786962123.123,,0,,,,-0.660,-5.257,True,0.413,-102.556,398.19,407.94
1786962123.198,,0,,,,-0.760,-5.386,True,0.411,-102.673,398.01,407.95
1786962123.248,,0,,,,-0.890,-5.553,True,0.409,-102.622,398.09,407.95
1786962123.323,,0,,,,-0.980,-5.669,True,0.408,-102.651,398.05,407.96
1786962123.423,,0,,,,-1.060,-5.772,True,0.406,-102.664,398.04,407.96
1786962123.498,,0,,,,-1.050,-5.759,True,0.407,-102.750,397.91,407.97
1786962123.548,,0,,,,-0.990,-5.682,True,0.407,-102.883,397.70,407.97
1786962123.648,,0,,,,-0.720,-5.334,True,0.412,-102.990,397.54,407.98
1786962123.698,,0,,,,-0.610,-5.193,True,0.413,-103.232,397.16,407.99
1786962123.773,,0,,,,-0.450,-4.987,True,0.416,-103.361,396.95,407.99
1786962123.848,,0,,,,-0.390,-4.910,True,0.417,-103.514,396.70,408.00
1786962123.923,,0,,,,-0.400,-4.922,True,0.417,-103.652,396.48,408.01
1786962123.998,,0,,,,-0.480,-5.025,True,0.416,-103.755,396.32,408.02
1786962124.073,,0,,,,-0.570,-5.141,True,0.414,-103.615,396.55,408.02
1786962124.173,,0,,,,-0.730,-5.347,True,0.412,-103.541,396.68,408.03
1786962124.248,,0,,,,-0.860,-5.514,True,0.409,-103.505,396.75,408.03
1786962124.373,,0,,,,-1.020,-5.720,True,0.407,-103.436,396.87,408.04
1786962124.473,,0,,,,-1.070,-5.784,True,0.406,-103.449,396.85,408.04
1786962124.598,,0,,,,-1.100,-5.823,True,0.406,-103.475,396.82,408.05
1786962124.673,,0,,,,-1.100,-5.823,True,0.406,-103.528,396.73,408.05
1786962124.748,,0,,,,-1.080,-5.797,True,0.406,-103.701,396.45,408.06
1786962124.848,,0,,,,-1.030,-5.733,True,0.407,-103.844,396.22,408.07
1786962124.923,,0,,,,-0.930,-5.604,True,0.408,-103.943,396.05,408.08
1786962124.998,,0,,,,-0.790,-5.424,True,0.411,-104.168,395.67,408.09
1786962125.098,,0,,,,-0.610,-5.193,True,0.413,-104.313,395.43,408.10
1786962125.148,,0,,,,-0.520,-5.077,True,0.415,-104.365,395.34,408.10
1786962125.223,,0,,,,-0.410,-4.935,True,0.417,-104.487,395.13,408.10
1786962125.273,,0,,,,-0.450,-4.987,True,0.416,-104.472,395.15,408.10
1786962125.398,,0,,,,-0.550,-5.115,True,0.414,-104.487,395.14,408.12
1786962125.473,,0,,,,-0.620,-5.205,True,0.413,-104.392,395.31,408.12
1786962125.573,,0,,,,-0.640,-5.231,True,0.413,-104.329,395.43,408.13
1786962125.673,,0,,,,-0.620,-5.205,True,0.413,-104.388,395.34,408.14
1786962125.723,,0,,,,-0.610,-5.193,True,0.413,-104.417,395.29,408.15
1786962125.798,,0,,,,-0.600,-5.180,True,0.414,-104.438,395.26,408.15
1786962125.873,,0,,,,-0.580,-5.154,True,0.414,-104.501,395.16,408.16
1786962125.948,,0,,,,-0.630,-5.218,True,0.413,-104.526,395.12,408.16
1786962126.023,,0,,,,-0.640,-5.231,True,0.413,-104.533,395.11,408.17
1786962126.123,,0,,,,-0.720,-5.334,True,0.412,-104.542,395.10,408.18
1786962126.173,,0,,,,-0.750,-5.373,True,0.411,-104.545,395.10,408.18
1786962126.248,,0,,,,-0.800,-5.437,True,0.410,-104.567,395.06,408.19
1786962126.298,,0,,,,-0.810,-5.450,True,0.410,-104.547,395.11,408.19
1786962126.398,,0,,,,-0.790,-5.424,True,0.411,-104.598,395.02,408.20
1786962126.448,,0,,,,-0.790,-5.424,True,0.411,-104.649,394.93,408.20
1786962126.548,,0,,,,-0.730,-5.347,True,0.412,-104.725,394.80,408.21
1786962126.623,,0,,,,-0.630,-5.218,True,0.413,-104.801,394.67,408.21
1786962126.723,,0,,,,-0.530,-5.090,True,0.415,-104.905,394.49,408.22
1786962126.773,,0,,,,-0.480,-5.025,True,0.416,-104.955,394.40,408.22
1786962126.873,,0,,,,-0.410,-4.935,True,0.417,-105.035,394.26,408.23
1786962126.973,,0,,,,-0.420,-4.948,True,0.416,-105.113,394.12,408.24
1786962127.023,,0,,,,-0.370,-4.884,True,0.417,-105.217,393.93,408.24
1786962127.123,,0,,,,-0.400,-4.922,True,0.417,-105.311,393.76,408.26
1786962127.198,,0,,,,-0.390,-4.910,True,0.417,-105.314,393.76,408.26
1786962127.273,,0,,,,-0.420,-4.948,True,0.416,-105.364,393.68,408.27
1786962127.348,,0,,,,-0.380,-4.897,True,0.417,-105.413,393.59,408.28
1786962127.448,,0,,,,-0.460,-5.000,True,0.416,-105.407,393.61,408.28
1786962127.548,,0,,,,-0.500,-5.051,True,0.415,-105.430,393.57,408.29
1786962127.623,,0,,,,-0.640,-5.231,True,0.413,-105.512,393.42,408.29
1786962127.723,,0,,,,-0.750,-5.373,True,0.411,-105.589,393.28,408.30
1786962127.798,,0,,,,-0.830,-5.476,True,0.410,-105.575,393.31,408.30
1786962127.873,,0,,,,-0.900,-5.566,True,0.409,-105.552,393.36,408.31
1786962127.973,,0,,,,-0.850,-5.501,True,0.410,-105.658,393.16,408.31
1786962128.123,,0,,,,-0.660,-5.257,True,0.413,-105.839,392.82,408.33
1786962128.198,,0,,,,-0.490,-5.038,True,0.415,-106.001,392.51,408.33
1786962128.298,,0,,,,-0.330,-4.832,True,0.418,-106.228,392.08,408.35
1786962128.423,,0,,,,-0.180,-4.639,True,0.420,-106.517,391.51,408.36
1786962128.548,,0,,,,-0.180,-4.639,True,0.420,-106.573,391.40,408.37
1786962128.648,,0,,,,-0.320,-4.819,True,0.418,-106.561,391.44,408.38
1786962128.773,,0,,,,-0.600,-5.180,True,0.414,-106.512,391.55,408.40
1786962128.873,,0,,,,-0.860,-5.514,True,0.409,-106.435,391.72,408.40
1786962128.998,,0,,,,-0.950,-5.630,True,0.408,-106.355,391.88,408.41
1786962129.148,,0,,,,-0.970,-5.656,True,0.408,-106.395,391.81,408.42
1786962129.223,,0,,,,-0.990,-5.682,True,0.407,-106.434,391.73,408.42
1786962129.298,,0,,,,-0.950,-5.630,True,0.408,-106.532,391.54,408.43
1786962129.398,,0,,,,-0.960,-5.643,True,0.408,-106.675,391.26,408.43
1786962129.473,,0,,,,-0.960,-5.643,True,0.408,-106.655,391.30,408.44
1786962129.573,,0,,,,-0.970,-5.656,True,0.408,-106.750,391.11,408.45
1786962129.673,,0,,,,-0.910,-5.579,True,0.409,-106.917,390.78,408.45
1786962129.748,,0,,,,-0.840,-5.489,True,0.410,-107.082,390.44,408.46
1786962129.823,,0,,,,-0.720,-5.334,True,0.412,-107.177,390.25,408.47
1786962129.923,,0,,,,-0.600,-5.180,True,0.414,-107.351,389.89,408.48
1786962129.973,,0,,,,-0.470,-5.012,True,0.416,-107.457,389.67,408.48
1786962130.048,,0,,,,-0.400,-4.922,True,0.417,-107.567,389.44,408.49
1786962130.148,,0,,,,-0.270,-4.755,True,0.419,-107.759,389.03,408.50
1786962130.198,,0,,,,-0.260,-4.742,True,0.419,-107.881,388.77,408.50
1786962130.273,,0,,,,-0.310,-4.807,True,0.418,-107.862,388.81,408.50
1786962130.373,,0,,,,-0.500,-5.051,True,0.415,-107.861,388.83,408.51
1786962130.448,,0,,,,-0.590,-5.167,True,0.414,-107.800,388.96,408.52
1786962130.523,,0,,,,-0.780,-5.411,True,0.411,-107.814,388.94,408.53
1786962130.598,,0,,,,-0.940,-5.617,True,0.408,-107.783,389.02,408.54
1786962130.673,,0,,,,-1.070,-5.784,True,0.406,-107.760,389.07,408.54
1786962130.748,,0,,,,-1.100,-5.823,True,0.406,-107.733,389.13,408.55
1786962130.798,,0,,,,-1.070,-5.784,True,0.406,-107.714,389.18,408.55
1786962130.873,,0,,,,-0.990,-5.682,True,0.407,-107.784,389.03,408.55
1786962130.948,,0,,,,-0.860,-5.514,True,0.409,-107.783,389.04,408.56
1786962130.998,,0,,,,-0.740,-5.360,True,0.411,-107.835,388.93,408.56
1786962131.073,,0,,,,-0.650,-5.244,True,0.413,-107.903,388.78,408.56
1786962131.123,,0,,,,-0.540,-5.103,True,0.415,-107.992,388.59,408.57
1786962131.273,,0,,,,-0.560,-5.128,True,0.414,-108.116,388.32,408.58
1786962131.373,,0,,,,-0.720,-5.334,True,0.412,-108.159,388.24,408.59
1786962131.473,,0,,,,-0.990,-5.682,True,0.407,-108.237,388.07,408.60
1786962131.548,,0,,,,-1.090,-5.810,True,0.406,-108.412,387.70,408.62
1786962131.623,,0,,,,-1.140,-5.875,True,0.405,-108.457,387.60,408.62
1786962131.698,,0,,,,-1.110,-5.836,True,0.406,-108.516,387.47,408.62
1786962131.748,,0,,,,-1.020,-5.720,True,0.407,-108.713,387.03,408.63
1786962131.848,,0,,,,-0.880,-5.540,True,0.409,-108.803,386.83,408.64
1786962131.973,,0,,,,-0.680,-5.283,True,0.412,-108.916,386.58,408.65
1786962132.073,,0,,,,-0.670,-5.270,True,0.412,-108.927,386.56,408.65
1786962132.148,,0,,,,-0.810,-5.450,True,0.410,-108.884,386.66,408.66
1786962132.248,,0,,,,-0.960,-5.643,True,0.408,-108.898,386.64,408.66
1786962132.348,,0,,,,-1.180,-5.926,True,0.404,-108.874,386.70,408.68
1786962132.398,,0,,,,-1.220,-5.977,True,0.404,-108.817,386.84,408.68
1786962132.498,,0,,,,-1.190,-5.939,True,0.404,-108.942,386.55,408.68
1786962132.548,,0,,,,-1.110,-5.836,True,0.406,-109.078,386.25,408.69
1786962132.598,,0,,,,-1.020,-5.720,True,0.407,-109.162,386.05,408.70
1786962132.673,,0,,,,-0.900,-5.566,True,0.409,-109.309,385.71,408.70
1786962132.723,,0,,,,-0.860,-5.514,True,0.409,-109.411,385.48,408.71
1786962132.823,,0,,,,-0.820,-5.463,True,0.410,-109.637,384.95,408.72
1786962132.923,,0,,,,-0.890,-5.553,True,0.409,-109.776,384.62,408.73
1786962132.973,,0,,,,-0.970,-5.656,True,0.408,-109.785,384.61,408.74
1786962133.048,,0,,,,-1.040,-5.746,True,0.407,-109.807,384.56,408.74
1786962133.148,,0,,,,-1.040,-5.746,True,0.407,-109.857,384.45,408.76
1786962133.223,,0,,,,-1.020,-5.720,True,0.407,-109.867,384.43,408.76
1786962133.348,,0,,,,-0.860,-5.514,True,0.409,-109.931,384.29,408.77
1786962133.423,,0,,,,-0.850,-5.501,True,0.410,-109.928,384.30,408.77
1786962133.498,,0,,,,-0.860,-5.514,True,0.409,-109.986,384.16,408.78
1786962133.574,,0,,,,-0.920,-5.591,True,0.409,-109.940,384.28,408.78
1786962133.673,,0,,,,-1.060,-5.772,True,0.406,-110.002,384.13,408.79
1786962133.773,,0,,,,-1.170,-5.913,True,0.405,-110.033,384.07,408.80
1786962133.873,,0,,,,-1.250,-6.016,True,0.403,-110.053,384.03,408.81
1786962133.973,,0,,,,-1.120,-5.849,True,0.405,-110.169,383.75,408.82
1786962134.073,,0,,,,-0.900,-5.566,True,0.409,-110.333,383.36,408.83
1786962134.148,,0,,,,-0.830,-5.476,True,0.410,-110.488,382.99,408.85
1786962134.223,,0,,,,-0.640,-5.231,True,0.413,-110.691,382.48,408.85
1786962134.298,,0,,,,-0.600,-5.180,True,0.414,-110.914,381.93,408.86
1786962134.398,,0,,,,-0.660,-5.257,True,0.413,-111.019,381.67,408.87
1786962134.473,,0,,,,-0.780,-5.411,True,0.411,-110.914,381.94,408.88
1786962134.523,,0,,,,-0.950,-5.630,True,0.408,-110.829,382.16,408.88
1786962134.598,,0,,,,-1.130,-5.862,True,0.405,-110.810,382.22,408.89
1786962134.673,,0,,,,-1.190,-5.939,True,0.404,-110.781,382.29,408.89
1786962134.748,,0,,,,-1.240,-6.003,True,0.404,-110.755,382.36,408.90
1786962134.848,,0,,,,-1.120,-5.849,True,0.405,-110.864,382.10,408.91
1786962134.898,,0,,,,-0.940,-5.617,True,0.408,-110.940,381.91,408.92
1786962134.973,,0,,,,-0.790,-5.424,True,0.411,-111.020,381.71,408.92
1786962135.073,,0,,,,-0.550,-5.115,True,0.414,-111.245,381.14,408.93
1786962135.148,,0,,,,-0.490,-5.038,True,0.415,-111.340,380.90,408.94
1786962135.248,,0,,,,-0.650,-5.244,True,0.413,-111.306,380.99,408.94
1786962135.323,,0,,,,-0.840,-5.489,True,0.410,-111.359,380.86,408.95
1786962135.373,,0,,,,-1.080,-5.797,True,0.406,-111.244,381.16,408.95
1786962135.448,,0,,,,-1.270,-6.042,True,0.403,-111.252,381.14,408.95
1786962135.523,,0,,,,-1.400,-6.190,True,0.404,-111.138,381.44,408.96
1786962135.573,,0,,,,-1.400,-6.190,True,0.404,-111.198,381.29,408.97
1786962135.648,,0,,,,-1.210,-5.965,True,0.404,-111.267,381.12,408.97
1786962135.698,,0,,,,-1.080,-5.797,True,0.406,-111.306,381.03,408.98
1786962135.798,,0,,,,-0.540,-5.103,True,0.415,-111.618,380.23,409.00
1786962135.873,,0,,,,-0.270,-4.755,True,0.419,-111.737,379.92,409.00
1786962135.948,,0,,,,-0.050,-4.472,True,0.422,-112.132,378.88,409.02
1786962136.048,,0,,,,0.270,-4.060,True,0.428,-112.331,378.35,409.02
1786962136.098,,0,,,,0.300,-4.022,True,0.428,-112.534,377.81,409.04
1786962136.173,,0,,,,0.270,-4.060,True,0.428,-112.419,378.12,409.04
1786962136.273,,0,,,,0.030,-4.369,True,0.424,-112.302,378.45,409.05
1786962136.373,,0,,,,-0.340,-4.845,True,0.418,-112.240,378.63,409.06
1786962136.448,,0,,,,-0.750,-5.373,True,0.411,-112.170,378.83,409.07
1786962136.523,,0,,,,-1.060,-5.772,True,0.406,-112.081,379.07,409.08
1786962136.598,,0,,,,-1.250,-6.016,True,0.403,-112.041,379.19,409.09
1786962136.673,,0,,,,-1.300,-6.080,True,0.403,-112.199,378.77,409.09
1786962136.773,,0,,,,-1.220,-5.977,True,0.404,-112.218,378.73,409.11
1786962136.948,,0,,,,-0.770,-5.398,True,0.411,-112.428,378.17,409.12
1786962137.023,,0,,,,-0.580,-5.154,True,0.414,-112.685,377.48,409.13
1786962137.073,,0,,,,-0.550,-5.115,True,0.414,-112.785,377.20,409.13
1786962137.148,,0,,,,-0.520,-5.077,True,0.415,-112.988,376.66,409.15
1786962137.298,,0,,,,-0.700,-5.308,True,0.412,-113.087,376.39,409.15
1786962137.373,,0,,,,-0.790,-5.424,True,0.411,-113.149,376.23,409.18
1786962137.448,,0,,,,-0.920,-5.591,True,0.409,-113.070,376.46,409.19
1786962137.523,,0,,,,-0.930,-5.604,True,0.408,-113.046,376.54,409.19
1786962137.598,,0,,,,-0.910,-5.579,True,0.409,-113.047,376.54,409.20
1786962137.723,,0,,,,-0.790,-5.424,True,0.411,-113.123,376.34,409.21
1786962137.798,,0,,,,-0.700,-5.308,True,0.412,-113.219,376.08,409.22
1786962137.873,,0,,,,-0.620,-5.205,True,0.413,-113.252,375.98,409.22
1786962137.948,,0,,,,-0.560,-5.128,True,0.414,-113.318,375.81,409.24
1786962138.023,,0,,,,-0.520,-5.077,True,0.415,-113.507,375.28,409.24
1786962138.073,,0,,,,-0.510,-5.064,True,0.415,-113.576,375.08,409.24
1786962138.198,,0,,,,-0.610,-5.193,True,0.413,-113.994,373.91,409.27
1786962138.248,,0,,,,-0.790,-5.424,True,0.411,-113.997,373.90,409.27
1786962138.398,,0,,,,-0.990,-5.682,True,0.407,-114.202,373.33,409.30
1786962138.473,,0,,,,-1.050,-5.759,True,0.407,-114.189,373.37,409.30
1786962138.548,,0,,,,-1.080,-5.797,True,0.406,-114.275,373.13,409.32
1786962138.598,,0,,,,-1.090,-5.810,True,0.406,-114.287,373.09,409.32
1786962138.698,,0,,,,-1.090,-5.810,True,0.406,-114.323,373.00,409.33
1786962138.773,,0,,,,-1.030,-5.733,True,0.407,-114.377,372.84,409.33
1786962138.873,,0,,,,-0.930,-5.604,True,0.408,-114.358,372.91,409.34
1786962138.948,,0,,,,-0.870,-5.527,True,0.409,-114.348,372.95,409.36
1786962139.023,,0,,,,-0.820,-5.463,True,0.410,-114.366,372.90,409.36
1786962139.098,,0,,,,-0.830,-5.476,True,0.410,-114.394,372.82,409.37
1786962139.173,,0,,,,-0.930,-5.604,True,0.408,-114.377,372.88,409.37
1786962139.223,,0,,,,-1.000,-5.694,True,0.407,-114.480,372.58,409.38
1786962139.323,,0,,,,-1.340,-6.129,True,0.402,-114.532,372.44,409.39
1786962139.423,,0,,,,-1.540,-6.333,True,0.409,-114.594,372.26,409.40
1786962139.498,,0,,,,-1.590,-6.384,True,0.410,-114.768,371.76,409.42
1786962139.573,,0,,,,-1.550,-6.343,True,0.409,-114.882,371.42,409.43
1786962139.623,,0,,,,-1.440,-6.231,True,0.406,-114.905,371.36,409.43
1786962139.723,,0,,,,-1.110,-5.836,True,0.406,-115.109,370.75,409.44
1786962139.823,,0,,,,-0.790,-5.424,True,0.411,-115.374,369.95,409.45
1786962139.873,,0,,,,-0.590,-5.167,True,0.414,-115.408,369.85,409.45
1786962139.973,,0,,,,-0.430,-4.961,True,0.416,-115.538,369.46,409.47
1786962140.048,,0,,,,-0.400,-4.922,True,0.417,-115.660,369.09,409.47
1786962140.148,,0,,,,-0.490,-5.038,True,0.415,-115.533,369.50,409.49
1786962140.223,,0,,,,-0.680,-5.283,True,0.412,-115.501,369.60,409.49
1786962140.323,,0,,,,-1.010,-5.707,True,0.407,-115.519,369.55,409.50
1786962140.373,,0,,,,-1.180,-5.926,True,0.404,-115.458,369.75,409.51
1786962140.448,,0,,,,-1.300,-6.080,True,0.403,-115.509,369.59,409.52
1786962140.498,,0,,,,-1.440,-6.231,True,0.406,-115.542,369.50,409.53
1786962140.573,,0,,,,-1.490,-6.282,True,0.407,-115.608,369.31,409.53
1786962140.648,,0,,,,-1.450,-6.241,True,0.406,-115.726,368.94,409.54
1786962140.748,,0,,,,-1.310,-6.093,True,0.402,-115.768,368.82,409.55
1786962140.798,,0,,,,-1.090,-5.810,True,0.406,-115.912,368.38,409.55
1786962140.898,,0,,,,-0.800,-5.437,True,0.410,-116.100,367.80,409.56
1786962140.998,,0,,,,-0.580,-5.154,True,0.414,-116.155,367.63,409.57
1786962141.073,,0,,,,-0.570,-5.141,True,0.414,-116.122,367.74,409.57
1786962141.148,,0,,,,-0.600,-5.180,True,0.414,-116.253,367.34,409.59
1786962141.223,,0,,,,-0.670,-5.270,True,0.412,-116.358,367.01,409.59
1786962141.273,,0,,,,-0.730,-5.347,True,0.412,-116.267,367.30,409.60
1786962141.348,,0,,,,-0.840,-5.489,True,0.410,-116.288,367.24,409.60
1786962141.423,,0,,,,-0.930,-5.604,True,0.408,-116.286,367.26,409.61
1786962141.523,,0,,,,-0.900,-5.566,True,0.409,-116.320,367.16,409.62
1786962141.573,,0,,,,-0.810,-5.450,True,0.410,-116.394,366.93,409.63
1786962141.648,,0,,,,-0.670,-5.270,True,0.412,-116.404,366.90,409.63
1786962141.723,,0,,,,-0.490,-5.038,True,0.415,-116.641,366.15,409.64
1786962141.823,,0,,,,-0.300,-4.794,True,0.418,-116.891,365.35,409.65
1786962141.923,,0,,,,-0.190,-4.652,True,0.420,-117.119,364.62,409.66
1786962141.998,,0,,,,-0.130,-4.575,True,0.421,-117.221,364.30,409.67
1786962142.098,,0,,,,-0.110,-4.549,True,0.421,-117.302,364.03,409.67
1786962142.198,,0,,,,-0.300,-4.794,True,0.418,-117.377,363.80,409.68
1786962142.273,,0,,,,-0.520,-5.077,True,0.415,-117.352,363.89,409.69
1786962142.347,,0,,,,-0.820,-5.463,True,0.410,-117.277,364.14,409.70
1786962142.447,,0,,,,-1.030,-5.733,True,0.407,-117.335,363.95,409.70
1786962142.548,,0,,,,-1.120,-5.849,True,0.405,-117.212,364.37,409.72
1786962142.622,,0,,,,-1.100,-5.823,True,0.406,-117.233,364.30,409.72
1786962142.697,,0,,,,-0.920,-5.591,True,0.409,-117.367,363.87,409.73
1786962142.797,,0,,,,-0.750,-5.373,True,0.411,-117.586,363.15,409.74
1786962142.872,,0,,,,-0.580,-5.154,True,0.414,-117.726,362.69,409.74
1786962142.947,,0,,,,-0.500,-5.051,True,0.415,-117.964,361.91,409.75
1786962143.022,,0,,,,-0.450,-4.987,True,0.416,-118.137,361.33,409.75
1786962143.072,,0,,,,-0.440,-4.974,True,0.416,-118.219,361.05,409.75
1786962143.148,,0,,,,-0.480,-5.025,True,0.416,-118.376,360.53,409.77
1786962143.247,,0,,,,-0.540,-5.103,True,0.415,-118.453,360.27,409.77
1786962143.372,,0,,,,-0.620,-5.205,True,0.413,-118.556,359.93,409.78
1786962143.422,,0,,,,-0.640,-5.231,True,0.413,-118.617,359.73,409.79
1786962143.497,,0,,,,-0.620,-5.205,True,0.413,-118.725,359.37,409.80
1786962143.597,,0,,,,-0.530,-5.090,True,0.415,-118.872,358.86,409.80
1786962143.672,,0,,,,-0.470,-5.012,True,0.416,-118.940,358.63,409.80
1786962143.722,,0,,,,-0.410,-4.935,True,0.417,-119.042,358.28,409.81
1786962143.772,,0,,,,-0.340,-4.845,True,0.418,-119.165,357.86,409.82
1786962143.873,,0,,,,-0.290,-4.781,True,0.419,-119.224,357.66,409.82
1786962143.972,,0,,,,-0.270,-4.755,True,0.419,-119.407,357.02,409.82
1786962144.022,,0,,,,-0.360,-4.871,True,0.417,-119.850,355.46,409.83
1786962144.097,,0,,,,-0.400,-4.922,True,0.417,-119.675,356.09,409.84
1786962144.172,,0,,,,-0.470,-5.012,True,0.416,-119.675,356.09,409.85
1786962144.247,,0,,,,-0.550,-5.115,True,0.414,-120.203,354.21,409.85
1786962144.347,,0,,,,-0.580,-5.154,True,0.414,-120.427,353.42,409.87
1786962144.422,,0,,,,-0.630,-5.218,True,0.413,-120.582,352.85,409.87
1786962144.497,,0,,,,-0.700,-5.308,True,0.412,-120.766,352.19,409.88
1786962144.597,,0,,,,-0.820,-5.463,True,0.410,-120.818,352.01,409.89
1786962144.647,,0,,,,-0.900,-5.566,True,0.409,-120.840,351.93,409.89
1786962144.747,,0,,,,-0.960,-5.643,True,0.408,-120.926,351.63,409.90
1786962144.822,,0,,,,-0.990,-5.682,True,0.407,-120.934,351.60,409.90
1786962144.897,,0,,,,-0.990,-5.682,True,0.407,-120.969,351.48,409.91
1786962144.972,,0,,,,-0.910,-5.579,True,0.409,-121.087,351.04,409.91
1786962145.097,,0,,,,-0.800,-5.437,True,0.410,-121.148,350.81,409.91
1786962145.172,,0,,,,-0.770,-5.398,True,0.411,-121.212,350.58,409.91
1786962145.222,,0,,,,-0.770,-5.398,True,0.411,-121.309,350.23,409.92
1786962145.322,,0,,,,-0.760,-5.386,True,0.411,-121.406,349.87,409.93
1786962145.422,,0,,,,-0.780,-5.411,True,0.411,-121.544,349.36,409.94
1786962145.447,,0,,,,-0.750,-5.373,True,0.411,-121.675,348.88,409.94
1786962145.522,,0,,,,-0.770,-5.398,True,0.411,-121.795,348.43,409.95
1786962145.597,,0,,,,-0.670,-5.270,True,0.412,-122.119,347.22,409.96
1786962145.697,,0,,,,-0.520,-5.077,True,0.415,-122.369,346.27,409.97
1786962145.772,,0,,,,-0.380,-4.897,True,0.417,-122.613,345.34,409.98
1786962145.847,,0,,,,-0.170,-4.626,True,0.420,-122.816,344.55,409.98
1786962145.922,,0,,,,0.000,-4.408,True,0.423,-122.984,343.90,409.98
1786962146.022,,0,,,,0.150,-4.215,True,0.426,-123.298,342.68,409.98
1786962146.122,,0,,,,0.160,-4.202,True,0.426,-123.434,342.15,409.99
1786962146.222,,0,,,,0.040,-4.356,True,0.424,-123.557,341.66,409.99
1786962146.272,,0,,,,-0.050,-4.472,True,0.422,-123.625,341.39,409.99
1786962146.372,,0,,,,-0.230,-4.704,True,0.420,-123.602,341.49,410.00
1786962146.447,,0,,,,-0.400,-4.922,True,0.417,-123.518,341.83,410.01
1786962146.547,,0,,,,-0.540,-5.103,True,0.415,-123.601,341.50,410.01
1786962146.622,,0,,,,-0.600,-5.180,True,0.414,-123.599,341.51,410.02
1786962146.722,,0,,,,-0.590,-5.167,True,0.414,-123.867,340.45,410.02
1786962146.797,,0,,,,-0.500,-5.051,True,0.415,-124.126,339.43,410.03
1786962146.897,,0,,,,-0.330,-4.832,True,0.418,-124.343,338.56,410.04
1786962147.022,,0,,,,-0.040,-4.459,True,0.423,-124.879,336.39,410.05
1786962147.097,,0,,,,0.140,-4.228,True,0.426,-125.234,334.93,410.06
1786962147.172,,0,,,,0.130,-4.240,True,0.425,-125.324,334.56,410.06
1786962147.347,,0,,,,-0.170,-4.626,True,0.420,-125.391,334.29,410.07
1786962147.472,,0,,,,-0.380,-4.897,True,0.417,-125.549,333.64,410.07
1786962147.547,,0,,,,-0.360,-4.871,True,0.417,-125.746,332.82,410.08
1786962147.622,,0,,,,-0.310,-4.807,True,0.418,-125.831,332.47,410.08
1786962147.697,,0,,,,-0.110,-4.549,True,0.421,-126.126,331.23,410.08
1786962147.797,,0,,,,0.050,-4.343,True,0.424,-126.410,330.03,410.09
1786962147.847,,0,,,,0.100,-4.279,True,0.425,-126.595,329.25,410.09
1786962147.947,,0,,,,0.140,-4.228,True,0.426,-126.917,327.88,410.10
1786962147.997,,0,,,,0.050,-4.343,True,0.424,-127.128,326.97,410.11
1786962148.097,,0,,,,-0.050,-4.472,True,0.422,-127.263,326.40,410.12
1786962148.172,,0,,,,-0.170,-4.626,True,0.420,-127.330,326.11,410.12
1786962148.247,,0,,,,-0.230,-4.704,True,0.420,-127.558,325.12,410.13
1786962148.322,,0,,,,-0.230,-4.704,True,0.420,-127.733,324.37,410.13
1786962148.422,,0,,,,-0.210,-4.678,True,0.420,-127.983,323.27,410.14
1786962148.497,,0,,,,-0.140,-4.588,True,0.421,-128.063,322.92,410.14
1786962148.572,,0,,,,-0.070,-4.498,True,0.422,-128.218,322.24,410.14
1786962148.647,,0,,,,-0.070,-4.498,True,0.422,-128.372,321.55,410.14
1786962148.722,,0,,,,-0.060,-4.485,True,0.422,-128.547,320.77,410.14
1786962148.822,,0,,,,-0.140,-4.588,True,0.421,-128.650,320.31,410.14
1786962148.872,,0,,,,-0.230,-4.704,True,0.420,-128.757,319.84,410.14
1786962149.022,,0,,,,-0.310,-4.807,True,0.418,-129.351,317.16,410.16
1786962149.097,,0,,,,-0.320,-4.819,True,0.418,-129.865,314.83,410.17
1786962149.172,,0,,,,-0.280,-4.768,True,0.419,-129.892,314.71,410.17
1786962149.247,,0,,,,-0.220,-4.691,True,0.420,-129.938,314.51,410.18
1786962149.322,,0,,,,-0.180,-4.639,True,0.420,-130.011,314.17,410.19
1786962149.422,,0,,,,-0.060,-4.485,True,0.422,-130.340,312.66,410.20
1786962149.522,,0,,,,0.020,-4.382,True,0.424,-130.705,310.97,410.21
1786962149.597,,0,,,,0.030,-4.369,True,0.424,-131.074,309.25,410.22
1786962149.697,,0,,,,0.040,-4.356,True,0.424,-131.319,308.09,410.22
1786962149.772,,0,,,,0.010,-4.395,True,0.423,-131.514,307.17,410.22
1786962149.847,,0,,,,0.010,-4.395,True,0.423,-131.663,306.46,410.22
1786962149.922,,0,,,,-0.050,-4.472,True,0.422,-131.692,306.32,410.22
1786962150.022,,0,,,,0.070,-4.318,True,0.424,-131.624,306.64,410.22
1786962150.122,,0,,,,0.250,-4.086,True,0.427,-131.745,306.07,410.22
1786962150.197,,0,,,,0.360,-3.945,True,0.429,-131.982,304.94,410.22
1786962150.272,,0,,,,0.490,-3.777,True,0.431,-132.272,303.55,410.23
1786962150.397,,0,,,,0.520,-3.739,True,0.432,-132.749,301.26,410.24
1786962150.472,,0,,,,0.480,-3.790,True,0.431,-133.009,299.99,410.25
1786962150.547,,0,,,,0.420,-3.867,True,0.430,-133.233,298.91,410.26
1786962150.622,,0,,,,0.310,-4.009,True,0.428,-133.446,297.87,410.27
1786962150.697,,0,,,,0.220,-4.125,True,0.427,-133.536,297.43,410.28
1786962150.797,,0,,,,0.250,-4.086,True,0.427,-133.714,296.55,410.28
1786962150.847,,0,,,,0.330,-3.983,True,0.429,-133.923,295.52,410.28
1786962150.922,,0,,,,0.470,-3.803,True,0.431,-134.107,294.60,410.28
1786962150.997,,0,,,,0.660,-3.558,True,0.434,-134.185,294.21,410.28
1786962151.072,,0,,,,0.730,-3.468,True,0.435,-134.305,293.61,410.28
1786962151.147,,0,,,,0.860,-3.301,True,0.437,-134.240,293.94,410.28
1786962151.222,,0,,,,0.920,-3.224,True,0.438,-134.315,293.56,410.28
1786962151.322,,0,,,,0.830,-3.340,True,0.437,-134.473,292.77,410.28
1786962151.422,,0,,,,0.680,-3.533,True,0.434,-134.519,292.54,410.29
1786962151.497,,0,,,,0.640,-3.584,True,0.434,-134.711,291.58,410.29
1786962151.572,,0,,,,0.290,-4.035,True,0.428,-134.762,291.33,410.30
1786962151.622,,0,,,,0.230,-4.112,True,0.427,-134.952,290.38,410.31
1786962151.722,,0,,,,0.030,-4.369,True,0.424,-135.217,289.04,410.32
1786962151.847,,0,,,,0.150,-4.215,True,0.426,-135.590,287.15,410.34
1786962151.947,,0,,,,0.440,-3.842,True,0.430,-136.290,283.55,410.35
1786962152.072,,0,,,,0.940,-3.198,True,0.439,-136.709,281.38,410.35
1786962152.172,,0,,,,1.120,-2.967,True,0.442,-137.150,279.07,410.35
1786962152.622,,0,,,,-0.010,-4.421,True,0.423,-138.505,271.88,410.36
1786962152.672,,0,,,,-0.160,-4.614,True,0.421,-138.657,271.07,410.36
1786962152.722,,0,,,,-0.210,-4.678,True,0.420,-138.873,269.91,410.36
1786962152.797,,0,,,,-0.160,-4.614,True,0.421,-139.105,268.66,410.37
1786962152.847,,0,,,,-0.070,-4.498,True,0.422,-139.427,266.91,410.37
1786962152.922,,0,,,,0.220,-4.125,True,0.427,-139.814,264.80,410.38
1786962152.997,,0,,,,0.590,-3.649,True,0.433,-141.257,256.83,410.39
1786962153.072,,0,,,,0.970,-3.160,True,0.439,-142.002,252.65,410.39
1786962153.172,,0,,,,1.320,-2.709,True,0.445,-142.420,250.29,410.40
1786962153.247,,0,,,,1.540,-2.426,True,0.449,-142.086,252.18,410.40
1786962153.347,,0,,,,1.500,-2.478,True,0.448,-141.832,253.62,410.40
1786962153.422,,0,,,,1.380,-2.632,True,0.446,-142.376,250.54,410.40
1786962153.497,,0,,,,1.250,-2.799,True,0.444,-142.455,250.10,410.40
1786962153.547,,0,,,,1.090,-3.005,True,0.441,-142.586,249.35,410.40
1786962153.647,,0,,,,0.870,-3.288,True,0.438,-142.517,249.74,410.41
1786962153.747,,0,,,,0.780,-3.404,True,0.436,-142.405,250.38,410.41
1786962153.822,,0,,,,0.760,-3.430,True,0.436,-142.426,250.27,410.42
1786962153.897,,0,,,,0.860,-3.301,True,0.437,-142.521,249.74,410.43
1786962153.972,,0,,,,0.960,-3.172,True,0.439,-142.722,248.59,410.43
1786962154.047,,0,,,,1.020,-3.095,True,0.440,-142.844,247.90,410.44
1786962154.122,,0,,,,1.080,-3.018,True,0.441,-142.977,247.14,410.45
1786962154.222,,0,,,,1.110,-2.979,True,0.442,-143.152,246.15,410.46
1786962154.297,,0,,,,1.050,-3.057,True,0.441,-143.274,245.45,410.46
1786962154.372,,0,,,,0.900,-3.250,True,0.438,-143.456,244.41,410.46
1786962154.447,,0,,,,0.730,-3.468,True,0.435,-143.493,244.20,410.47
1786962154.547,,0,,,,0.530,-3.726,True,0.432,-143.554,243.85,410.48
1786962154.622,,0,,,,0.480,-3.790,True,0.431,-143.624,243.45,410.48
1786962154.697,,0,,,,0.450,-3.829,True,0.431,-143.574,243.74,410.48
1786962154.797,,0,,,,0.620,-3.610,True,0.433,-143.564,243.79,410.48
1786962154.872,,0,,,,0.740,-3.456,True,0.435,-143.708,242.97,410.48
1786962154.947,,0,,,,0.880,-3.275,True,0.438,-143.761,242.66,410.48
1786962155.022,,0,,,,0.970,-3.160,True,0.439,-143.990,241.33,410.48
1786962155.072,,0,,,,1.050,-3.057,True,0.441,-144.037,241.06,410.48
1786962155.172,,0,,,,1.110,-2.979,True,0.442,-144.061,240.92,410.49
1786962155.272,,0,,,,1.120,-2.967,True,0.442,-144.159,240.36,410.50
1786962155.372,,0,,,,1.060,-3.044,True,0.441,-144.325,239.40,410.51
1786962155.447,,0,,,,1.120,-2.967,True,0.442,-144.526,238.24,410.52
1786962155.497,,0,,,,1.130,-2.954,True,0.442,-144.750,236.93,410.52
1786962155.647,,0,,,,1.330,-2.696,True,0.445,-145.134,234.68,410.53
1786962155.697,,0,,,,1.440,-2.555,True,0.447,-145.202,234.29,410.53
1786962155.772,,0,,,,1.600,-2.349,True,0.450,-145.366,233.32,410.53
1786962155.897,,0,,,,1.730,-2.182,True,0.452,-145.432,232.93,410.54
1786962155.972,,0,,,,1.760,-2.143,True,0.453,-145.624,231.80,410.55
1786962156.047,,0,,,,1.640,-2.298,True,0.451,-145.626,231.80,410.55
1786962156.122,,0,,,,1.490,-2.491,True,0.448,-145.730,231.18,410.56
1786962156.172,,0,,,,1.170,-2.902,True,0.443,-145.831,230.59,410.56
1786962156.247,,0,,,,0.940,-3.198,True,0.439,-145.674,231.52,410.57
1786962156.322,,0,,,,0.650,-3.571,True,0.434,-145.588,232.03,410.58
1786962156.397,,0,,,,0.470,-3.803,True,0.431,-145.435,232.95,410.59
1786962156.747,,0,,,,0.000,-4.408,True,0.423,-146.119,228.91,410.63
1786962156.822,,0,,,,-0.010,-4.421,True,0.423,-146.320,227.72,410.63
1786962199.596,,0,,,,61.320,59.618,True,0.860,-161.654,128.66,408.74
1786962199.646,,0,,,,61.320,59.618,True,0.860,-162.810,120.80,408.75
1786962199.721,,0,,,,61.320,59.618,True,0.860,-163.273,117.65,408.76
1786962199.796,,0,,,,61.320,59.618,True,0.860,-163.521,115.95,408.77
1786962199.871,,0,,,,60.450,58.760,True,0.860,-163.213,118.06,408.77
1786962199.946,,0,,,,60.580,58.888,True,0.860,-162.443,123.31,408.78
1786962200.071,,0,,,,60.480,58.789,True,0.860,-162.406,123.57,408.79
1786962200.121,,0,,,,60.300,58.612,True,0.860,-162.267,124.51,408.79
1786962200.196,,0,,,,59.880,58.198,True,0.860,-161.980,126.46,408.79
1786962200.271,,0,,,,59.530,57.852,True,0.860,-161.482,129.83,408.80
1786962200.346,,0,,,,59.000,57.330,True,0.860,-160.953,133.41,408.80
1786962200.421,,0,,,,58.840,57.172,True,0.860,-160.701,135.11,408.81
1786962200.496,,0,,,,58.840,57.172,True,0.860,-160.336,137.56,408.81
1786962200.571,,0,,,,58.840,57.172,True,0.860,-160.269,138.02,408.81
1786962200.646,,0,,,,59.080,57.409,True,0.860,-159.945,140.19,408.81
1786962200.746,,0,,,,59.690,58.010,True,0.860,-159.301,144.50,408.81
1786962200.821,,0,,,,60.450,58.760,True,0.860,-159.200,145.17,408.82
1786962200.946,,0,,,,60.940,59.243,True,0.860,-159.384,143.95,408.84
1786962200.996,,0,,,,60.870,59.174,True,0.860,-159.299,144.52,408.84
1786962201.096,,0,,,,60.540,58.849,True,0.860,-159.288,144.60,408.86
1786962201.171,,0,,,,60.210,58.523,True,0.860,-158.778,148.00,408.86
1786962201.246,,0,,,,59.780,58.099,True,0.860,-158.353,150.83,408.88
1786962201.346,,0,,,,59.610,57.931,True,0.860,-158.048,152.85,408.88
1786962201.421,,0,,,,59.560,57.882,True,0.860,-157.412,157.06,408.89
1786962201.471,,0,,,,59.530,57.852,True,0.860,-156.941,160.15,408.89
1786962201.571,,0,,,,59.500,57.823,True,0.860,-156.693,161.78,408.89
1786962201.646,,0,,,,59.520,57.843,True,0.860,-156.424,163.54,408.89
1786962201.696,,0,,,,58.990,57.320,True,0.860,-156.035,166.08,408.89
1786962201.771,,0,,,,58.410,56.748,True,0.860,-155.567,169.13,408.88
1786962201.821,,0,,,,57.980,56.324,True,0.860,-154.826,173.93,408.89
1786962201.896,,0,,,,57.230,55.584,True,0.860,-153.864,180.12,408.89
1786962201.971,,0,,,,56.260,54.627,True,0.860,-153.479,182.58,408.89
1786962202.046,,0,,,,55.510,53.887,True,0.860,-151.688,193.93,408.90
1786962202.096,,0,,,,54.710,53.098,True,0.860,-150.497,201.37,408.91
1786962202.196,,0,,,,53.860,52.393,True,0.860,-149.696,206.33,408.91
1786962202.546,,0,,,,50.790,49.870,True,0.860,-146.079,228.23,408.97
1786962202.746,,0,,,,49.260,48.612,True,0.860,-146.897,223.37,408.99
1786962202.821,,0,,,,47.830,47.437,True,0.860,-147.079,222.28,408.99
1786962202.996,,0,,,,45.430,45.464,True,0.860,-145.419,232.13,408.99
1786962203.296,,0,,,,42.840,43.336,True,0.860,-145.710,230.42,409.00
1786962203.371,,0,,,,42.720,43.237,True,0.860,-145.770,230.07,409.00
1786962203.421,,0,,,,42.650,43.177,True,0.860,-146.781,224.07,409.01
1786962203.471,,0,,,,42.480,43.015,True,0.861,-146.877,223.50,409.01
1786962203.671,,0,,,,42.240,42.786,True,0.863,-146.101,228.13,409.03
1786962203.771,,0,,,,42.180,42.728,True,0.863,-145.689,230.57,409.04
1786962203.871,,0,,,,42.040,42.595,True,0.864,-145.233,233.26,409.05
1786962203.946,,0,,,,41.850,42.413,True,0.865,-144.895,235.24,409.05
1786962204.021,,0,,,,41.650,42.222,True,0.866,-144.978,234.76,409.06
1786962204.096,,0,,,,41.510,42.089,True,0.867,-144.899,235.22,409.07
1786962204.196,,0,,,,40.820,41.430,True,0.872,-144.610,236.91,409.08
1786962204.321,,0,,,,40.420,41.048,True,0.874,-144.270,238.89,409.08
1786962204.446,,0,,,,39.580,40.246,True,0.880,-143.646,242.50,409.09
1786962204.521,,0,,,,39.230,39.912,True,0.882,-144.108,239.84,409.09
1786962204.571,,0,,,,38.950,39.645,True,0.884,-144.006,240.43,409.09
1786962204.621,,0,,,,38.770,39.473,True,0.885,-142.963,246.41,409.10
1786962204.721,,0,,,,38.260,38.986,True,0.888,-142.922,246.65,409.10
1786962204.796,,0,,,,37.750,38.500,True,0.891,-142.450,249.34,409.11
1786962204.846,,0,,,,37.370,38.137,True,0.894,-142.460,249.28,409.12
1786962204.921,,0,,,,36.780,37.574,True,0.898,-142.174,250.90,409.12
1786962204.996,,0,,,,36.130,36.953,True,0.902,-141.742,253.34,409.14
1786962205.096,,0,,,,35.910,36.743,True,0.903,-141.212,256.31,409.15
1786962205.171,,0,,,,35.840,36.676,True,0.904,-141.240,256.15,409.15
1786962205.246,,0,,,,35.860,36.696,True,0.903,-140.729,258.99,409.16
1786962205.346,,0,,,,36.090,36.915,True,0.902,-140.446,260.55,409.16
1786962205.446,,0,,,,36.210,37.030,True,0.901,-139.852,263.81,409.16
1786962205.521,,0,,,,36.170,36.991,True,0.901,-139.966,263.19,409.16
1786962205.646,,0,,,,35.950,36.781,True,0.903,-139.174,267.50,409.16
1786962205.721,,0,,,,35.750,36.591,True,0.904,-138.778,269.63,409.16
1786962205.821,,0,,,,35.560,36.409,True,0.905,-138.220,272.62,409.17
1786962205.896,,0,,,,35.140,36.008,True,0.908,-137.968,273.96,409.18
1786962206.071,,0,,,,34.380,35.283,True,0.913,-137.750,275.13,409.20
1786962206.146,,0,,,,33.890,34.815,True,0.916,-137.149,278.30,409.20
1786962206.221,,0,,,,33.730,34.662,True,0.917,-136.621,281.05,409.21
1786962206.296,,0,,,,33.680,34.615,True,0.917,-136.144,283.52,409.21
1786962206.421,,0,,,,33.500,34.443,True,0.919,-135.936,284.59,409.21
1786962206.471,,0,,,,33.350,34.300,True,0.920,-135.706,285.77,409.21
1786962206.546,,0,,,,33.350,34.300,True,0.920,-135.162,288.52,409.20
1786962206.621,,0,,,,33.410,34.357,True,0.919,-134.617,291.27,409.19
1786962206.696,,0,,,,33.550,34.491,True,0.918,-134.325,292.73,409.18
1786962206.746,,0,,,,33.660,34.596,True,0.918,-134.143,293.63,409.18
1786962206.796,,0,,,,33.740,34.672,True,0.917,-133.643,296.11,409.18
1786962206.846,,0,,,,33.810,34.739,True,0.917,-133.686,295.89,409.18
1786962206.921,,0,,,,34.000,34.920,True,0.915,-133.144,298.55,409.18
1786962206.996,,0,,,,34.260,35.168,True,0.914,-132.821,300.13,409.19
1786962207.046,,0,,,,34.260,35.168,True,0.914,-133.100,298.78,409.19
1786962207.146,,0,,,,33.760,34.691,True,0.917,-133.552,296.57,409.21
1786962207.221,,0,,,,33.140,34.099,True,0.921,-133.702,295.85,409.23
1786962207.346,,0,,,,32.320,33.315,True,0.926,-133.581,296.45,409.24
1786962207.421,,0,,,,31.610,32.537,True,0.901,-133.541,296.65,409.23
1786962207.496,,0,,,,31.390,32.296,True,0.893,-133.137,298.61,409.21
1786962207.571,,0,,,,31.510,32.427,True,0.898,-132.826,300.11,409.19
1786962207.621,,0,,,,32.160,33.140,True,0.920,-132.365,302.31,409.16
1786962207.721,,0,,,,33.400,34.347,True,0.919,-131.533,306.25,409.11
1786962207.871,,0,,,,36.010,36.839,True,0.903,-130.916,309.10,409.04
1786962207.921,,0,,,,37.200,37.975,True,0.895,-129.910,313.73,409.01
1786962208.021,,0,,,,38.660,39.368,True,0.886,-128.753,318.93,408.97
1786962208.171,,0,,,,42.370,42.910,True,0.862,-126.746,327.67,408.93
1786962208.246,,0,,,,43.070,43.525,True,0.860,-126.352,329.33,408.91
1786962208.446,,0,,,,44.320,44.552,True,0.860,-125.771,331.79,408.93
1786962208.496,,0,,,,44.160,44.421,True,0.860,-126.672,327.99,408.93
1786962208.621,,0,,,,43.160,43.599,True,0.860,-129.136,317.18,408.93
1786962208.696,,0,,,,42.650,43.177,True,0.860,-129.404,315.96,408.91
1786962208.796,,0,,,,42.190,42.738,True,0.863,-129.762,314.31,408.88
1786962208.871,,0,,,,42.260,42.805,True,0.863,-130.169,312.43,408.87
1786962208.971,,0,,,,42.890,43.377,True,0.860,-131.080,308.16,408.81
1786962209.071,,0,,,,44.470,44.675,True,0.860,-131.243,307.36,408.77
1786962209.146,,0,,,,46.620,46.443,True,0.860,-131.408,306.55,408.72
1786962209.221,,0,,,,47.900,47.495,True,0.860,-131.529,305.95,408.68
1786962209.296,,0,,,,49.780,49.040,True,0.860,-130.832,309.21,408.67
1786962209.396,,0,,,,52.880,51.588,True,0.860,-130.697,309.78,408.59
1786962209.471,,0,,,,55.270,53.651,True,0.860,-129.963,313.16,408.58
1786962209.646,,0,,,,58.580,56.915,True,0.860,-130.233,311.88,408.52
1786962209.746,,0,,,,60.510,58.819,True,0.860,-129.974,313.06,408.51
1786962209.821,,0,,,,61.600,59.894,True,0.860,-130.607,310.14,408.51
1786962209.921,,0,,,,63.050,61.324,True,0.860,-130.890,308.82,408.51
1786962210.021,,0,,,,63.660,61.926,True,0.860,-131.510,305.90,408.50
1786962210.146,,0,,,,63.690,61.955,True,0.860,-131.476,306.05,408.48
1786962210.421,,0,,,,64.000,62.261,True,0.860,-131.257,307.02,408.40
1786962210.521,,0,,,,64.500,62.754,True,0.860,-131.442,306.12,408.37
1786962210.621,,0,,,,65.380,63.762,True,0.883,-131.327,306.63,408.32
1786962210.721,,0,,,,66.150,64.674,True,0.909,-131.308,306.69,408.29
1786962210.771,,0,,,,66.780,65.419,True,0.929,-131.315,306.65,408.28
1786962210.846,,0,,,,67.710,66.520,True,0.960,-130.831,308.90,408.24
1786962210.921,,0,,,,68.510,67.467,True,0.987,-130.577,310.05,408.21
1786962210.996,,0,,,,69.430,68.556,True,1.018,-130.095,312.25,408.18
1786962211.071,,0,,,,70.840,70.225,True,1.065,-130.011,312.63,408.17
1786962211.171,,0,,,,71.700,71.242,True,1.094,-130.161,311.92,408.14
1786962211.246,,0,,,,72.370,72.035,True,1.116,-130.186,311.78,408.12
1786962211.321,,0,,,,72.780,72.521,True,1.130,-130.486,310.39,408.11
1786962211.371,,0,,,,73.240,73.044,True,1.137,-130.323,311.14,408.10
1786962211.471,,0,,,,73.550,73.384,True,1.137,-130.297,311.24,408.08
1786962211.546,,0,,,,73.780,73.636,True,1.137,-130.123,312.04,408.07
1786962211.621,,0,,,,73.900,73.767,True,1.137,-129.981,312.67,408.05
1786962211.721,,0,,,,73.830,73.691,True,1.137,-129.757,313.68,408.03
1786962211.871,,0,,,,73.460,73.285,True,1.137,-129.126,316.51,408.00
1786962211.946,,0,,,,73.300,73.110,True,1.137,-128.380,319.81,407.97
1786962211.996,,0,,,,73.180,72.978,True,1.137,-128.029,321.34,407.95
1786962212.071,,0,,,,73.140,72.934,True,1.137,-127.781,322.42,407.94
1786962212.146,,0,,,,73.200,73.000,True,1.137,-127.197,324.92,407.91
1786962212.246,,0,,,,73.340,73.154,True,1.137,-126.618,327.36,407.86
1786962212.321,,0,,,,73.470,73.296,True,1.137,-126.217,329.05,407.85
1786962212.396,,0,,,,73.750,73.603,True,1.137,-125.954,330.12,407.81
1786962212.471,,0,,,,74.030,73.910,True,1.137,-125.792,330.79,407.80
1786962212.546,,0,,,,74.410,74.326,True,1.137,-125.504,331.96,407.78
1786962212.646,,0,,,,74.860,74.819,True,1.137,-125.145,333.42,407.75
1786962212.721,,0,,,,75.290,75.291,True,1.137,-124.996,334.01,407.74
1786962212.771,,0,,,,75.480,75.499,True,1.137,-124.885,334.46,407.73
1786962212.896,,0,,,,75.740,75.784,True,1.137,-124.938,334.23,407.71
1786962212.946,,0,,,,75.810,75.860,True,1.137,-124.850,334.57,407.68
1786962213.046,,0,,,,75.770,75.817,True,1.137,-124.875,334.44,407.66
1786962213.121,,0,,,,75.650,75.685,True,1.137,-124.836,334.60,407.65
1786962213.246,,0,,,,75.370,75.378,True,1.137,-124.768,334.85,407.63
1786962213.321,,0,,,,75.190,75.181,True,1.137,-124.598,335.52,407.60
1786962213.421,,0,,,,74.850,74.808,True,1.137,-124.235,336.96,407.58
1786962213.496,,0,,,,74.660,74.600,True,1.137,-123.792,338.70,407.55
1786962213.571,,0,,,,74.550,74.480,True,1.137,-123.703,339.05,407.55
1786962213.646,,0,,,,74.350,74.260,True,1.137,-123.253,340.78,407.51
1786962213.721,,0,,,,74.080,73.965,True,1.137,-122.768,342.65,407.49
1786962213.846,,0,,,,73.910,73.778,True,1.137,-122.289,344.45,407.45
1786962213.921,,0,,,,73.870,73.734,True,1.137,-121.963,345.66,407.44
1786962213.971,,0,,,,73.940,73.811,True,1.137,-121.833,346.14,407.43
1786962214.046,,0,,,,73.920,73.789,True,1.137,-121.553,347.17,407.40
1786962214.121,,0,,,,73.910,73.778,True,1.137,-121.296,348.11,407.38
1786962214.196,,0,,,,73.950,73.822,True,1.137,-121.010,349.14,407.36
1786962214.296,,0,,,,73.990,73.866,True,1.137,-120.909,349.49,407.34
1786962214.396,,0,,,,73.970,73.844,True,1.137,-120.779,349.94,407.31
1786962214.496,,0,,,,73.910,73.778,True,1.137,-120.587,350.63,407.31
1786962214.546,,0,,,,73.780,73.636,True,1.137,-120.396,351.31,407.29
1786962214.621,,0,,,,73.500,73.329,True,1.137,-120.291,351.68,407.28
1786962214.696,,0,,,,73.240,73.044,True,1.137,-120.116,352.29,407.27
1786962214.746,,0,,,,73.040,72.825,True,1.137,-120.132,352.23,407.27
1786962214.821,,0,,,,72.740,72.473,True,1.128,-119.938,352.91,407.25
1786962214.896,,0,,,,72.300,71.953,True,1.114,-119.745,353.58,407.23
1786962215.021,,0,,,,71.780,71.337,True,1.096,-119.500,354.41,407.21
1786962215.096,,0,,,,71.450,70.946,True,1.085,-119.275,355.17,407.18
1786962215.171,,0,,,,71.160,70.603,True,1.075,-119.106,355.75,407.16
1786962215.246,,0,,,,70.800,70.177,True,1.063,-118.816,356.72,407.14
1786962215.321,,0,,,,70.390,69.692,True,1.050,-118.671,357.20,407.12
1786962215.421,,0,,,,69.930,69.147,True,1.034,-118.499,357.76,407.09
1786962215.546,,0,,,,69.520,68.662,True,1.021,-118.453,357.89,407.06
1786962215.621,,0,,,,69.540,68.686,True,1.021,-118.146,358.91,407.04
1786962215.721,,0,,,,69.840,69.041,True,1.031,-118.112,359.00,407.02
1786962215.796,,0,,,,70.180,69.443,True,1.043,-117.994,359.37,406.99
1786962215.896,,0,,,,70.430,69.739,True,1.051,-117.876,359.76,406.99
1786962215.971,,0,,,,70.530,69.858,True,1.054,-117.735,360.21,406.96
1786962216.046,,0,,,,70.480,69.798,True,1.053,-117.423,361.21,406.94
1786962216.146,,0,,,,70.130,69.384,True,1.041,-117.332,361.50,406.93
1786962216.246,,0,,,,69.690,68.863,True,1.026,-117.378,361.34,406.91
1786962216.346,,0,,,,69.070,68.130,True,1.006,-117.414,361.21,406.90
1786962216.421,,0,,,,68.670,67.656,True,0.992,-117.455,361.07,406.89
1786962216.471,,0,,,,68.490,67.443,True,0.986,-117.638,360.46,406.89
1786962216.571,,0,,,,68.090,66.970,True,0.973,-117.322,361.47,406.86
1786962216.646,,0,,,,67.890,66.733,True,0.966,-116.800,363.14,406.84
1786962216.696,,0,,,,67.730,66.544,True,0.961,-116.335,364.60,406.82
1786962216.771,,0,,,,67.580,66.366,True,0.956,-116.060,365.45,406.81
1786962216.821,,0,,,,67.420,66.177,True,0.951,-115.623,366.78,406.79
1786962216.896,,0,,,,67.100,65.798,True,0.940,-115.056,368.48,406.76
1786962216.971,,0,,,,66.880,65.538,True,0.933,-114.934,368.83,406.74
1786962217.071,,0,,,,66.660,65.277,True,0.925,-114.622,369.74,406.72
1786962217.146,,0,,,,66.560,65.159,True,0.922,-114.479,370.14,406.69
1786962217.246,,0,,,,66.470,65.052,True,0.919,-114.484,370.11,406.68
1786962217.321,,0,,,,66.490,65.076,True,0.920,-114.424,370.27,406.66
1786962217.396,,0,,,,66.560,65.159,True,0.922,-114.409,370.29,406.64
1786962217.471,,0,,,,66.660,65.277,True,0.925,-114.581,369.78,406.63
1786962217.546,,0,,,,66.680,65.301,True,0.926,-114.675,369.48,406.61
1786962217.621,,0,,,,66.620,65.230,True,0.924,-114.646,369.56,406.60
1786962217.696,,0,,,,66.500,65.088,True,0.920,-114.431,370.18,406.59
1786962217.796,,0,,,,66.210,64.745,True,0.911,-114.284,370.60,406.57
1786962217.846,,0,,,,65.900,64.378,True,0.900,-114.179,370.89,406.56
1786962217.946,,0,,,,65.510,63.916,True,0.888,-114.009,371.36,406.54
1786962217.996,,0,,,,64.880,63.171,True,0.867,-113.834,371.86,406.53
1786962218.096,,0,,,,64.310,62.567,True,0.860,-113.371,373.16,406.51
1786962218.221,,0,,,,63.130,61.403,True,0.860,-113.140,373.79,406.49
1786962218.371,,0,,,,62.360,60.644,True,0.860,-112.618,375.20,406.46
1786962218.446,,0,,,,62.050,60.338,True,0.860,-112.623,375.16,406.44
1786962218.521,,0,,,,61.940,60.229,True,0.860,-112.248,376.15,406.41
1786962218.596,,0,,,,62.030,60.318,True,0.860,-111.663,377.68,406.38
1786962218.696,,0,,,,62.160,60.446,True,0.860,-111.238,378.76,406.36
1786962218.771,,0,,,,62.330,60.614,True,0.860,-111.041,379.26,406.35
1786962218.871,,0,,,,62.360,60.644,True,0.860,-110.519,380.54,406.32
1786962218.946,,0,,,,62.070,60.358,True,0.860,-110.075,381.61,406.29
1786962219.021,,0,,,,61.730,60.022,True,0.860,-109.999,381.78,406.28
1786962219.096,,0,,,,60.990,59.292,True,0.860,-109.792,382.27,406.26
1786962219.171,,0,,,,60.320,58.632,True,0.860,-109.730,382.41,406.26
1786962219.296,,0,,,,59.740,58.060,True,0.860,-109.604,382.70,406.25
1786962219.396,,0,,,,59.270,57.596,True,0.860,-109.628,382.62,406.22
1786962219.471,,0,,,,59.120,57.448,True,0.860,-110.034,381.64,406.22
1786962219.546,,0,,,,58.870,57.201,True,0.860,-110.159,381.32,406.21
1786962219.621,,0,,,,58.600,56.935,True,0.860,-109.990,381.71,406.18
1786962219.696,,0,,,,58.220,56.560,True,0.860,-109.453,382.98,406.16
1786962219.796,,0,,,,57.910,56.255,True,0.860,-109.049,383.90,406.14
1786962219.871,,0,,,,57.460,55.811,True,0.860,-109.073,383.84,406.14
1786962219.946,,0,,,,56.920,55.278,True,0.860,-108.774,384.51,406.11
1786962219.996,,0,,,,56.400,54.765,True,0.860,-108.330,385.49,406.10
1786962220.071,,0,,,,55.900,54.272,True,0.860,-108.100,385.99,406.09
1786962220.246,,0,,,,54.770,53.158,True,0.860,-107.409,387.45,406.05
1786962220.321,,0,,,,54.510,52.927,True,0.860,-107.158,387.96,406.03
1786962220.396,,0,,,,54.430,52.862,True,0.860,-106.858,388.57,406.02
1786962220.496,,0,,,,54.380,52.821,True,0.860,-106.762,388.77,406.02
1786962220.571,,0,,,,54.350,52.796,True,0.860,-106.539,389.19,405.99
1786962220.646,,0,,,,54.420,52.854,True,0.860,-106.163,389.92,405.97
1786962220.721,,0,,,,54.400,52.837,True,0.860,-105.905,390.41,405.95
1786962220.796,,0,,,,54.120,52.607,True,0.860,-105.628,390.93,405.93
1786962220.846,,0,,,,53.860,52.393,True,0.860,-105.450,391.26,405.93
1786962220.921,,0,,,,53.410,52.023,True,0.860,-105.267,391.59,405.91
1786962221.021,,0,,,,52.640,51.391,True,0.860,-105.239,391.63,405.91
1786962221.096,,0,,,,52.000,50.864,True,0.860,-105.195,391.70,405.89
1786962221.171,,0,,,,51.050,50.084,True,0.860,-105.216,391.66,405.89
1786962221.271,,0,,,,50.350,49.508,True,0.860,-104.727,392.54,405.88
1786962221.346,,0,,,,49.990,49.212,True,0.860,-104.482,392.97,405.87
1786962221.471,,0,,,,49.250,48.604,True,0.860,-104.437,393.03,405.84
1786962221.521,,0,,,,48.900,48.317,True,0.860,-104.258,393.33,405.83
1786962221.621,,0,,,,48.500,47.988,True,0.860,-103.748,394.18,405.81
1786962221.696,,0,,,,48.160,47.708,True,0.860,-103.288,394.92,405.78
1786962221.796,,0,,,,47.750,47.371,True,0.860,-103.161,395.12,405.78
1786962221.871,,0,,,,47.340,47.034,True,0.860,-102.811,395.67,405.77
1786962221.946,,0,,,,46.690,46.500,True,0.860,-102.536,396.08,405.75
1786962222.046,,0,,,,46.270,46.155,True,0.860,-102.630,395.93,405.75
1786962222.171,,0,,,,45.530,45.547,True,0.860,-102.252,396.49,405.73
1786962222.221,,0,,,,45.260,45.325,True,0.860,-102.263,396.47,405.73
1786962222.371,,0,,,,44.510,44.708,True,0.860,-101.973,396.88,405.71
1786962222.446,,0,,,,43.920,44.223,True,0.860,-101.681,397.30,405.70
1786962222.546,,0,,,,43.290,43.706,True,0.860,-101.369,397.72,405.68
1786962222.621,,0,,,,42.670,43.196,True,0.860,-101.051,398.14,405.66
1786962222.721,,0,,,,41.470,42.051,True,0.868,-100.441,398.93,405.65
1786962222.771,,0,,,,41.210,41.802,True,0.869,-100.214,399.21,405.64
1786962222.821,,0,,,,40.810,41.421,True,0.872,-99.896,399.60,405.63
1786962222.946,,0,,,,40.330,40.962,True,0.875,-99.366,400.20,405.61
1786962222.996,,0,,,,40.100,40.743,True,0.876,-99.179,400.41,405.61
1786962223.071,,0,,,,39.930,40.581,True,0.877,-98.978,400.64,405.60
1786962223.146,,0,,,,39.970,40.619,True,0.877,-98.561,401.07,405.58
1786962223.270,,0,,,,39.940,40.590,True,0.877,-98.335,401.29,405.57
1786962223.370,,0,,,,39.740,40.399,True,0.879,-98.197,401.41,405.55
1786962223.420,,0,,,,39.260,39.941,True,0.882,-98.101,401.50,405.55
1786962223.520,,0,,,,38.180,38.910,True,0.889,-97.823,401.76,405.54
1786962223.596,,0,,,,37.370,38.137,True,0.894,-97.448,402.11,405.54
1786962223.670,,0,,,,36.980,37.765,True,0.896,-97.619,401.96,405.54
1786962223.770,,0,,,,35.930,36.762,True,0.903,-97.333,402.20,405.52
1786962223.870,,0,,,,35.050,35.922,True,0.909,-96.902,402.57,405.51
1786962223.945,,0,,,,34.560,35.455,True,0.912,-96.728,402.71,405.50
1786962224.020,,0,,,,34.090,35.006,True,0.915,-96.182,403.13,405.48
1786962224.095,,0,,,,33.680,34.615,True,0.917,-95.924,403.30,405.46
1786962224.170,,0,,,,33.340,34.290,True,0.920,-95.601,403.51,405.45
1786962224.246,,0,,,,33.040,34.004,True,0.922,-95.552,403.54,405.44
1786962224.346,,0,,,,32.370,33.364,True,0.926,-95.077,403.83,405.42
1786962224.420,,0,,,,32.060,33.030,True,0.917,-94.561,404.14,405.42
1786962224.495,,0,,,,32.000,32.964,True,0.915,-94.348,404.26,405.43
1786962224.545,,0,,,,31.890,32.844,True,0.911,-94.050,404.40,405.41
1786962224.595,,0,,,,31.710,32.647,True,0.905,-93.989,404.43,405.41
1786962224.645,,0,,,,31.510,32.427,True,0.898,-93.864,404.49,405.41
1786962224.770,,0,,,,30.940,31.803,True,0.878,-93.542,404.62,405.40
1786962224.845,,0,,,,30.320,31.123,True,0.856,-93.410,404.68,405.39
1786962224.945,,0,,,,29.760,30.510,True,0.837,-93.056,404.80,405.38
1786962225.020,,0,,,,29.000,29.677,True,0.811,-92.635,404.95,405.38
1786962225.145,,0,,,,27.960,28.537,True,0.775,-91.928,405.13,405.36
1786962225.270,,0,,,,27.360,27.879,True,0.755,-91.120,405.27,405.35
1786962225.345,,0,,,,27.020,27.507,True,0.744,-91.059,405.26,405.33
1786962225.445,,0,,,,26.530,26.970,True,0.727,-90.934,405.28,405.33
1786962225.520,,0,,,,26.280,26.696,True,0.719,-90.473,405.30,405.32
1786962225.595,,0,,,,25.730,26.093,True,0.700,-89.968,405.31,405.31
1786962225.646,,0,,,,25.530,25.874,True,0.694,-89.779,405.30,405.31
1786962225.720,,0,,,,25.250,25.567,True,0.684,-89.382,405.27,405.29
1786962225.770,,0,,,,24.980,25.271,True,0.675,-89.206,405.25,405.29
1786962225.870,,0,,,,24.740,25.008,True,0.667,-88.722,405.18,405.29
1786962225.920,,0,,,,24.650,24.910,True,0.664,-88.203,405.07,405.27
1786962226.045,,0,,,,24.230,24.449,True,0.651,-87.835,404.98,405.27
1786962226.145,,0,,,,23.540,23.693,True,0.628,-87.476,404.86,405.25
1786962226.220,,0,,,,22.930,22.990,True,0.611,-87.088,404.73,405.25
1786962226.345,,0,,,,21.850,21.711,True,0.584,-86.451,404.47,405.24
1786962226.395,,0,,,,21.090,20.812,True,0.565,-85.565,404.02,405.23
1786962226.470,,0,,,,20.590,20.220,True,0.552,-85.295,403.86,405.23
1786962226.545,,0,,,,20.070,19.604,True,0.540,-84.852,403.59,405.22
1786962226.595,,0,,,,19.820,19.308,True,0.534,-84.089,403.06,405.21
1786962226.645,,0,,,,19.580,19.024,True,0.528,-83.885,402.90,405.21
1786962226.745,,0,,,,19.480,18.906,True,0.525,-83.582,402.65,405.19
1786962226.820,,0,,,,19.160,18.527,True,0.518,-83.557,402.63,405.19
1786962226.895,,0,,,,18.910,18.231,True,0.512,-82.983,402.14,405.17
1786962226.970,,0,,,,18.730,18.018,True,0.508,-82.770,401.94,405.16
1786962227.070,,0,,,,18.430,17.663,True,0.500,-82.366,401.57,405.16
1786962227.145,,0,,,,18.050,17.213,True,0.492,-81.983,401.19,405.15
1786962227.270,,0,,,,17.220,16.231,True,0.472,-81.714,400.91,405.14
1786962227.370,,0,,,,16.650,15.556,True,0.460,-81.175,400.33,405.13
1786962227.445,,0,,,,16.280,15.118,True,0.451,-80.917,400.05,405.13
1786962227.520,,0,,,,16.140,14.952,True,0.448,-80.822,399.93,405.12
1786962227.595,,0,,,,16.050,14.846,True,0.446,-80.669,399.75,405.11
1786962227.720,,0,,,,15.690,14.420,True,0.438,-80.411,399.44,405.10
1786962227.820,,0,,,,15.580,14.290,True,0.436,-79.996,398.93,405.09
1786962227.895,,0,,,,15.300,13.958,True,0.430,-79.653,398.49,405.07
1786962227.970,,0,,,,15.120,13.745,True,0.426,-79.420,398.18,405.07
1786962228.045,,0,,,,14.770,13.341,True,0.426,-79.137,397.80,405.06
1786962228.145,,0,,,,14.380,12.897,True,0.431,-78.713,397.21,405.04
1786962228.220,,0,,,,14.170,12.659,True,0.434,-78.289,396.61,405.04
1786962228.295,,0,,,,13.920,12.374,True,0.437,-77.931,396.08,405.04
1786962228.395,,0,,,,13.550,11.953,True,0.441,-77.687,395.71,405.03
1786962228.495,,0,,,,12.950,11.270,True,0.448,-77.258,395.05,405.02
1786962228.595,,0,,,,12.440,10.690,True,0.455,-77.017,394.67,405.02
1786962228.670,,0,,,,11.920,10.098,True,0.461,-76.978,394.60,405.02
1786962228.770,,0,,,,11.610,9.745,True,0.465,-76.543,393.89,405.00
1786962228.870,,0,,,,11.470,9.586,True,0.467,-76.297,393.48,405.01
1786962228.970,,0,,,,11.410,9.518,True,0.468,-75.967,392.90,404.99
1786962229.020,,0,,,,11.430,9.541,True,0.467,-75.525,392.12,404.98
1786962229.145,,0,,,,11.380,9.484,True,0.468,-75.370,391.83,404.96
1786962229.245,,0,,,,10.870,8.903,True,0.475,-75.039,391.23,404.96
1786962229.370,,0,,,,10.120,8.050,True,0.484,-74.599,390.40,404.95
1786962229.420,,0,,,,9.790,7.674,True,0.489,-74.303,389.84,404.95
1786962229.470,,0,,,,9.500,7.344,True,0.492,-74.123,389.50,404.95
1786962229.545,,0,,,,9.120,6.912,True,0.497,-73.543,388.34,404.93
1786962229.595,,0,,,,8.780,6.525,True,0.502,-72.969,387.17,404.93
1786962229.670,,0,,,,8.310,5.990,True,0.508,-72.624,386.45,404.93
1786962229.770,,0,,,,7.970,5.603,True,0.513,-72.142,385.41,404.91
1786962229.845,,0,,,,7.550,5.125,True,0.518,-71.720,384.48,404.92
1786962229.920,,0,,,,7.240,4.773,True,0.522,-71.472,383.92,404.91
1786962229.995,,0,,,,6.940,4.431,True,0.526,-71.176,383.25,404.91
1786962230.070,,0,,,,6.560,3.999,True,0.532,-71.182,383.27,404.91
1786962230.170,,0,,,,6.250,3.634,True,0.533,-70.749,382.25,404.89
1786962230.245,,0,,,,5.870,3.145,True,0.526,-70.040,380.56,404.88
1786962230.320,,0,,,,5.690,2.914,True,0.523,-69.714,379.76,404.87
1786962230.395,,0,,,,5.530,2.708,True,0.520,-69.356,378.87,404.86
1786962230.445,,0,,,,5.340,2.463,True,0.516,-69.231,378.55,404.86
1786962230.495,,0,,,,4.980,2.000,True,0.510,-69.083,378.17,404.85
1786962230.570,,0,,,,4.680,1.614,True,0.504,-68.888,377.67,404.85
1786962230.645,,0,,,,4.410,1.267,True,0.499,-68.822,377.51,404.85
1786962230.695,,0,,,,4.190,0.983,True,0.495,-68.545,376.80,404.85
1786962230.770,,0,,,,3.850,0.546,True,0.489,-68.458,376.57,404.85
1786962230.845,,0,,,,3.590,0.211,True,0.485,-68.356,376.31,404.85
1786962230.895,,0,,,,3.430,0.006,True,0.482,-68.325,376.22,404.85
1786962230.970,,0,,,,3.150,-0.355,True,0.477,-68.149,375.76,404.84
1786962231.045,,0,,,,2.730,-0.895,True,0.469,-67.768,374.75,404.84
1786962231.170,,0,,,,2.370,-1.358,True,0.463,-67.329,373.55,404.83
1786962231.245,,0,,,,2.070,-1.744,True,0.458,-67.174,373.13,404.83
1786962231.320,,0,,,,1.670,-2.259,True,0.451,-66.886,372.32,404.81
1786962231.420,,0,,,,1.100,-2.992,True,0.441,-66.589,371.49,404.81
1786962231.470,,0,,,,0.810,-3.365,True,0.437,-66.553,371.39,404.81
1786962231.570,,0,,,,0.480,-3.790,True,0.431,-66.196,370.36,404.80
1786962231.645,,0,,,,0.130,-4.240,True,0.425,-66.004,369.81,404.80
1786962231.745,,0,,,,-0.140,-4.588,True,0.421,-65.978,369.73,404.79
1786962231.870,,0,,,,-0.560,-5.128,True,0.414,-65.976,369.72,404.79
1786962231.920,,0,,,,-0.720,-5.334,True,0.412,-65.892,369.48,404.78
1786962231.995,,0,,,,-0.850,-5.501,True,0.410,-65.789,369.18,404.78
1786962232.095,,0,,,,-1.080,-5.797,True,0.406,-65.826,369.29,404.78
1786962232.195,,0,,,,-1.160,-5.900,True,0.405,-65.576,368.55,404.77
1786962232.270,,0,,,,-1.210,-5.965,True,0.404,-65.445,368.16,404.77
1786962232.370,,0,,,,-1.250,-6.016,True,0.403,-65.395,368.00,404.76
1786962232.445,,0,,,,-1.260,-6.029,True,0.403,-65.106,367.15,404.76
1786962232.520,,0,,,,-1.270,-6.042,True,0.403,-64.866,366.43,404.75
1786962232.620,,0,,,,-1.430,-6.221,True,0.405,-64.754,366.09,404.75
1786962232.720,,0,,,,-1.700,-6.497,True,0.414,-64.732,366.02,404.74
1786962232.820,,0,,,,-2.140,-6.946,True,0.429,-64.657,365.79,404.74
1786962232.870,,0,,,,-2.350,-7.160,True,0.436,-64.479,365.25,404.74
1786962233.020,,0,,,,-3.110,-7.935,True,0.462,-64.251,364.55,404.74
1786962233.145,,0,,,,-3.380,-8.211,True,0.472,-64.061,363.96,404.73
1786962233.245,,0,,,,-3.510,-8.343,True,0.477,-63.818,363.20,404.73
1786962233.345,,0,,,,-3.650,-8.486,True,0.482,-63.578,362.44,404.72
1786962233.445,,0,,,,-3.780,-8.619,True,0.486,-63.337,361.69,404.72
1786962233.520,,0,,,,-4.020,-8.864,True,0.495,-63.031,360.70,404.72
1786962233.670,,0,,,,-4.500,-9.354,True,0.513,-62.651,359.48,404.72
1786962233.795,,0,,,,-5.010,-9.874,True,0.532,-62.148,357.82,404.70
1786962233.895,,0,,,,-5.250,-10.119,True,0.542,-61.615,356.04,404.70
1786962234.020,,0,,,,-5.590,-10.466,True,0.555,-61.374,355.23,404.70
1786962234.145,,0,,,,-5.910,-10.792,True,0.567,-61.098,354.28,404.69
1786962234.320,,0,,,,-6.650,-11.547,True,0.597,-60.679,352.84,404.69
1786962234.395,,0,,,,-6.950,-11.853,True,0.609,-60.248,351.34,404.68
1786962234.520,,0,,,,-7.390,-12.302,True,0.626,-60.012,350.51,404.68
1786962234.595,,0,,,,-7.870,-12.792,True,0.646,-59.664,349.27,404.68
1786962234.695,,0,,,,-8.050,-12.976,True,0.653,-59.425,348.42,404.68
1786962234.795,,0,,,,-8.490,-13.425,True,0.671,-59.004,346.89,404.68
1786962234.870,,0,,,,-8.690,-13.629,True,0.679,-58.705,345.80,404.68
1786962234.970,,0,,,,-9.020,-13.966,True,0.693,-58.533,345.16,404.67
1786962235.070,,0,,,,-9.440,-14.394,True,0.710,-58.316,344.36,404.67
1786962235.170,,0,,,,-9.970,-14.935,True,0.732,-58.052,343.37,404.66
1786962235.270,,0,,,,-10.440,-15.415,True,0.752,-57.823,342.52,404.67
1786962235.370,,0,,,,-10.850,-15.833,True,0.769,-57.292,340.49,404.66
1786962235.445,,0,,,,-11.300,-16.226,True,0.766,-57.079,339.68,404.66
1786962235.520,,0,,,,-11.780,-16.610,True,0.750,-57.242,340.30,404.65
1786962235.620,,0,,,,-12.350,-17.066,True,0.731,-56.896,338.97,404.65
1786962235.720,,0,,,,-12.670,-17.321,True,0.721,-56.718,338.28,404.64
1786962235.820,,0,,,,-13.180,-17.729,True,0.704,-56.586,337.76,404.64
1786962235.920,,0,,,,-13.450,-17.945,True,0.695,-56.526,337.52,404.64
1786962236.020,,0,,,,-13.870,-18.281,True,0.682,-56.440,337.19,404.64
1786962236.095,,0,,,,-14.200,-18.545,True,0.671,-56.396,337.02,404.64
1786962236.195,,0,,,,-14.450,-18.745,True,0.663,-56.299,336.64,404.64
1786962236.295,,0,,,,-14.760,-18.993,True,0.653,-56.302,336.65,404.64
1786962236.395,,0,,,,-15.130,-19.289,True,0.641,-56.316,336.71,404.64
1786962236.470,,0,,,,-15.520,-19.601,True,0.629,-56.531,337.55,404.64
1786962236.520,,0,,,,-15.790,-19.816,True,0.620,-56.280,336.56,404.64
1786962236.595,,0,,,,-16.070,-20.040,True,0.612,-56.135,335.99,404.64
1786962236.645,,0,,,,-16.420,-20.320,True,0.601,-56.197,336.24,404.64
1786962236.695,,0,,,,-16.620,-20.480,True,0.594,-56.188,336.20,404.63
1786962236.745,,0,,,,-16.870,-20.680,True,0.586,-56.326,336.74,404.63
1786962236.820,,0,,,,-17.030,-20.808,True,0.582,-56.141,336.01,404.63
1786962236.870,,0,,,,-17.280,-21.008,True,0.574,-56.321,336.72,404.63
1786962236.970,,0,,,,-17.560,-21.232,True,0.565,-56.345,336.81,404.63
1786962237.070,,0,,,,-17.860,-21.472,True,0.556,-56.223,336.33,404.63
1786962237.170,,0,,,,-18.190,-21.736,True,0.546,-56.147,336.03,404.62
1786962237.245,,0,,,,-18.600,-22.064,True,0.534,-56.158,336.08,404.63
1786962237.320,,0,,,,-19.060,-22.431,True,0.520,-56.407,337.04,404.62
1786962237.395,,0,,,,-19.320,-22.639,True,0.512,-55.980,335.36,404.62
1786962237.470,,0,,,,-19.520,-22.799,True,0.506,-56.041,335.61,404.62
1786962237.520,,0,,,,-19.600,-22.863,True,0.504,-55.831,334.77,404.61
1786962237.595,,0,,,,-19.570,-22.839,True,0.505,-55.680,334.16,404.61
1786962237.695,,0,,,,-19.530,-22.807,True,0.506,-55.800,334.64,404.61
1786962237.745,,0,,,,-19.560,-22.831,True,0.505,-55.807,334.67,404.61
1786962237.845,,0,,,,-19.630,-22.887,True,0.503,-55.719,334.33,404.61
1786962237.895,,0,,,,-19.720,-22.959,True,0.500,-55.833,334.78,404.62
1786962237.995,,0,,,,-19.890,-23.095,True,0.496,-55.821,334.74,404.62
1786962238.070,,0,,,,-20.110,-23.271,True,0.489,-55.733,334.39,404.63
1786962238.145,,0,,,,-20.320,-23.439,True,0.483,-55.675,334.15,404.62
1786962238.195,,0,,,,-20.480,-23.567,True,0.479,-55.546,333.64,404.62
1786962238.270,,0,,,,-20.760,-23.791,True,0.471,-55.605,333.88,404.62
1786962238.345,,0,,,,-20.910,-23.911,True,0.466,-55.364,332.91,404.61
1786962238.420,,0,,,,-21.140,-24.095,True,0.460,-55.277,332.56,404.62
1786962238.470,,0,,,,-21.280,-24.207,True,0.456,-55.148,332.04,404.62
1786962238.595,,0,,,,-21.760,-24.591,True,0.443,-55.114,331.89,404.61
1786962238.670,,0,,,,-22.150,-24.902,True,0.433,-54.890,330.99,404.61
1786962238.795,,0,,,,-22.760,-25.390,True,0.417,-54.990,331.39,404.61
1786962238.870,,0,,,,-23.190,-25.734,True,0.406,-54.798,330.62,404.61
1786962238.970,,0,,,,-23.510,-25.976,True,0.406,-54.630,329.93,404.61
1786962239.045,,0,,,,-23.650,-26.077,True,0.409,-54.428,329.11,404.61
1786962239.145,,0,,,,-23.600,-26.041,True,0.408,-54.114,327.81,404.61
1786962239.195,,0,,,,-23.600,-26.041,True,0.408,-53.866,326.78,404.61
1786962239.270,,0,,,,-23.550,-26.005,True,0.407,-53.790,326.46,404.61
1786962239.420,,0,,,,-23.750,-26.149,True,0.412,-53.610,325.71,404.61
1786962239.520,,0,,,,-23.920,-26.272,True,0.416,-53.555,325.48,404.61
1786962239.620,,0,,,,-24.280,-26.532,True,0.424,-53.662,325.93,404.62
1786962239.720,,0,,,,-24.600,-26.763,True,0.432,-53.519,325.33,404.62
1786962239.845,,0,,,,-24.850,-26.943,True,0.438,-53.202,324.00,404.63
1786962239.920,,0,,,,-25.080,-27.109,True,0.443,-53.029,323.27,404.62
1786962240.045,,0,,,,-25.590,-27.477,True,0.456,-52.744,322.05,404.62
1786962240.145,,0,,,,-25.990,-27.766,True,0.466,-52.586,321.37,404.62
1786962240.270,,0,,,,-26.570,-28.184,True,0.481,-52.691,321.82,404.62
1786962240.370,,0,,,,-27.050,-28.531,True,0.493,-52.512,321.05,404.61
1786962240.420,,0,,,,-27.380,-28.769,True,0.502,-52.586,321.37,404.62
1786962240.495,,0,,,,-27.720,-29.014,True,0.511,-52.400,320.58,404.62
1786962240.545,,0,,,,-28.030,-29.238,True,0.519,-52.495,320.98,404.62
1786962240.620,,0,,,,-28.350,-29.469,True,0.528,-52.380,320.50,404.62
1786962240.695,,0,,,,-28.600,-29.649,True,0.534,-51.874,318.30,404.63
1786962240.745,,0,,,,-28.840,-29.823,True,0.541,-52.060,319.11,404.62
1786962240.795,,0,,,,-29.030,-29.960,True,0.546,-52.028,318.97,404.63
1786962240.870,,0,,,,-29.210,-30.090,True,0.551,-52.021,318.94,404.63
1786962240.945,,0,,,,-29.350,-30.191,True,0.555,-51.643,317.29,404.62
1786962240.995,,0,,,,-29.400,-30.227,True,0.556,-51.453,316.46,404.62
1786962241.095,,0,,,,-29.490,-30.292,True,0.559,-51.444,316.42,404.63
1786962241.245,,0,,,,-30.080,-30.718,True,0.575,-51.393,316.20,404.63
1786962241.345,,0,,,,-30.550,-31.057,True,0.588,-51.302,315.80,404.63
1786962241.395,,0,,,,-30.800,-31.237,True,0.595,-51.161,315.18,404.64
1786962241.495,,0,,,,-31.350,-31.634,True,0.611,-51.133,315.06,404.64
1786962241.570,,0,,,,-31.940,-32.060,True,0.627,-51.483,316.60,404.64
1786962241.695,,0,,,,-32.600,-32.536,True,0.646,-51.677,317.46,404.65
1786962241.820,,0,,,,-33.340,-33.070,True,0.668,-51.526,316.80,404.65
1786962241.870,,0,,,,-33.810,-33.410,True,0.681,-51.821,318.09,404.65
1786962241.970,,0,,,,-34.110,-33.626,True,0.690,-51.877,318.33,404.65
1786962242.045,,0,,,,-34.380,-33.821,True,0.698,-51.748,317.77,404.65
1786962242.120,,0,,,,-34.610,-33.987,True,0.705,-51.738,317.73,404.65
1786962242.195,,0,,,,-34.720,-34.066,True,0.708,-51.322,315.90,404.65
1786962242.270,,0,,,,-34.900,-34.196,True,0.713,-51.255,315.61,404.65
1786962242.370,,0,,,,-35.140,-34.370,True,0.720,-51.234,315.51,404.65
1786962242.445,,0,,,,-35.520,-34.644,True,0.732,-51.089,314.87,404.66
1786962242.545,,0,,,,-35.780,-34.831,True,0.739,-51.089,314.87,404.66
1786962242.595,,0,,,,-35.970,-34.969,True,0.745,-50.697,313.13,404.66
1786962242.670,,0,,,,-36.250,-35.171,True,0.753,-50.571,312.57,404.66
1786962242.770,,0,,,,-36.660,-35.467,True,0.766,-50.645,312.90,404.66
1786962242.870,,0,,,,-37.240,-35.909,True,0.776,-50.797,313.58,404.67
1786962242.970,,0,,,,-37.490,-36.115,True,0.776,-50.521,312.35,404.67
1786962243.095,,0,,,,-37.810,-36.378,True,0.776,-50.396,311.79,404.68
1786962243.170,,0,,,,-37.920,-36.468,True,0.776,-50.468,312.12,404.68
1786962243.295,,0,,,,-38.060,-36.583,True,0.776,-50.243,311.10,404.68
1786962243.395,,0,,,,-38.260,-36.748,True,0.776,-50.143,310.65,404.68
1786962243.470,,0,,,,-38.510,-36.953,True,0.776,-50.065,310.30,404.68
1786962243.570,,0,,,,-39.130,-37.463,True,0.776,-50.064,310.29,404.68
1786962243.645,,0,,,,-39.590,-37.841,True,0.776,-50.008,310.04,404.69
1786962243.770,,0,,,,-40.130,-38.285,True,0.776,-49.852,309.33,404.69
1786962243.845,,0,,,,-40.330,-38.449,True,0.776,-49.606,308.22,404.69
1786962243.945,,0,,,,-40.360,-38.474,True,0.776,-49.404,307.29,404.69
1786962244.045,,0,,,,-40.390,-38.498,True,0.776,-49.225,306.47,404.70
1786962244.170,,0,,,,-40.560,-38.638,True,0.776,-49.080,305.80,404.69
1786962244.245,,0,,,,-40.890,-38.909,True,0.776,-48.997,305.42,404.70
1786962244.345,,0,,,,-41.290,-39.238,True,0.776,-49.055,305.69,404.70
1786962244.445,,0,,,,-42.000,-39.822,True,0.776,-49.119,305.99,404.71
1786962244.520,,0,,,,-42.580,-40.298,True,0.776,-49.170,306.23,404.72
1786962244.620,,0,,,,-43.230,-40.833,True,0.776,-49.122,306.01,404.72
1786962244.695,,0,,,,-43.600,-41.137,True,0.776,-48.890,304.94,404.73
1786962244.795,,0,,,,-43.850,-41.342,True,0.776,-48.772,304.39,404.73
1786962244.845,,0,,,,-44.010,-41.474,True,0.776,-48.731,304.20,404.73
1786962244.945,,0,,,,-44.380,-41.778,True,0.776,-48.554,303.37,404.72
1786962244.995,,0,,,,-44.540,-41.909,True,0.776,-48.237,301.89,404.72
1786962245.095,,0,,,,-44.860,-42.172,True,0.776,-48.204,301.73,404.72
1786962245.195,,0,,,,-45.220,-42.468,True,0.776,-47.874,300.17,404.72
1786962245.295,,0,,,,-45.830,-42.970,True,0.776,-47.912,300.35,404.73
1786962245.395,,0,,,,-46.210,-43.282,True,0.776,-47.881,300.22,404.74
1786962245.470,,0,,,,-46.530,-43.545,True,0.776,-47.911,300.36,404.74
1786962245.595,,0,,,,-46.910,-43.857,True,0.776,-47.664,299.20,404.76
1786962245.695,,0,,,,-47.200,-44.096,True,0.776,-47.605,298.92,404.76
1786962245.845,,0,,,,-47.840,-44.622,True,0.776,-47.711,299.43,404.77
1786962245.945,,0,,,,-48.350,-45.041,True,0.776,-47.555,298.69,404.77
1786962246.045,,0,,,,-48.860,-45.460,True,0.776,-47.517,298.51,404.78
1786962246.120,,0,,,,-49.310,-45.837,True,0.769,-47.741,299.58,404.78
1786962246.195,,0,,,,-49.670,-46.141,True,0.761,-47.759,299.67,404.78
1786962246.270,,0,,,,-50.060,-46.471,True,0.753,-47.887,300.28,404.78
1786962246.345,,0,,,,-50.560,-46.894,True,0.742,-47.878,300.24,404.79
1786962246.495,,0,,,,-51.290,-47.511,True,0.727,-47.709,299.44,404.79
1786962246.620,,0,,,,-51.940,-48.061,True,0.713,-47.580,298.82,404.79
1786962246.720,,0,,,,-52.350,-48.407,True,0.704,-47.424,298.08,404.79
1786962246.820,,0,,,,-52.620,-48.635,True,0.699,-47.303,297.51,404.80
1786962246.895,,0,,,,-52.870,-48.847,True,0.693,-47.201,297.02,404.80
1786962247.070,,0,,,,-53.390,-49.286,True,0.682,-46.950,295.82,404.81
1786962247.170,,0,,,,-53.450,-49.337,True,0.681,-46.737,294.79,404.82
1786962247.245,,0,,,,-53.480,-49.362,True,0.681,-46.497,293.63,404.82
1786962247.595,,0,,,,-54.260,-50.022,True,0.664,-45.923,290.83,404.82
1786962247.670,,0,,,,-54.560,-50.276,True,0.658,-45.893,290.68,404.83
1786962247.770,,0,,,,-55.120,-50.749,True,0.646,-45.977,291.10,404.84
1786962247.870,,0,,,,-55.600,-51.155,True,0.637,-45.873,290.60,404.85
1786962247.945,,0,,,,-56.030,-51.518,True,0.628,-45.934,290.91,404.85
1786962248.045,,0,,,,-56.290,-51.738,True,0.622,-46.323,292.82,404.86
1786962248.120,,0,,,,-56.600,-52.000,True,0.616,-46.297,292.69,404.86
1786962248.195,,0,,,,-56.930,-52.279,True,0.609,-46.172,292.08,404.87
1786962248.320,,0,,,,-57.380,-52.660,True,0.600,-46.108,291.77,404.87
1786962248.420,,0,,,,-57.690,-52.922,True,0.594,-45.913,290.81,404.87
1786962248.495,,0,,,,-57.960,-53.150,True,0.588,-45.800,290.25,404.87
1786962248.570,,0,,,,-58.070,-53.243,True,0.586,-45.791,290.21,404.86
1786962248.645,,0,,,,-58.150,-53.311,True,0.585,-45.517,288.85,404.86
1786962248.695,,0,,,,-58.150,-53.311,True,0.585,-45.414,288.34,404.86
1786962248.745,,0,,,,-58.110,-53.277,True,0.585,-45.332,287.94,404.86
1786962248.795,,0,,,,-58.070,-53.243,True,0.586,-45.164,287.10,404.86
1786962248.870,,0,,,,-57.950,-53.141,True,0.589,-45.227,287.41,404.86
1786962248.920,,0,,,,-57.890,-53.091,True,0.590,-45.202,287.29,404.86
1786962248.995,,0,,,,-57.800,-53.015,True,0.592,-45.287,287.72,404.87
1786962249.095,,0,,,,-57.790,-53.006,True,0.592,-45.540,288.98,404.88
1786962249.195,,0,,,,-57.890,-53.091,True,0.590,-45.626,289.41,404.89
1786962249.270,,0,,,,-58.050,-53.226,True,0.587,-45.723,289.89,404.89
1786962249.370,,0,,,,-58.350,-53.480,True,0.581,-45.875,290.65,404.90
1786962249.470,,0,,,,-58.640,-53.725,True,0.575,-45.964,291.09,404.90
1786962249.670,,0,,,,-58.960,-53.995,True,0.568,-45.820,290.37,404.90
1786962249.745,,0,,,,-58.910,-53.953,True,0.569,-45.742,289.99,404.90
1786962249.770,,0,,,,-58.800,-53.860,True,0.572,-45.784,290.20,404.90
1786962249.920,,0,,,,-58.540,-53.640,True,0.577,-45.949,291.01,404.90
1786962250.020,,0,,,,-58.540,-53.640,True,0.577,-45.967,291.10,404.90
1786962250.095,,0,,,,-58.620,-53.708,True,0.575,-45.961,291.07,404.90
1786962250.170,,0,,,,-58.830,-53.885,True,0.571,-45.949,291.02,404.91
1786962250.295,,0,,,,-59.280,-54.266,True,0.562,-45.977,291.16,404.92
1786962250.445,,0,,,,-59.700,-54.621,True,0.554,-46.097,291.75,404.92
1786962250.520,,0,,,,-59.740,-54.655,True,0.553,-46.089,291.71,404.92
1786962250.595,,0,,,,-59.650,-54.579,True,0.555,-46.012,291.34,404.92
1786962250.670,,0,,,,-59.500,-54.452,True,0.558,-46.217,292.34,404.92
1786962250.770,,0,,,,-59.230,-54.224,True,0.563,-46.118,291.86,404.93
1786962250.845,,0,,,,-59.050,-54.071,True,0.567,-46.122,291.88,404.93
1786962250.945,,0,,,,-58.990,-54.021,True,0.568,-46.150,292.02,404.93
1786962251.045,,0,,,,-59.110,-54.122,True,0.565,-46.281,292.66,404.93
1786962251.120,,0,,,,-59.250,-54.241,True,0.563,-46.408,293.28,404.93
1786962251.195,,0,,,,-59.430,-54.393,True,0.559,-46.483,293.64,404.93
1786962251.295,,0,,,,-59.620,-54.553,True,0.555,-46.557,294.01,404.93
1786962251.370,,0,,,,-59.700,-54.621,True,0.554,-46.650,294.46,404.94
1786962251.445,,0,,,,-59.650,-54.579,True,0.555,-46.701,294.71,404.94
1786962251.520,,0,,,,-59.520,-54.469,True,0.557,-46.636,294.40,404.95
1786962251.595,,0,,,,-59.230,-54.224,True,0.563,-46.646,294.45,404.95
1786962251.670,,0,,,,-58.890,-53.936,True,0.570,-46.586,294.16,404.95
1786962251.745,,0,,,,-58.550,-53.649,True,0.577,-46.412,293.32,404.95
1786962251.845,,0,,,,-58.230,-53.378,True,0.583,-46.168,292.12,404.95
1786962251.970,,0,,,,-58.290,-53.429,True,0.582,-46.116,291.87,404.95
1786962252.070,,0,,,,-58.430,-53.547,True,0.579,-46.156,292.06,404.95
1786962252.145,,0,,,,-58.490,-53.598,True,0.578,-46.268,292.61,404.95
1786962252.220,,0,,,,-58.600,-53.691,True,0.576,-46.458,293.54,404.95
1786962252.320,,0,,,,-58.640,-53.725,True,0.575,-46.633,294.39,404.95
1786962252.420,,0,,,,-58.530,-53.632,True,0.577,-46.676,294.59,404.95
1786962252.495,,0,,,,-58.350,-53.480,True,0.581,-46.639,294.42,404.95
1786962252.570,,0,,,,-57.920,-53.116,True,0.589,-46.776,295.08,404.95
1786962252.645,,0,,,,-57.580,-52.829,True,0.596,-46.796,295.17,404.94
1786962252.720,,0,,,,-57.350,-52.634,True,0.601,-46.936,295.85,404.95
1786962252.795,,0,,,,-57.190,-52.499,True,0.604,-46.948,295.91,404.95
1786962252.845,,0,,,,-56.930,-52.279,True,0.609,-47.063,296.46,404.95
1786962252.895,,0,,,,-56.840,-52.203,True,0.611,-47.103,296.66,404.95
1786962252.970,,0,,,,-56.760,-52.135,True,0.613,-46.997,296.15,404.96
1786962253.020,,0,,,,-56.740,-52.119,True,0.613,-47.196,297.11,404.96
1786962253.145,,0,,,,-56.800,-52.169,True,0.612,-47.216,297.20,404.96
1786962253.245,,0,,,,-56.880,-52.237,True,0.610,-47.122,296.75,404.95
1786962253.295,,0,,,,-56.880,-52.237,True,0.610,-47.018,296.24,404.95
1786962253.370,,0,,,,-56.800,-52.169,True,0.612,-47.137,296.82,404.94
1786962253.420,,0,,,,-56.630,-52.026,True,0.615,-47.064,296.46,404.94
1786962253.545,,0,,,,-56.030,-51.518,True,0.628,-46.949,295.91,404.93
1786962253.620,,0,,,,-55.580,-51.138,True,0.637,-47.041,296.35,404.94
1786962253.695,,0,,,,-55.280,-50.884,True,0.643,-47.130,296.78,404.94
1786962254.095,,0,,,,-54.670,-50.369,True,0.656,-47.755,299.78,404.96
1786962254.245,,0,,,,-54.850,-50.521,True,0.652,-47.614,299.11,404.96
1786962254.645,,0,,,,-55.110,-50.740,True,0.647,-48.148,301.63,404.95
1786962254.720,,0,,,,-54.850,-50.521,True,0.652,-48.356,302.61,404.95
1786962254.795,,0,,,,-54.270,-50.030,True,0.664,-48.455,303.07,404.94
1786962254.870,,0,,,,-53.850,-49.675,True,0.673,-48.575,303.63,404.94
1786962254.970,,0,,,,-53.100,-49.041,True,0.689,-48.576,303.64,404.94
1786962255.045,,0,,,,-52.660,-48.669,True,0.698,-48.807,304.72,404.94
1786962255.120,,0,,,,-52.130,-48.221,True,0.709,-49.052,305.86,404.95
1786962255.270,,0,,,,-51.840,-47.976,True,0.715,-49.179,306.45,404.95
1786962255.395,,0,,,,-51.790,-47.934,True,0.716,-49.352,307.25,404.95
1786962255.545,,0,,,,-51.800,-47.942,True,0.716,-49.509,307.98,404.96
1786962255.695,,0,,,,-51.400,-47.604,True,0.724,-49.516,308.01,404.96
1786962255.770,,0,,,,-51.020,-47.283,True,0.733,-49.553,308.17,404.96
1786962256.095,,0,,,,-49.820,-46.268,True,0.758,-49.692,308.80,404.95
1786962256.170,,0,,,,-49.810,-46.260,True,0.758,-49.720,308.93,404.95
1786962256.295,,0,,,,-49.790,-46.243,True,0.759,-49.846,309.51,404.95
1786962256.345,,0,,,,-49.760,-46.218,True,0.759,-49.866,309.60,404.95
1786962256.495,,0,,,,-49.770,-46.226,True,0.759,-50.230,311.25,404.95
1786962256.620,,0,,,,-49.680,-46.150,True,0.761,-50.370,311.88,404.95
1786962256.695,,0,,,,-49.660,-46.133,True,0.762,-50.491,312.42,404.95
1786962256.795,,0,,,,-49.640,-46.116,True,0.762,-50.586,312.85,404.94
1786962256.895,,0,,,,-49.670,-46.141,True,0.761,-50.654,313.15,404.94
1786962256.945,,0,,,,-49.640,-46.116,True,0.762,-50.672,313.23,404.94
1786962257.045,,0,,,,-49.590,-46.074,True,0.763,-50.689,313.31,404.94
1786962257.120,,0,,,,-49.420,-45.930,True,0.767,-50.602,312.92,404.94
1786962257.245,,0,,,,-49.000,-45.575,True,0.776,-50.598,312.89,404.93
1786962257.345,,0,,,,-48.440,-45.115,True,0.776,-50.565,312.75,404.93
1786962257.420,,0,,,,-48.050,-44.794,True,0.776,-50.758,313.61,404.93
1786962257.520,,0,,,,-47.650,-44.465,True,0.776,-50.956,314.49,404.93
1786962257.620,,0,,,,-47.420,-44.276,True,0.776,-51.128,315.26,404.92
1786962257.720,,0,,,,-47.180,-44.079,True,0.776,-51.291,315.98,404.93
1786962257.795,,0,,,,-46.990,-43.923,True,0.776,-51.373,316.34,404.93
1786962257.895,,0,,,,-46.890,-43.841,True,0.776,-51.421,316.55,404.93
1786962257.970,,0,,,,-46.800,-43.767,True,0.776,-51.514,316.96,404.93
1786962258.045,,0,,,,-46.710,-43.693,True,0.776,-51.542,317.08,404.93
1786962258.120,,0,,,,-46.720,-43.701,True,0.776,-51.523,317.00,404.93
1786962258.195,,0,,,,-46.700,-43.685,True,0.776,-51.494,316.87,404.92
1786962258.295,,0,,,,-46.700,-43.685,True,0.776,-51.474,316.78,404.92
1786962258.370,,0,,,,-46.720,-43.701,True,0.776,-51.774,318.09,404.92
1786962258.445,,0,,,,-46.720,-43.701,True,0.776,-51.995,319.05,404.91
1786962258.545,,0,,,,-46.670,-43.660,True,0.776,-52.171,319.81,404.91
1786962258.720,,0,,,,-46.540,-43.553,True,0.776,-52.369,320.67,404.91
1786962258.845,,0,,,,-46.510,-43.528,True,0.776,-52.279,320.28,404.90
1786962258.970,,0,,,,-46.270,-43.331,True,0.776,-52.330,320.50,404.91
1786962259.070,,0,,,,-46.010,-43.117,True,0.776,-52.474,321.12,404.91
1786962259.170,,0,,,,-45.800,-42.945,True,0.776,-52.596,321.65,404.91
1786962259.270,,0,,,,-45.580,-42.764,True,0.776,-52.729,322.21,404.90
1786962259.345,,0,,,,-45.430,-42.641,True,0.776,-52.789,322.47,404.90
1786962259.445,,0,,,,-45.190,-42.443,True,0.776,-52.965,323.22,404.89
1786962259.520,,0,,,,-45.030,-42.312,True,0.776,-53.081,323.71,404.89
1786962259.595,,0,,,,-44.890,-42.197,True,0.776,-53.232,324.34,404.89
1786962259.695,,0,,,,-44.670,-42.016,True,0.776,-53.319,324.71,404.89
1786962259.795,,0,,,,-44.460,-41.843,True,0.776,-53.428,325.17,404.89
1786962259.870,,0,,,,-44.270,-41.687,True,0.776,-53.596,325.87,404.89
1786962259.945,,0,,,,-44.080,-41.531,True,0.776,-53.741,326.49,404.89
1786962259.995,,0,,,,-43.980,-41.449,True,0.776,-53.913,327.21,404.90
1786962260.070,,0,,,,-43.980,-41.449,True,0.776,-53.972,327.45,404.90
1786962260.145,,0,,,,-44.070,-41.523,True,0.776,-54.138,328.15,404.90
1786962260.245,,0,,,,-44.310,-41.720,True,0.776,-54.276,328.71,404.90
1786962260.320,,0,,,,-44.480,-41.860,True,0.776,-54.339,328.97,404.89
1786962260.420,,0,,,,-44.580,-41.942,True,0.776,-54.438,329.37,404.89
1786962260.495,,0,,,,-44.530,-41.901,True,0.776,-54.513,329.68,404.89
1786962260.595,,0,,,,-44.390,-41.786,True,0.776,-54.514,329.68,404.88
1786962260.670,,0,,,,-44.270,-41.687,True,0.776,-54.694,330.41,404.88
1786962260.770,,0,,,,-44.120,-41.564,True,0.776,-54.877,331.16,404.88
1786962260.845,,0,,,,-44.060,-41.515,True,0.776,-54.951,331.46,404.88
1786962260.895,,0,,,,-44.030,-41.490,True,0.776,-55.052,331.87,404.88
1786962260.945,,0,,,,-43.970,-41.441,True,0.776,-55.108,332.10,404.89
1786962261.045,,0,,,,-43.930,-41.408,True,0.776,-55.120,332.14,404.88
1786962261.120,,0,,,,-43.920,-41.400,True,0.776,-55.277,332.78,404.89
1786962261.170,,0,,,,-43.940,-41.416,True,0.776,-55.214,332.53,404.89
1786962261.245,,0,,,,-43.990,-41.457,True,0.776,-55.461,333.52,404.88
1786962261.345,,0,,,,-44.020,-41.482,True,0.776,-55.598,334.07,404.89
1786962261.470,,0,,,,-44.040,-41.498,True,0.776,-55.246,332.65,404.88
1786962261.570,,0,,,,-44.040,-41.498,True,0.776,-55.381,333.20,404.89
1786962261.645,,0,,,,-43.990,-41.457,True,0.776,-55.259,332.70,404.88
1786962261.745,,0,,,,-43.920,-41.400,True,0.776,-55.314,332.92,404.88
1786962261.820,,0,,,,-43.830,-41.326,True,0.776,-55.384,333.20,404.88
1786962261.920,,0,,,,-43.680,-41.202,True,0.776,-55.449,333.46,404.87
1786962261.995,,0,,,,-43.550,-41.096,True,0.776,-55.673,334.35,404.87
1786962262.070,,0,,,,-43.450,-41.013,True,0.776,-55.582,333.99,404.87
1786962262.145,,0,,,,-43.410,-40.980,True,0.776,-55.716,334.53,404.87
1786962262.220,,0,,,,-43.420,-40.989,True,0.776,-55.855,335.08,404.87
1786962262.270,,0,,,,-43.460,-41.022,True,0.776,-55.991,335.62,404.87
1786962262.320,,0,,,,-43.550,-41.096,True,0.776,-56.212,336.49,404.87
1786962262.395,,0,,,,-43.730,-41.243,True,0.776,-56.528,337.73,404.87
1786962262.470,,0,,,,-43.870,-41.359,True,0.776,-56.640,338.16,404.87
1786962262.545,,0,,,,-43.930,-41.408,True,0.776,-56.663,338.26,404.88
1786962262.620,,0,,,,-44.050,-41.507,True,0.776,-56.596,338.00,404.88
1786962262.720,,0,,,,-44.120,-41.564,True,0.776,-56.512,337.67,404.88
1786962262.820,,0,,,,-44.150,-41.589,True,0.776,-56.535,337.76,404.88
1786962262.945,,0,,,,-44.140,-41.580,True,0.776,-56.587,337.96,404.88
1786962263.045,,0,,,,-44.060,-41.515,True,0.776,-56.838,338.93,404.87
1786962263.220,,0,,,,-43.740,-41.252,True,0.776,-57.019,339.62,404.87
1786962263.320,,0,,,,-43.670,-41.194,True,0.776,-57.542,341.62,404.87
1786962263.445,,0,,,,-43.880,-41.367,True,0.776,-57.438,341.23,404.87
1786962263.495,,0,,,,-43.950,-41.424,True,0.776,-57.426,341.18,404.87
1786962263.570,,0,,,,-44.130,-41.572,True,0.776,-57.595,341.83,404.87
1786962263.695,,0,,,,-44.430,-41.819,True,0.776,-57.952,343.17,404.87
1786962263.770,,0,,,,-44.410,-41.802,True,0.776,-58.029,343.46,404.87
1786962263.820,,0,,,,-44.300,-41.712,True,0.776,-57.982,343.28,404.87
1786962263.870,,0,,,,-44.080,-41.531,True,0.776,-58.159,343.94,404.86
1786962263.970,,0,,,,-43.560,-41.104,True,0.776,-58.266,344.34,404.86
1786962264.045,,0,,,,-43.400,-40.972,True,0.776,-58.529,345.31,404.86
1786962264.170,,0,,,,-43.150,-40.767,True,0.776,-58.762,346.17,404.87
1786962264.445,,0,,,,-43.370,-40.948,True,0.776,-59.201,347.78,404.87
1786962264.595,,0,,,,-43.320,-40.907,True,0.776,-59.303,348.15,404.88
1786962264.720,,0,,,,-43.170,-40.783,True,0.776,-59.284,348.08,404.88
1786962264.870,,0,,,,-43.040,-40.676,True,0.776,-59.494,348.83,404.88
1786962264.970,,0,,,,-43.220,-40.824,True,0.776,-59.651,349.40,404.88
1786962265.070,,0,,,,-43.480,-41.038,True,0.776,-59.733,349.69,404.89
1786962265.145,,0,,,,-43.770,-41.276,True,0.776,-59.746,349.74,404.89
1786962265.220,,0,,,,-44.000,-41.465,True,0.776,-59.870,350.18,404.89
1786962265.345,,0,,,,-44.580,-41.942,True,0.776,-60.119,351.07,404.89
1786962265.445,,0,,,,-44.700,-42.041,True,0.776,-60.133,351.11,404.89
1786962265.545,,0,,,,-44.760,-42.090,True,0.776,-60.462,352.26,404.89
1786962265.595,,0,,,,-44.790,-42.115,True,0.776,-60.741,353.23,404.88
1786962265.670,,0,,,,-44.750,-42.082,True,0.776,-60.496,352.38,404.88
1786962265.745,,0,,,,-44.600,-41.959,True,0.776,-60.515,352.45,404.88
1786962265.845,,0,,,,-44.440,-41.827,True,0.776,-60.580,352.67,404.88
1786962265.920,,0,,,,-44.350,-41.753,True,0.776,-60.581,352.68,404.89
1786962266.020,,0,,,,-44.250,-41.671,True,0.776,-60.577,352.67,404.89
1786962266.095,,0,,,,-44.290,-41.704,True,0.776,-60.793,353.42,404.90
1786962266.220,,0,,,,-44.410,-41.802,True,0.776,-60.720,353.17,404.90
1786962266.295,,0,,,,-44.450,-41.835,True,0.776,-60.783,353.39,404.91
1786962266.395,,0,,,,-44.540,-41.909,True,0.776,-60.813,353.50,404.91
1786962266.470,,0,,,,-44.470,-41.852,True,0.776,-60.823,353.53,404.91
1786962266.545,,0,,,,-44.400,-41.794,True,0.776,-60.830,353.56,404.91
1786962266.595,,0,,,,-44.360,-41.761,True,0.776,-60.907,353.82,404.91
1786962266.670,,0,,,,-44.340,-41.745,True,0.776,-61.036,354.26,404.91
1786962266.745,,0,,,,-44.430,-41.819,True,0.776,-61.181,354.76,404.91
1786962266.795,,0,,,,-44.530,-41.901,True,0.776,-61.355,355.35,404.91
1786962266.895,,0,,,,-44.800,-42.123,True,0.776,-61.437,355.64,404.92
1786962266.969,,0,,,,-45.090,-42.361,True,0.776,-61.472,355.76,404.92
1786962267.045,,0,,,,-45.330,-42.559,True,0.776,-61.401,355.52,404.92
1786962267.120,,0,,,,-45.510,-42.707,True,0.776,-61.428,355.61,404.92
1786962267.194,,0,,,,-45.630,-42.805,True,0.776,-61.693,356.50,404.93
1786962267.294,,0,,,,-45.800,-42.945,True,0.776,-61.810,356.89,404.93
1786962267.394,,0,,,,-45.790,-42.937,True,0.776,-61.980,357.46,404.92
1786962267.470,,0,,,,-45.750,-42.904,True,0.776,-62.051,357.69,404.92
1786962267.544,,0,,,,-45.760,-42.912,True,0.776,-62.169,358.09,404.92
1786962267.645,,0,,,,-45.800,-42.945,True,0.776,-62.338,358.64,404.93
1786962267.719,,0,,,,-45.850,-42.986,True,0.776,-62.582,359.44,404.93
1786962267.769,,0,,,,-45.980,-43.093,True,0.776,-62.652,359.67,404.93
1786962267.844,,0,,,,-46.050,-43.150,True,0.776,-62.790,360.12,404.93
1786962267.919,,0,,,,-46.120,-43.208,True,0.776,-62.792,360.13,404.93
1786962267.994,,0,,,,-46.120,-43.208,True,0.776,-62.788,360.11,404.93
1786962268.070,,0,,,,-46.100,-43.191,True,0.776,-62.886,360.43,404.93
1786962268.194,,0,,,,-46.040,-43.142,True,0.776,-62.978,360.73,404.94
1786962268.294,,0,,,,-45.860,-42.994,True,0.776,-63.188,361.41,404.94
1786962268.344,,0,,,,-45.810,-42.953,True,0.776,-63.274,361.68,404.94
1786962268.419,,0,,,,-45.650,-42.822,True,0.776,-63.227,361.53,404.95
1786962268.494,,0,,,,-45.570,-42.756,True,0.776,-63.433,362.19,404.95
1786962268.544,,0,,,,-45.480,-42.682,True,0.776,-63.547,362.55,404.95
1786962268.644,,0,,,,-45.320,-42.550,True,0.776,-63.664,362.92,404.95
1786962268.694,,0,,,,-45.190,-42.443,True,0.776,-63.778,363.28,404.96
1786962268.769,,0,,,,-45.160,-42.419,True,0.776,-63.832,363.45,404.96
1786962268.844,,0,,,,-45.040,-42.320,True,0.776,-64.032,364.08,404.96
1786962268.944,,0,,,,-44.950,-42.246,True,0.776,-64.267,364.81,404.97
1786962269.019,,0,,,,-44.910,-42.213,True,0.776,-64.398,365.21,404.97
1786962269.119,,0,,,,-44.980,-42.271,True,0.776,-64.646,365.96,404.97
1786962269.244,,0,,,,-45.140,-42.402,True,0.776,-64.810,366.46,404.97
1786962269.319,,0,,,,-45.260,-42.501,True,0.776,-64.874,366.65,404.97
1786962269.369,,0,,,,-45.370,-42.591,True,0.776,-64.900,366.73,404.97
1786962269.444,,0,,,,-45.460,-42.665,True,0.776,-65.002,367.04,404.97
1786962269.519,,0,,,,-45.520,-42.715,True,0.776,-65.058,367.21,404.98
1786962269.594,,0,,,,-45.560,-42.748,True,0.776,-65.196,367.62,404.98
1786962269.669,,0,,,,-45.580,-42.764,True,0.776,-65.228,367.71,404.98
1786962269.719,,0,,,,-45.550,-42.739,True,0.776,-65.371,368.13,404.98
1786962269.819,,0,,,,-45.430,-42.641,True,0.776,-65.492,368.49,404.97
1786962269.894,,0,,,,-45.220,-42.468,True,0.776,-65.844,369.51,404.97
1786962269.969,,0,,,,-45.020,-42.304,True,0.776,-65.823,369.45,404.97
1786962270.045,,0,,,,-44.810,-42.131,True,0.776,-65.884,369.63,404.97
1786962270.119,,0,,,,-44.590,-41.950,True,0.776,-66.159,370.42,404.97
1786962270.219,,0,,,,-44.400,-41.794,True,0.776,-66.289,370.79,404.98
1786962270.369,,0,,,,-44.020,-41.482,True,0.776,-66.247,370.68,404.98
1786962270.444,,0,,,,-43.680,-41.202,True,0.776,-66.248,370.69,404.99
1786962270.544,,0,,,,-43.340,-40.923,True,0.776,-66.107,370.28,404.99
1786962270.594,,0,,,,-43.100,-40.726,True,0.776,-66.214,370.60,405.00
1786962270.719,,0,,,,-42.840,-40.512,True,0.776,-66.353,371.00,405.00
1786962270.794,,0,,,,-42.770,-40.454,True,0.776,-66.487,371.38,405.01
1786962270.869,,0,,,,-42.790,-40.471,True,0.776,-66.464,371.31,405.01
1786962273.944,,0,,,,-41.820,-39.674,True,0.776,-70.026,380.68,405.05
1786962274.019,,0,,,,-41.840,-39.690,True,0.776,-70.139,380.96,405.05
1786962274.119,,0,,,,-41.620,-39.509,True,0.776,-70.078,380.81,405.05
1786962274.269,,0,,,,-41.030,-39.024,True,0.776,-70.254,381.24,405.05
1786962274.369,,0,,,,-40.560,-38.638,True,0.776,-70.904,382.76,405.05
1786962274.469,,0,,,,-40.310,-38.433,True,0.776,-71.314,383.70,405.05
1786962274.544,,0,,,,-40.020,-38.194,True,0.776,-71.726,384.63,405.05
1786962274.594,,0,,,,-39.680,-37.915,True,0.776,-71.934,385.09,405.06
1786962274.669,,0,,,,-39.280,-37.586,True,0.776,-72.303,385.89,405.06
1786962274.769,,0,,,,-38.480,-36.928,True,0.776,-72.590,386.50,405.06
1786962274.844,,0,,,,-37.770,-36.345,True,0.776,-73.116,387.60,405.06
1786962274.944,,0,,,,-37.320,-35.975,True,0.776,-73.212,387.80,405.06
1786962275.019,,0,,,,-36.910,-35.647,True,0.773,-73.379,388.14,405.07
1786962275.119,,0,,,,-36.640,-35.452,True,0.765,-73.727,388.84,405.07
1786962275.169,,0,,,,-36.380,-35.265,True,0.757,-73.623,388.64,405.07
1786962275.244,,0,,,,-36.130,-35.084,True,0.750,-73.977,389.34,405.08
1786962275.369,,0,,,,-35.980,-34.976,True,0.745,-74.086,389.55,405.08
1786962275.444,,0,,,,-35.870,-34.896,True,0.742,-74.066,389.52,405.08
1786962275.544,,0,,,,-35.700,-34.774,True,0.737,-73.985,389.36,405.08
1786962275.619,,0,,,,-35.450,-34.593,True,0.730,-73.784,388.96,405.08
1786962275.719,,0,,,,-35.100,-34.341,True,0.719,-73.626,388.65,405.08
1786962275.794,,0,,,,-34.840,-34.153,True,0.712,-73.615,388.63,405.08
1786962275.869,,0,,,,-34.560,-33.951,True,0.703,-73.493,388.38,405.08
1786962275.969,,0,,,,-34.220,-33.706,True,0.693,-73.362,388.12,405.08
1786962276.069,,0,,,,-34.040,-33.576,True,0.688,-73.097,387.58,405.08
1786962276.169,,0,,,,-34.020,-33.561,True,0.688,-73.018,387.42,405.08
1786962276.244,,0,,,,-34.020,-33.561,True,0.688,-72.855,387.09,405.09
1786962276.319,,0,,,,-33.980,-33.532,True,0.686,-72.590,386.53,405.09
1786962276.394,,0,,,,-33.880,-33.460,True,0.684,-72.591,386.54,405.09
1786962276.569,,0,,,,-33.620,-33.273,True,0.676,-72.662,386.68,405.09
1786962276.644,,0,,,,-33.490,-33.179,True,0.672,-72.748,386.86,405.09
1786962276.744,,0,,,,-33.330,-33.063,True,0.668,-72.781,386.93,405.09
1786962276.844,,0,,,,-33.200,-32.969,True,0.664,-73.003,387.40,405.09
1786962276.919,,0,,,,-33.060,-32.868,True,0.660,-73.131,387.66,405.09
1786962277.244,,0,,,,-32.630,-32.558,True,0.647,-73.734,388.89,405.11
1786962277.369,,0,,,,-32.510,-32.471,True,0.644,-73.933,389.28,405.11
1786962277.494,,0,,,,-32.460,-32.435,True,0.642,-74.092,389.60,405.11
1786962277.669,,0,,,,-32.590,-32.529,True,0.646,-74.319,390.04,405.12
1786962278.044,,0,,,,-32.610,-32.544,True,0.647,-75.006,391.33,405.12
1786962278.169,,0,,,,-32.170,-32.226,True,0.634,-75.187,391.66,405.12
1786962278.244,,0,,,,-31.820,-31.973,True,0.624,-75.205,391.69,405.12
1786962280.069,,0,,,,-32.330,-32.342,True,0.639,-77.385,395.39,405.17
1786962280.194,,0,,,,-31.970,-32.082,True,0.628,-77.789,396.00,405.17
1786962280.319,,0,,,,-31.790,-31.952,True,0.623,-78.055,396.39,405.17
1786962280.394,,0,,,,-31.680,-31.872,True,0.620,-78.259,396.69,405.17
1786962280.894,,0,,,,-31.260,-31.569,True,0.608,-78.838,397.52,405.19
1786962281.394,,0,,,,-30.690,-31.158,True,0.592,-79.174,398.00,405.21
1786962281.819,,0,,,,-30.330,-30.898,True,0.582,-79.627,398.61,405.24
1786962281.944,,0,,,,-30.350,-30.913,True,0.583,-79.968,399.05,405.24
1786962282.044,,0,,,,-30.440,-30.977,True,0.585,-80.246,399.39,405.24
1786962282.619,,0,,,,-30.340,-30.905,True,0.582,-80.937,400.19,405.25
1786962285.694,,0,,,,-28.950,-29.902,True,0.544,-83.626,402.86,405.37
1786962285.769,,0,,,,-29.070,-29.989,True,0.547,-83.788,402.99,405.37
1786962285.844,,0,,,,-29.190,-30.075,True,0.550,-83.879,403.06,405.37
1786962285.944,,0,,,,-29.150,-30.046,True,0.549,-84.185,403.29,405.37
1786962286.019,,0,,,,-29.110,-30.018,True,0.548,-84.599,403.58,405.38
1786962286.119,,0,,,,-28.930,-29.888,True,0.543,-84.913,403.79,405.38
1786962286.194,,0,,,,-28.760,-29.765,True,0.539,-85.369,404.07,405.39
1786962286.269,,0,,,,-28.460,-29.548,True,0.531,-85.483,404.14,405.40
1786962286.419,,0,,,,-27.820,-29.087,True,0.513,-85.913,404.38,405.41
1786962286.469,,0,,,,-27.490,-28.848,True,0.505,-86.048,404.45,405.41
1786962286.569,,0,,,,-27.010,-28.502,True,0.492,-85.962,404.41,405.41
1786962286.644,,0,,,,-26.800,-28.350,True,0.487,-86.000,404.43,405.42
1786962286.719,,0,,,,-26.690,-28.271,True,0.484,-85.948,404.41,405.42
1786962286.794,,0,,,,-26.720,-28.293,True,0.485,-86.027,404.45,405.43
1786962286.869,,0,,,,-26.710,-28.285,True,0.484,-85.840,404.36,405.43
1786962286.944,,0,,,,-26.680,-28.264,True,0.483,-85.870,404.38,405.43
1786962287.044,,0,,,,-26.650,-28.242,True,0.483,-85.917,404.40,405.43
1786962287.094,,0,,,,-26.630,-28.228,True,0.482,-85.956,404.43,405.44
1786962287.169,,0,,,,-26.590,-28.199,True,0.481,-85.931,404.42,405.44
1786962287.244,,0,,,,-26.550,-28.170,True,0.480,-85.889,404.40,405.45
1786962287.344,,0,,,,-26.500,-28.134,True,0.479,-85.881,404.40,405.45
1786962287.444,,0,,,,-26.350,-28.026,True,0.475,-85.862,404.40,405.45
1786962287.519,,0,,,,-26.260,-27.961,True,0.473,-85.730,404.33,405.45
1786962287.569,,0,,,,-26.140,-27.874,True,0.470,-85.667,404.29,405.45
1786962287.694,,0,,,,-25.950,-27.737,True,0.465,-85.832,404.38,405.46
1786962287.769,,0,,,,-25.860,-27.672,True,0.463,-85.602,404.26,405.46
1786962287.869,,0,,,,-25.720,-27.571,True,0.459,-85.581,404.26,405.46
1786962287.944,,0,,,,-25.640,-27.513,True,0.457,-85.565,404.25,405.47
1786962288.044,,0,,,,-25.550,-27.448,True,0.455,-85.486,404.22,405.47
1786962288.144,,0,,,,-25.480,-27.398,True,0.453,-85.563,404.26,405.48
1786962288.194,,0,,,,-25.490,-27.405,True,0.453,-85.597,404.29,405.48
1786962288.294,,0,,,,-25.540,-27.441,True,0.455,-85.663,404.33,405.49
1786962288.419,,0,,,,-25.580,-27.470,True,0.456,-85.702,404.35,405.49
1786962288.469,,0,,,,-25.560,-27.455,True,0.455,-85.837,404.43,405.50
1786962288.569,,0,,,,-25.500,-27.412,True,0.454,-85.801,404.41,405.50
1786962288.669,,0,,,,-25.320,-27.282,True,0.449,-85.704,404.36,405.50
1786962288.794,,0,,,,-25.060,-27.095,True,0.443,-85.667,404.35,405.51
1786962288.869,,0,,,,-24.930,-27.001,True,0.440,-85.758,404.40,405.51
1786962288.919,,0,,,,-24.870,-26.957,True,0.438,-85.842,404.44,405.51
1786962289.019,,0,,,,-24.920,-26.994,True,0.439,-86.139,404.60,405.52
1786962289.144,,0,,,,-25.260,-27.239,True,0.448,-86.510,404.77,405.53
1786962289.244,,0,,,,-25.440,-27.369,True,0.452,-86.844,404.92,405.54
1786962289.319,,0,,,,-25.580,-27.470,True,0.456,-87.093,405.02,405.54
1786962289.394,,0,,,,-25.690,-27.549,True,0.458,-87.292,405.08,405.54
1786962289.469,,0,,,,-25.790,-27.621,True,0.461,-87.426,405.14,405.54
1786962289.544,,0,,,,-25.820,-27.643,True,0.462,-87.575,405.18,405.54
1786962289.619,,0,,,,-25.770,-27.607,True,0.460,-87.520,405.17,405.55
1786962289.694,,0,,,,-25.570,-27.463,True,0.455,-87.468,405.15,405.55
1786962289.794,,0,,,,-25.150,-27.160,True,0.445,-87.357,405.12,405.55
1786962289.869,,0,,,,-24.890,-26.972,True,0.439,-87.348,405.12,405.56
1786962289.944,,0,,,,-24.620,-26.777,True,0.432,-87.405,405.14,405.56
1786962290.019,,0,,,,-24.460,-26.662,True,0.428,-87.374,405.13,405.56
1786962290.094,,0,,,,-24.470,-26.669,True,0.429,-87.524,405.18,405.56
1786962290.169,,0,,,,-24.460,-26.662,True,0.428,-87.588,405.20,405.56
1786962290.244,,0,,,,-24.470,-26.669,True,0.429,-87.694,405.24,405.56
1786962290.294,,0,,,,-24.480,-26.676,True,0.429,-87.752,405.26,405.57
1786962290.394,,0,,,,-24.430,-26.640,True,0.428,-87.934,405.31,405.57
1786962290.469,,0,,,,-24.340,-26.575,True,0.425,-88.030,405.34,405.58
1786962290.544,,0,,,,-24.140,-26.431,True,0.421,-88.262,405.40,405.58
1786962290.594,,0,,,,-23.960,-26.301,True,0.417,-88.399,405.43,405.59
1786962290.644,,0,,,,-23.890,-26.250,True,0.415,-88.367,405.43,405.59
1786962290.744,,0,,,,-23.580,-26.026,True,0.408,-88.408,405.44,405.59
1786962290.819,,0,,,,-23.220,-25.758,True,0.405,-88.388,405.43,405.60
1786962290.919,,0,,,,-22.670,-25.318,True,0.419,-88.228,405.40,405.60
1786962290.994,,0,,,,-22.460,-25.150,True,0.424,-88.334,405.43,405.60
1786962291.069,,0,,,,-22.410,-25.110,True,0.426,-88.110,405.38,405.60
1786962291.244,,0,,,,-22.510,-25.190,True,0.423,-88.526,405.47,405.61
1786962291.319,,0,,,,-22.700,-25.342,True,0.418,-88.863,405.54,405.62
1786962291.394,,0,,,,-22.740,-25.374,True,0.417,-88.968,405.56,405.62
1786962291.469,,0,,,,-22.820,-25.438,True,0.415,-89.080,405.57,405.63
1786962291.544,,0,,,,-22.870,-25.478,True,0.414,-89.214,405.59,405.63
1786962291.594,,0,,,,-22.820,-25.438,True,0.415,-89.114,405.58,405.63
1786962291.669,,0,,,,-22.720,-25.358,True,0.418,-89.121,405.59,405.63
1786962291.769,,0,,,,-22.480,-25.166,True,0.424,-89.103,405.58,405.63
1786962291.844,,0,,,,-22.210,-24.950,True,0.431,-88.942,405.57,405.64
1786962291.919,,0,,,,-21.990,-24.774,True,0.437,-88.737,405.54,405.64
1786962292.019,,0,,,,-21.890,-24.694,True,0.439,-88.691,405.54,405.64
1786962292.069,,0,,,,-21.890,-24.694,True,0.439,-88.724,405.54,405.64
1786962292.144,,0,,,,-21.950,-24.742,True,0.438,-88.928,405.57,405.65
1786962292.244,,0,,,,-22.100,-24.862,True,0.434,-89.024,405.59,405.65
1786962292.344,,0,,,,-22.130,-24.886,True,0.433,-89.187,405.61,405.65
1786962292.419,,0,,,,-22.100,-24.862,True,0.434,-89.256,405.62,405.66
1786962292.494,,0,,,,-21.960,-24.750,True,0.438,-89.321,405.63,405.66
1786962292.569,,0,,,,-21.660,-24.511,True,0.446,-89.436,405.64,405.66
1786962292.644,,0,,,,-21.350,-24.263,True,0.454,-89.478,405.65,405.66
1786962292.744,,0,,,,-21.060,-24.031,True,0.462,-89.446,405.65,405.66
1786962292.819,,0,,,,-20.820,-23.839,True,0.469,-89.579,405.66,405.67
1786962292.919,,0,,,,-20.640,-23.695,True,0.474,-89.612,405.66,405.67
1786962292.994,,0,,,,-20.550,-23.623,True,0.477,-89.776,405.67,405.68
1786962293.094,,0,,,,-20.470,-23.559,True,0.479,-89.773,405.68,405.68
1786962293.194,,0,,,,-20.320,-23.439,True,0.483,-90.048,405.68,405.68
1786962293.319,,0,,,,-20.180,-23.327,True,0.487,-89.979,405.68,405.68
1786962293.444,,0,,,,-19.880,-23.087,True,0.496,-90.236,405.69,405.69
1786962293.544,,0,,,,-19.760,-22.991,True,0.499,-90.348,405.69,405.69
1786962293.619,,0,,,,-19.710,-22.951,True,0.501,-90.558,405.68,405.70
1786962293.819,,0,,,,-19.640,-22.895,True,0.503,-90.800,405.67,405.71
1786962294.069,,0,,,,-19.410,-22.711,True,0.510,-90.665,405.68,405.71
1786962294.169,,0,,,,-19.360,-22.671,True,0.511,-91.067,405.65,405.72
1786962294.344,,0,,,,-19.280,-22.607,True,0.513,-91.507,405.58,405.72
1786962294.469,,0,,,,-19.190,-22.535,True,0.516,-91.556,405.58,405.73
1786962294.644,,0,,,,-18.910,-22.311,True,0.524,-91.393,405.61,405.73
1786962294.694,,0,,,,-18.750,-22.183,True,0.529,-91.399,405.61,405.73
1786962294.819,,0,,,,-18.390,-21.896,True,0.540,-91.192,405.65,405.74
1786962294.919,,0,,,,-18.160,-21.712,True,0.547,-91.045,405.68,405.74
1786962294.994,,0,,,,-17.990,-21.576,True,0.552,-91.089,405.67,405.75
1786962295.069,,0,,,,-17.820,-21.440,True,0.557,-91.054,405.68,405.75
1786962295.144,,0,,,,-17.710,-21.352,True,0.561,-91.189,405.66,405.75
1786962295.219,,0,,,,-17.600,-21.264,True,0.564,-91.147,405.67,405.75
1786962295.294,,0,,,,-17.480,-21.168,True,0.568,-91.474,405.62,405.75
1786962295.369,,0,,,,-17.480,-21.168,True,0.568,-91.347,405.64,405.75
1786962295.469,,0,,,,-17.400,-21.104,True,0.570,-91.907,405.53,405.75
1786962295.544,,0,,,,-17.300,-21.024,True,0.573,-92.124,405.48,405.75
1786962295.644,,0,,,,-17.220,-20.960,True,0.576,-92.304,405.43,405.76
1786962295.744,,0,,,,-17.050,-20.824,True,0.581,-92.475,405.39,405.77
1786962295.869,,0,,,,-16.740,-20.576,True,0.591,-92.356,405.43,405.78
1786962296.019,,0,,,,-16.360,-20.272,True,0.602,-92.683,405.34,405.78
1786962296.094,,0,,,,-16.330,-20.248,True,0.603,-92.769,405.31,405.79
1786962296.169,,0,,,,-16.380,-20.288,True,0.602,-92.738,405.32,405.79
1786962296.269,,0,,,,-16.440,-20.336,True,0.600,-92.694,405.34,405.79
1786962296.469,,0,,,,-16.360,-20.272,True,0.602,-92.684,405.35,405.80
1786962296.519,,0,,,,-16.260,-20.192,True,0.606,-92.636,405.37,405.80
1786962296.619,,0,,,,-16.040,-20.016,True,0.612,-92.708,405.34,405.80
1786962296.719,,0,,,,-15.870,-19.880,True,0.618,-92.806,405.31,405.80
1786962296.794,,0,,,,-15.670,-19.720,True,0.624,-92.891,405.28,405.80
1786962296.844,,0,,,,-15.600,-19.665,True,0.626,-93.093,405.21,405.80
1786962296.919,,0,,,,-15.530,-19.609,True,0.629,-93.039,405.23,405.81
1786962297.044,,0,,,,-15.360,-19.473,True,0.634,-93.191,405.18,405.81
1786962297.169,,0,,,,-15.200,-19.345,True,0.639,-93.294,405.14,405.81
1786962297.369,,0,,,,-14.720,-18.961,True,0.654,-93.125,405.21,405.81
1786962297.469,,0,,,,-14.460,-18.753,True,0.663,-93.211,405.17,405.81
1786962297.569,,0,,,,-14.240,-18.577,True,0.670,-93.153,405.20,405.81
1786962297.669,,0,,,,-14.080,-18.449,True,0.675,-93.132,405.21,405.82
1786962297.744,,0,,,,-13.870,-18.281,True,0.682,-93.288,405.15,405.82
1786962297.819,,0,,,,-13.690,-18.137,True,0.688,-93.466,405.08,405.83
1786962297.894,,0,,,,-13.530,-18.009,True,0.693,-93.506,405.07,405.83
1786962297.969,,0,,,,-13.220,-17.761,True,0.703,-93.492,405.08,405.84
1786962298.044,,0,,,,-13.090,-17.657,True,0.707,-93.671,405.01,405.84
1786962298.119,,0,,,,-12.990,-17.577,True,0.710,-93.840,404.93,405.84
1786962298.169,,0,,,,-12.860,-17.473,True,0.715,-93.759,404.97,405.84
1786962298.269,,0,,,,-12.750,-17.385,True,0.718,-93.632,405.03,405.84
1786962298.344,,0,,,,-12.800,-17.425,True,0.716,-93.676,405.01,405.84
1786962298.444,,0,,,,-12.960,-17.553,True,0.711,-93.719,404.99,405.84
1786962298.494,,0,,,,-13.060,-17.633,True,0.708,-93.812,404.94,405.84
1786962298.594,,0,,,,-13.270,-17.801,True,0.701,-93.930,404.89,405.85
1786962298.719,,0,,,,-13.230,-17.769,True,0.702,-94.098,404.81,405.85
1786962298.794,,0,,,,-13.060,-17.633,True,0.708,-94.198,404.77,405.85
1786962298.869,,0,,,,-12.790,-17.417,True,0.717,-94.321,404.70,405.86
1786962298.944,,0,,,,-12.530,-17.210,True,0.725,-94.469,404.62,405.86
1786962298.994,,0,,,,-12.430,-17.130,True,0.729,-94.560,404.57,405.85
1786962299.069,,0,,,,-12.200,-16.946,True,0.736,-94.548,404.58,405.85
1786962299.394,,0,,,,-11.750,-16.586,True,0.751,-94.731,404.46,405.84
1786962299.494,,0,,,,-11.610,-16.474,True,0.756,-94.784,404.43,405.85
1786962299.569,,0,,,,-11.280,-16.210,True,0.766,-94.714,404.47,405.85
1786962299.644,,0,,,,-10.890,-15.874,True,0.771,-94.686,404.50,405.85
1786962299.719,,0,,,,-10.550,-15.527,True,0.757,-94.791,404.44,405.86
1786962299.794,,0,,,,-10.030,-14.996,True,0.735,-95.113,404.25,405.86
1786962299.894,,0,,,,-9.550,-14.506,True,0.715,-95.345,404.10,405.86
1786962299.969,,0,,,,-9.320,-14.272,True,0.705,-95.361,404.09,405.86
1786962300.019,,0,,,,-9.170,-14.119,True,0.699,-95.625,403.91,405.87
1786962300.119,,0,,,,-9.010,-13.955,True,0.692,-95.679,403.87,405.86
1786962300.219,,0,,,,-9.060,-14.006,True,0.695,-95.639,403.90,405.86
1786962300.294,,0,,,,-9.000,-13.945,True,0.692,-95.396,404.06,405.86
1786962300.394,,0,,,,-8.920,-13.864,True,0.689,-95.351,404.09,405.86
1786962300.494,,0,,,,-8.730,-13.670,True,0.681,-95.390,404.06,405.86
1786962300.594,,0,,,,-8.560,-13.496,True,0.674,-95.475,404.00,405.86
1786962300.744,,0,,,,-8.030,-12.955,True,0.652,-95.766,403.81,405.86
1786962300.819,,0,,,,-7.860,-12.782,True,0.645,-95.971,403.66,405.86
1786962300.969,,0,,,,-7.620,-12.537,True,0.636,-95.842,403.76,405.86
1786962301.069,,0,,,,-7.470,-12.384,True,0.629,-95.840,403.76,405.86
1786962301.144,,0,,,,-7.290,-12.200,True,0.622,-96.070,403.59,405.86
1786962301.219,,0,,,,-6.950,-11.853,True,0.609,-96.081,403.58,405.86
1786962301.269,,0,,,,-6.730,-11.629,True,0.600,-96.159,403.52,405.86
1786962301.369,,0,,,,-6.120,-11.007,True,0.576,-96.178,403.50,405.86
1786962301.494,,0,,,,-5.570,-10.445,True,0.554,-96.254,403.44,405.86
1786962301.594,,0,,,,-5.070,-9.935,True,0.535,-96.422,403.31,405.85
1786962301.669,,0,,,,-4.960,-9.823,True,0.531,-96.381,403.34,405.85
1786962301.769,,0,,,,-4.740,-9.598,True,0.522,-96.489,403.25,405.85
1786962301.994,,0,,,,-4.200,-9.047,True,0.502,-96.040,403.60,405.86
1786962302.069,,0,,,,-3.990,-8.833,True,0.494,-95.855,403.74,405.86
1786962302.419,,0,,,,-2.640,-7.456,True,0.446,-96.787,403.01,405.86
1786962302.469,,0,,,,-2.460,-7.272,True,0.440,-96.962,402.86,405.86
1786962302.544,,0,,,,-2.290,-7.099,True,0.434,-96.956,402.87,405.85
1786962302.619,,0,,,,-2.240,-7.048,True,0.432,-97.000,402.83,405.85
1786962302.719,,0,,,,-2.180,-6.986,True,0.430,-97.023,402.81,405.85
1786962302.794,,0,,,,-2.240,-7.048,True,0.432,-97.137,402.71,405.86
1786962302.869,,0,,,,-2.280,-7.088,True,0.433,-97.152,402.70,405.86
1786962302.969,,0,,,,-2.170,-6.976,True,0.430,-97.209,402.65,405.86
1786962303.069,,0,,,,-1.920,-6.721,True,0.421,-97.260,402.60,405.86
1786962303.144,,0,,,,-1.560,-6.354,True,0.410,-97.327,402.54,405.85
1786962303.219,,0,,,,-1.130,-5.862,True,0.405,-97.244,402.61,405.85
1786962303.269,,0,,,,-0.840,-5.489,True,0.410,-97.335,402.53,405.85
1786962303.369,,0,,,,-0.550,-5.115,True,0.414,-97.480,402.39,405.84
1786962303.419,,0,,,,-0.500,-5.051,True,0.415,-97.636,402.25,405.84
1786962303.569,,0,,,,-0.700,-5.308,True,0.412,-97.612,402.27,405.84
1786962303.869,,0,,,,-0.750,-5.373,True,0.411,-97.638,402.24,405.85
1786962303.944,,0,,,,-0.210,-4.678,True,0.420,-97.789,402.10,405.84
1786962304.069,,0,,,,0.750,-3.443,True,0.436,-97.955,401.93,405.84
1786962304.119,,0,,,,1.180,-2.889,True,0.443,-98.113,401.78,405.84
1786962304.194,,0,,,,1.510,-2.465,True,0.448,-98.547,401.33,405.84
1786962304.269,,0,,,,1.700,-2.220,True,0.452,-98.649,401.22,405.84
1786962304.369,,0,,,,1.740,-2.169,True,0.452,-98.863,401.00,405.84
1786962304.469,,0,,,,1.540,-2.426,True,0.449,-99.076,400.77,405.85
1786962304.544,,0,,,,1.220,-2.838,True,0.443,-99.013,400.84,405.85
1786962304.594,,0,,,,1.060,-3.044,True,0.441,-98.905,400.96,405.85
1786962304.694,,0,,,,0.930,-3.211,True,0.439,-98.729,401.15,405.85
1786962304.769,,0,,,,0.830,-3.340,True,0.437,-98.745,401.13,405.85
1786962304.844,,0,,,,0.830,-3.340,True,0.437,-98.744,401.13,405.85
1786962304.894,,0,,,,0.870,-3.288,True,0.438,-98.731,401.14,405.85
1786962305.069,,0,,,,1.140,-2.941,True,0.442,-98.843,401.02,405.84
1786962305.144,,0,,,,1.300,-2.735,True,0.445,-98.941,400.91,405.84
1786962305.244,,0,,,,1.540,-2.426,True,0.449,-99.069,400.77,405.85
1786962305.344,,0,,,,1.590,-2.362,True,0.450,-99.148,400.69,405.85
1786962305.419,,0,,,,1.590,-2.362,True,0.450,-99.235,400.59,405.85
1786962305.469,,0,,,,1.590,-2.362,True,0.450,-99.244,400.58,405.85
1786962305.544,,0,,,,1.590,-2.362,True,0.450,-99.465,400.33,405.85
1786962305.594,,0,,,,1.590,-2.362,True,0.450,-99.592,400.18,405.85
1786962305.669,,0,,,,1.590,-2.362,True,0.450,-99.764,399.98,405.85
1786962305.744,,0,,,,1.590,-2.362,True,0.450,-100.067,399.61,405.85
1786962305.819,,0,,,,1.590,-2.362,True,0.450,-100.156,399.50,405.85
1786962305.894,,0,,,,1.520,-2.452,True,0.449,-100.087,399.58,405.85
1786962305.944,,0,,,,1.730,-2.182,True,0.452,-100.121,399.54,405.85
1786962306.019,,0,,,,1.990,-1.847,True,0.457,-99.990,399.70,405.85
1786962306.119,,0,,,,2.240,-1.526,True,0.461,-100.192,399.45,405.85
1786962306.169,,0,,,,2.400,-1.320,True,0.464,-100.227,399.41,405.85
1786962306.344,,0,,,,2.490,-1.204,True,0.465,-100.570,398.97,405.86
1786962306.444,,0,,,,2.490,-1.204,True,0.465,-100.787,398.69,405.86
1786962306.519,,0,,,,2.490,-1.204,True,0.465,-100.957,398.46,405.86
1786962306.594,,0,,,,1.930,-1.924,True,0.456,-101.178,398.16,405.86
1786962306.694,,0,,,,1.820,-2.066,True,0.454,-100.944,398.48,405.86
1786962306.769,,0,,,,1.920,-1.937,True,0.455,-100.701,398.80,405.86
1786962306.869,,0,,,,2.040,-1.783,True,0.457,-100.734,398.75,405.86
1786962306.944,,0,,,,2.230,-1.538,True,0.461,-100.777,398.70,405.85
1786962307.019,,0,,,,2.480,-1.217,True,0.465,-100.912,398.52,405.86
1786962307.119,,0,,,,2.750,-0.869,True,0.470,-101.133,398.22,405.86
1786962307.194,,0,,,,2.930,-0.638,True,0.473,-101.282,398.02,405.86
1786962307.294,,0,,,,3.060,-0.470,True,0.475,-101.516,397.70,405.87
1786962307.394,,0,,,,3.090,-0.432,True,0.476,-101.692,397.45,405.87
1786962307.469,,0,,,,3.070,-0.458,True,0.475,-101.637,397.53,405.87
1786962307.544,,0,,,,3.030,-0.509,True,0.475,-101.625,397.54,405.87
1786962307.594,,0,,,,3.030,-0.509,True,0.475,-101.607,397.57,405.87
1786962307.644,,0,,,,3.010,-0.535,True,0.474,-101.559,397.64,405.87
1786962307.719,,0,,,,2.980,-0.573,True,0.474,-101.520,397.69,405.87
1786962307.844,,0,,,,2.890,-0.689,True,0.472,-101.573,397.62,405.87
1786962307.919,,0,,,,2.830,-0.766,True,0.471,-101.558,397.64,405.87
1786962307.969,,0,,,,2.760,-0.856,True,0.470,-101.576,397.61,405.87
1786962308.069,,0,,,,2.570,-1.101,True,0.467,-101.595,397.59,405.87
1786962308.144,,0,,,,2.400,-1.320,True,0.464,-101.663,397.49,405.87
1786962308.219,,0,,,,2.320,-1.423,True,0.462,-101.564,397.64,405.87
1786962308.294,,0,,,,2.350,-1.384,True,0.463,-101.671,397.48,405.88
1786962308.444,,0,,,,2.540,-1.140,True,0.466,-101.605,397.58,405.88
1786962308.519,,0,,,,2.610,-1.049,True,0.467,-101.617,397.56,405.88
1786962308.594,,0,,,,2.770,-0.844,True,0.470,-101.646,397.52,405.88
1786962308.694,,0,,,,2.850,-0.741,True,0.471,-101.779,397.33,405.88
1786962308.769,,0,,,,2.990,-0.561,True,0.474,-101.862,397.21,405.88
1786962308.869,,0,,,,3.010,-0.535,True,0.474,-101.961,397.07,405.88
1786962308.944,,0,,,,2.970,-0.586,True,0.474,-102.118,396.84,405.89
1786962309.019,,0,,,,2.870,-0.715,True,0.472,-102.156,396.79,405.89
1786962309.094,,0,,,,2.730,-0.895,True,0.469,-102.116,396.85,405.89
1786962309.144,,0,,,,2.650,-0.998,True,0.468,-102.101,396.87,405.89
1786962309.219,,0,,,,2.530,-1.152,True,0.466,-102.086,396.89,405.89
1786962309.319,,0,,,,2.480,-1.217,True,0.465,-102.009,397.01,405.89
1786962309.469,,0,,,,2.540,-1.140,True,0.466,-102.079,396.90,405.89
1786962309.569,,0,,,,2.580,-1.088,True,0.467,-102.260,396.63,405.89
1786962309.644,,0,,,,2.580,-1.088,True,0.467,-102.355,396.49,405.89
1786962309.744,,0,,,,2.580,-1.088,True,0.467,-102.477,396.31,405.90
1786962309.794,,0,,,,2.500,-1.191,True,0.465,-102.570,396.17,405.90
1786962309.869,,0,,,,2.410,-1.307,True,0.464,-102.576,396.16,405.90
1786962309.944,,0,,,,2.320,-1.423,True,0.462,-102.577,396.16,405.90
1786962309.994,,0,,,,2.200,-1.577,True,0.460,-102.666,396.03,405.90
1786962310.069,,0,,,,2.150,-1.641,True,0.459,-102.706,395.97,405.91
1786962310.144,,0,,,,2.080,-1.731,True,0.458,-102.764,395.88,405.91
1786962310.219,,0,,,,2.050,-1.770,True,0.458,-102.764,395.88,405.91
1786962310.294,,0,,,,2.030,-1.796,True,0.457,-102.763,395.88,405.91
1786962310.344,,0,,,,2.050,-1.770,True,0.458,-102.821,395.79,405.91
1786962310.419,,0,,,,2.050,-1.770,True,0.458,-102.884,395.69,405.91
1786962310.519,,0,,,,2.070,-1.744,True,0.458,-102.935,395.61,405.91
1786962310.569,,0,,,,2.070,-1.744,True,0.458,-102.923,395.63,405.91
1786962310.644,,0,,,,2.080,-1.731,True,0.458,-102.890,395.68,405.91
1786962310.719,,0,,,,2.050,-1.770,True,0.458,-102.861,395.73,405.91
1786962310.794,,0,,,,1.940,-1.912,True,0.456,-102.839,395.76,405.91
1786962310.844,,0,,,,1.930,-1.924,True,0.456,-102.792,395.84,405.91
1786962310.894,,0,,,,1.780,-2.117,True,0.453,-102.812,395.81,405.91
1786962310.969,,0,,,,1.640,-2.298,True,0.451,-102.807,395.81,405.91
1786962311.019,,0,,,,1.530,-2.439,True,0.449,-102.814,395.81,405.92
1786962311.144,,0,,,,1.540,-2.426,True,0.449,-102.884,395.70,405.92
1786962311.244,,0,,,,1.710,-2.207,True,0.452,-102.922,395.65,405.93
1786962311.394,,0,,,,2.010,-1.821,True,0.457,-103.106,395.36,405.93
1786962311.444,,0,,,,2.140,-1.654,True,0.459,-103.069,395.42,405.93
1786962311.544,,0,,,,2.170,-1.616,True,0.460,-103.063,395.43,405.93
1786962311.619,,0,,,,2.050,-1.770,True,0.458,-103.136,395.31,405.93
1786962311.744,,0,,,,1.800,-2.092,True,0.453,-103.061,395.43,405.93
1786962311.793,,0,,,,1.580,-2.375,True,0.450,-103.024,395.49,405.94
1786962311.943,,0,,,,1.300,-2.735,True,0.445,-102.967,395.59,405.94
1786962312.069,,0,,,,1.260,-2.786,True,0.444,-102.948,395.63,405.95
1786962312.169,,0,,,,1.220,-2.838,True,0.443,-103.045,395.47,405.95
1786962312.243,,0,,,,1.180,-2.889,True,0.443,-103.091,395.41,405.96
1786962312.319,,0,,,,1.100,-2.992,True,0.441,-103.096,395.40,405.96
1786962312.369,,0,,,,1.070,-3.031,True,0.441,-103.085,395.42,405.96
1786962312.468,,0,,,,0.890,-3.263,True,0.438,-103.019,395.53,405.96
1786962312.543,,0,,,,0.740,-3.456,True,0.435,-102.922,395.68,405.96
1786962312.618,,0,,,,0.560,-3.687,True,0.432,-102.833,395.82,405.96
1786962312.668,,0,,,,0.450,-3.829,True,0.431,-102.706,396.02,405.96
1786962312.743,,0,,,,0.340,-3.970,True,0.429,-102.605,396.18,405.96
1786962312.893,,0,,,,0.320,-3.996,True,0.428,-102.618,396.16,405.96
1786962312.968,,0,,,,0.340,-3.970,True,0.429,-102.698,396.04,405.96
1786962313.044,,0,,,,0.370,-3.932,True,0.429,-102.906,395.71,405.97
1786962313.143,,0,,,,0.390,-3.906,True,0.430,-103.076,395.45,405.98
1786962313.243,,0,,,,0.390,-3.906,True,0.430,-103.171,395.30,405.98
1786962313.318,,0,,,,0.390,-3.906,True,0.430,-103.294,395.10,405.98
1786962313.368,,0,,,,0.420,-3.867,True,0.430,-103.286,395.11,405.98
1786962313.443,,0,,,,0.450,-3.829,True,0.431,-103.284,395.12,405.98
1786962313.518,,0,,,,0.620,-3.610,True,0.433,-103.245,395.18,405.98
1786962313.593,,0,,,,0.740,-3.456,True,0.435,-103.291,395.10,405.98
1786962313.693,,0,,,,0.860,-3.301,True,0.437,-103.352,395.00,405.98
1786962313.768,,0,,,,0.930,-3.211,True,0.439,-103.322,395.05,405.98
1786962313.818,,0,,,,0.910,-3.237,True,0.438,-103.394,394.94,405.98
1786962313.943,,0,,,,0.720,-3.481,True,0.435,-103.494,394.78,405.99
1786962314.018,,0,,,,0.530,-3.726,True,0.432,-103.507,394.77,405.99
1786962314.093,,0,,,,0.410,-3.880,True,0.430,-103.455,394.86,406.00
1786962314.168,,0,,,,0.350,-3.957,True,0.429,-103.427,394.91,406.00
1786962314.268,,0,,,,0.500,-3.764,True,0.431,-103.425,394.91,406.01
1786962314.318,,0,,,,0.570,-3.674,True,0.433,-103.390,394.97,406.00
1786962314.418,,0,,,,0.690,-3.520,True,0.435,-103.317,395.08,406.00
1786962314.468,,0,,,,0.720,-3.481,True,0.435,-103.270,395.16,406.00
1786962314.568,,0,,,,0.610,-3.623,True,0.433,-103.165,395.33,406.00
1786962314.643,,0,,,,0.510,-3.752,True,0.432,-103.050,395.51,406.00
1786962314.693,,0,,,,0.350,-3.957,True,0.429,-103.011,395.57,406.00
1786962314.768,,0,,,,0.080,-4.305,True,0.425,-102.884,395.78,406.00
1786962314.843,,0,,,,-0.110,-4.549,True,0.421,-102.761,395.97,406.00
1786962314.918,,0,,,,-0.170,-4.626,True,0.420,-102.688,396.09,406.00
1786962314.993,,0,,,,-0.160,-4.614,True,0.421,-102.752,395.99,406.00
1786962315.093,,0,,,,0.200,-4.150,True,0.426,-102.758,395.98,406.01
1786962315.168,,0,,,,0.390,-3.906,True,0.430,-102.872,395.80,406.01
1786962315.268,,0,,,,0.760,-3.430,True,0.436,-102.960,395.67,406.01
1786962315.343,,0,,,,0.950,-3.185,True,0.439,-103.100,395.44,406.01
1786962315.393,,0,,,,1.000,-3.121,True,0.440,-103.150,395.36,406.01
1786962315.468,,0,,,,1.020,-3.095,True,0.440,-103.157,395.35,406.01
1786962315.518,,0,,,,0.990,-3.134,True,0.440,-103.272,395.17,406.01
1786962315.618,,0,,,,0.800,-3.378,True,0.436,-103.365,395.02,406.02
1786962315.668,,0,,,,0.640,-3.584,True,0.434,-103.295,395.14,406.02
1786962315.743,,0,,,,0.520,-3.739,True,0.432,-103.291,395.15,406.02
1786962315.868,,0,,,,0.390,-3.906,True,0.430,-103.215,395.27,406.02
1786962315.918,,0,,,,0.440,-3.842,True,0.430,-103.179,395.33,406.02
1786962315.993,,0,,,,0.550,-3.700,True,0.432,-103.144,395.39,406.02
1786962316.043,,0,,,,0.700,-3.507,True,0.435,-103.192,395.31,406.02
1786962316.143,,0,,,,0.880,-3.275,True,0.438,-103.168,395.35,406.02
1786962316.218,,0,,,,1.040,-3.070,True,0.440,-103.093,395.46,406.02
1786962316.293,,0,,,,1.020,-3.095,True,0.440,-103.180,395.32,406.02
1786962316.368,,0,,,,0.860,-3.301,True,0.437,-103.095,395.46,406.02
1786962316.468,,0,,,,0.620,-3.610,True,0.433,-103.152,395.37,406.02
1786962316.543,,0,,,,0.420,-3.867,True,0.430,-103.277,395.17,406.02
1786962316.618,,0,,,,0.280,-4.047,True,0.428,-103.139,395.40,406.03
1786962316.743,,0,,,,0.380,-3.919,True,0.429,-103.160,395.37,406.03
1786962316.843,,0,,,,0.800,-3.378,True,0.436,-103.302,395.14,406.03
1786962316.918,,0,,,,0.980,-3.147,True,0.439,-103.365,395.04,406.03
1786962316.993,,0,,,,1.240,-2.812,True,0.444,-103.485,394.84,406.03
1786962317.168,,0,,,,1.060,-3.044,True,0.441,-103.429,394.93,406.04
1786962317.268,,0,,,,0.810,-3.365,True,0.437,-103.286,395.17,406.04
1786962317.368,,0,,,,0.630,-3.597,True,0.434,-103.181,395.34,406.04
1786962317.443,,0,,,,0.590,-3.649,True,0.433,-103.168,395.37,406.04
1786962317.493,,0,,,,0.670,-3.546,True,0.434,-103.148,395.40,406.05
1786962317.593,,0,,,,0.920,-3.224,True,0.438,-103.285,395.18,406.05
1786962317.718,,0,,,,1.210,-2.851,True,0.443,-103.509,394.81,406.05
1786962317.768,,0,,,,1.210,-2.851,True,0.443,-103.535,394.77,406.05
1786962317.868,,0,,,,1.130,-2.954,True,0.442,-103.712,394.48,406.05
1786962317.918,,0,,,,0.990,-3.134,True,0.440,-103.749,394.42,406.05
1786962318.068,,0,,,,0.590,-3.649,True,0.433,-103.572,394.71,406.05
1786962318.368,,0,,,,0.860,-3.301,True,0.437,-103.417,394.98,406.06
1786962318.443,,0,,,,1.110,-2.979,True,0.442,-103.594,394.68,406.06
1786962318.543,,0,,,,1.270,-2.774,True,0.444,-103.693,394.52,406.06
1786962318.593,,0,,,,1.240,-2.812,True,0.444,-103.979,394.04,406.06
1786962318.643,,0,,,,1.150,-2.928,True,0.442,-103.842,394.27,406.06
1786962318.743,,0,,,,0.940,-3.198,True,0.439,-103.775,394.39,406.07
1786962318.868,,0,,,,0.620,-3.610,True,0.433,-103.661,394.58,406.07
1786962318.943,,0,,,,0.570,-3.674,True,0.433,-103.516,394.82,406.07
1786962319.018,,0,,,,0.580,-3.661,True,0.433,-103.383,395.04,406.07
1786962319.068,,0,,,,0.730,-3.468,True,0.435,-103.412,394.99,406.07
1786962319.143,,0,,,,0.890,-3.263,True,0.438,-103.378,395.05,406.07
1786962319.243,,0,,,,1.180,-2.889,True,0.443,-103.550,394.76,406.06
1786962319.393,,0,,,,1.420,-2.581,True,0.447,-103.782,394.38,406.07
1786962319.468,,0,,,,1.460,-2.529,True,0.447,-103.855,394.26,406.07
1786962319.568,,0,,,,1.370,-2.645,True,0.446,-103.943,394.11,406.08
1786962319.643,,0,,,,1.190,-2.877,True,0.443,-104.053,393.93,406.09
1786962319.743,,0,,,,0.870,-3.288,True,0.438,-103.969,394.08,406.09
1786962319.793,,0,,,,0.720,-3.481,True,0.435,-103.846,394.29,406.09
1786962319.868,,0,,,,0.510,-3.752,True,0.432,-103.803,394.37,406.10
1786962319.918,,0,,,,0.410,-3.880,True,0.430,-103.765,394.43,406.10
1786962319.968,,0,,,,0.430,-3.854,True,0.430,-103.781,394.41,406.10
1786962320.068,,0,,,,0.460,-3.816,True,0.431,-103.679,394.58,406.10
1786962320.143,,0,,,,0.540,-3.713,True,0.432,-103.637,394.65,406.09
1786962320.218,,0,,,,0.610,-3.623,True,0.433,-103.586,394.73,406.09
1786962320.318,,0,,,,0.770,-3.417,True,0.436,-103.461,394.94,406.09
1786962320.393,,0,,,,0.770,-3.417,True,0.436,-103.591,394.72,406.09
1786962320.468,,0,,,,0.650,-3.571,True,0.434,-103.555,394.78,406.09
1786962320.568,,0,,,,0.430,-3.854,True,0.430,-103.564,394.77,406.10
1786962320.668,,0,,,,0.240,-4.099,True,0.427,-103.483,394.91,406.10
1786962320.718,,0,,,,0.130,-4.240,True,0.425,-103.456,394.96,406.10
1786962320.843,,0,,,,0.080,-4.305,True,0.425,-103.515,394.86,406.11
1786962320.943,,0,,,,0.220,-4.125,True,0.427,-103.512,394.87,406.11
1786962320.993,,0,,,,0.330,-3.983,True,0.429,-103.492,394.90,406.11
1786962321.143,,0,,,,0.540,-3.713,True,0.432,-103.472,394.93,406.10
1786962321.193,,0,,,,0.630,-3.597,True,0.434,-103.388,395.06,406.10
1786962321.293,,0,,,,0.780,-3.404,True,0.436,-103.363,395.10,406.10
1786962321.393,,0,,,,0.870,-3.288,True,0.438,-103.482,394.91,406.10
1786962321.468,,0,,,,0.940,-3.198,True,0.439,-103.537,394.81,406.10
1786962321.543,,0,,,,1.050,-3.057,True,0.441,-103.661,394.61,406.10
1786962321.618,,0,,,,1.130,-2.954,True,0.442,-103.773,394.43,406.10
1786962321.693,,0,,,,1.140,-2.941,True,0.442,-103.973,394.09,406.11
1786962321.768,,0,,,,1.160,-2.915,True,0.442,-104.024,394.00,406.11
1786962321.818,,0,,,,1.160,-2.915,True,0.442,-104.132,393.82,406.11
1786962321.893,,0,,,,1.120,-2.967,True,0.442,-104.206,393.70,406.11
1786962321.943,,0,,,,1.090,-3.005,True,0.441,-104.189,393.73,406.12
1786962322.068,,0,,,,1.020,-3.095,True,0.440,-104.119,393.85,406.12
1786962322.168,,0,,,,0.960,-3.172,True,0.439,-103.980,394.09,406.12
1786962322.243,,0,,,,0.960,-3.172,True,0.439,-103.873,394.27,406.12
1786962322.293,,0,,,,0.970,-3.160,True,0.439,-103.758,394.46,406.11
1786962322.393,,0,,,,1.000,-3.121,True,0.440,-103.629,394.68,406.11
1786962322.468,,0,,,,1.050,-3.057,True,0.441,-103.656,394.63,406.11
1786962322.568,,0,,,,0.940,-3.198,True,0.439,-103.603,394.72,406.11
1786962322.643,,0,,,,0.860,-3.301,True,0.437,-103.576,394.76,406.11
1786962322.718,,0,,,,0.780,-3.404,True,0.436,-103.601,394.72,406.11
1786962322.793,,0,,,,0.610,-3.623,True,0.433,-103.595,394.73,406.11
1786962322.868,,0,,,,0.540,-3.713,True,0.432,-103.556,394.79,406.11
1786962322.943,,0,,,,0.490,-3.777,True,0.431,-103.463,394.95,406.11
1786962323.018,,0,,,,0.560,-3.687,True,0.432,-103.415,395.02,406.10
1786962323.118,,0,,,,0.730,-3.468,True,0.435,-103.445,394.97,406.10
1786962323.168,,0,,,,0.920,-3.224,True,0.438,-103.534,394.83,406.10
1786962323.268,,0,,,,1.230,-2.825,True,0.444,-103.582,394.75,406.10
1786962323.343,,0,,,,1.480,-2.503,True,0.448,-103.719,394.52,406.11
1786962323.418,,0,,,,1.590,-2.362,True,0.450,-103.779,394.42,406.11
1786962323.468,,0,,,,1.670,-2.259,True,0.451,-103.780,394.42,406.11
1786962323.543,,0,,,,1.670,-2.259,True,0.451,-103.880,394.25,406.11
1786962323.618,,0,,,,1.690,-2.233,True,0.451,-103.973,394.09,406.11
1786962323.668,,0,,,,1.700,-2.220,True,0.452,-104.050,393.96,406.11
1786962323.793,,0,,,,1.790,-2.105,True,0.453,-104.245,393.63,406.12
1786962323.868,,0,,,,1.840,-2.040,True,0.454,-104.309,393.52,406.12
1786962323.968,,0,,,,1.960,-1.886,True,0.456,-104.445,393.28,406.12
1786962324.068,,0,,,,1.990,-1.847,True,0.457,-104.492,393.20,406.12
1786962324.143,,0,,,,1.950,-1.899,True,0.456,-104.487,393.21,406.12
1786962324.243,,0,,,,1.890,-1.976,True,0.455,-104.394,393.37,406.12
1786962324.343,,0,,,,1.690,-2.233,True,0.451,-104.343,393.46,406.12
1786962324.393,,0,,,,1.510,-2.465,True,0.448,-104.187,393.74,406.12
1786962324.468,,0,,,,1.360,-2.658,True,0.446,-103.995,394.07,406.12
1786962324.543,,0,,,,1.280,-2.761,True,0.444,-103.926,394.19,406.12
1786962324.618,,0,,,,1.140,-2.941,True,0.442,-103.897,394.24,406.12
1786962324.693,,0,,,,1.050,-3.057,True,0.441,-103.826,394.36,406.12
1786962324.743,,0,,,,0.980,-3.147,True,0.439,-103.710,394.55,406.12
1786962324.793,,0,,,,0.960,-3.172,True,0.439,-103.608,394.72,406.12
1786962324.918,,0,,,,1.040,-3.070,True,0.440,-103.524,394.86,406.12
1786962324.968,,0,,,,1.070,-3.031,True,0.441,-103.511,394.88,406.12
1786962325.068,,0,,,,1.290,-2.748,True,0.445,-103.454,394.98,406.12
1786962325.268,,0,,,,1.490,-2.491,True,0.448,-103.502,394.90,406.12
1786962325.343,,0,,,,1.500,-2.478,True,0.448,-103.585,394.76,406.12
1786962325.418,,0,,,,1.430,-2.568,True,0.447,-103.634,394.68,406.12
1786962325.493,,0,,,,1.360,-2.658,True,0.446,-103.643,394.67,406.13
1786962325.568,,0,,,,1.280,-2.761,True,0.444,-103.616,394.71,406.13
1786962325.768,,0,,,,1.400,-2.606,True,0.446,-103.738,394.51,406.13
1786962325.818,,0,,,,1.590,-2.362,True,0.450,-103.773,394.46,406.13
1786962325.943,,0,,,,1.900,-1.963,True,0.455,-103.918,394.21,406.13
1786962326.018,,0,,,,1.970,-1.873,True,0.456,-104.034,394.01,406.13
1786962326.093,,0,,,,1.960,-1.886,True,0.456,-103.980,394.10,406.13
1786962326.193,,0,,,,1.910,-1.950,True,0.455,-103.903,394.23,406.13
1786962326.268,,0,,,,1.710,-2.207,True,0.452,-103.813,394.39,406.13
1786962326.368,,0,,,,1.500,-2.478,True,0.448,-103.812,394.39,406.14
1786962326.443,,0,,,,1.340,-2.684,True,0.445,-103.772,394.46,406.14
1786962326.518,,0,,,,1.180,-2.889,True,0.443,-103.783,394.44,406.14
1786962326.618,,0,,,,1.010,-3.108,True,0.440,-103.781,394.45,406.14
1786962326.693,,0,,,,0.980,-3.147,True,0.439,-103.717,394.56,406.14
1786962326.768,,0,,,,1.030,-3.082,True,0.440,-103.746,394.51,406.14
1786962326.843,,0,,,,1.040,-3.070,True,0.440,-103.650,394.67,406.14
1786962327.018,,0,,,,1.160,-2.915,True,0.442,-103.512,394.90,406.14
1786962327.068,,0,,,,1.200,-2.864,True,0.443,-103.488,394.94,406.14
1786962327.143,,0,,,,1.200,-2.864,True,0.443,-103.528,394.87,406.14
1786962327.268,,0,,,,1.130,-2.954,True,0.442,-103.598,394.76,406.14
1786962327.368,,0,,,,1.020,-3.095,True,0.440,-103.592,394.77,406.14
1786962327.443,,0,,,,0.910,-3.237,True,0.438,-103.601,394.76,406.15
1786962327.543,,0,,,,0.850,-3.314,True,0.437,-103.584,394.79,406.15
1786962327.618,,0,,,,0.880,-3.275,True,0.438,-103.597,394.76,406.15
1786962327.718,,0,,,,1.020,-3.095,True,0.440,-103.625,394.72,406.14
1786962327.793,,0,,,,1.230,-2.825,True,0.444,-103.706,394.58,406.14
1786962327.868,,0,,,,1.370,-2.645,True,0.446,-103.876,394.29,406.14
1786962327.918,,0,,,,1.420,-2.581,True,0.447,-103.863,394.31,406.14
1786962327.968,,0,,,,1.550,-2.413,True,0.449,-103.921,394.21,406.14
1786962328.068,,0,,,,1.700,-2.220,True,0.452,-103.964,394.14,406.15
1786962328.193,,0,,,,1.810,-2.079,True,0.453,-104.162,393.81,406.15
1786962328.268,,0,,,,1.850,-2.027,True,0.454,-104.185,393.77,406.15
1786962328.368,,0,,,,1.730,-2.182,True,0.452,-104.259,393.64,406.15
1786962328.443,,0,,,,1.570,-2.388,True,0.449,-104.272,393.62,406.16
1786962328.518,,0,,,,1.430,-2.568,True,0.447,-104.267,393.63,406.16
1786962328.618,,0,,,,1.260,-2.786,True,0.444,-104.187,393.77,406.16
1786962328.693,,0,,,,1.160,-2.915,True,0.442,-104.137,393.86,406.16
1786962328.768,,0,,,,1.120,-2.967,True,0.442,-104.065,393.98,406.16
1786962328.843,,0,,,,1.150,-2.928,True,0.442,-103.952,394.18,406.16
1786962328.893,,0,,,,1.220,-2.838,True,0.443,-103.898,394.27,406.16
1786962328.968,,0,,,,1.270,-2.774,True,0.444,-103.858,394.33,406.16
1786962329.043,,0,,,,1.360,-2.658,True,0.446,-103.816,394.41,406.16
1786962329.118,,0,,,,1.370,-2.645,True,0.446,-103.794,394.45,406.16
1786962329.218,,0,,,,1.210,-2.851,True,0.443,-103.788,394.46,406.16
1786962329.293,,0,,,,1.050,-3.057,True,0.441,-103.716,394.58,406.17
1786962329.393,,0,,,,0.790,-3.391,True,0.436,-103.600,394.78,406.17
1786962329.468,,0,,,,0.570,-3.674,True,0.433,-103.618,394.75,406.17
1786962329.543,,0,,,,0.520,-3.739,True,0.432,-103.658,394.68,406.17
1786962329.618,,0,,,,0.580,-3.661,True,0.433,-103.560,394.85,406.17
1786962329.693,,0,,,,0.710,-3.494,True,0.435,-103.559,394.85,406.17
1786962329.793,,0,,,,1.000,-3.121,True,0.440,-103.681,394.64,406.17
1786962329.868,,0,,,,1.340,-2.684,True,0.445,-103.697,394.62,406.17
1786962329.943,,0,,,,1.530,-2.439,True,0.449,-103.830,394.39,406.16
1786962329.993,,0,,,,1.710,-2.207,True,0.452,-103.940,394.20,406.17
1786962330.143,,0,,,,1.790,-2.105,True,0.453,-104.109,393.92,406.17
1786962330.293,,0,,,,1.570,-2.388,True,0.449,-104.200,393.77,406.18
1786962330.393,,0,,,,1.320,-2.709,True,0.445,-104.286,393.62,406.18
1786962330.468,,0,,,,1.250,-2.799,True,0.444,-104.301,393.60,406.19
1786962330.543,,0,,,,1.150,-2.928,True,0.442,-104.182,393.81,406.19
1786962330.618,,0,,,,1.220,-2.838,True,0.443,-104.150,393.86,406.19
1786962330.693,,0,,,,1.290,-2.748,True,0.445,-104.105,393.94,406.18
1786962330.793,,0,,,,1.430,-2.568,True,0.447,-104.020,394.08,406.18
1786962330.893,,0,,,,1.530,-2.439,True,0.449,-103.932,394.23,406.18
1786962331.018,,0,,,,1.520,-2.452,True,0.449,-103.876,394.33,406.18
1786962331.093,,0,,,,1.440,-2.555,True,0.447,-103.915,394.27,406.19
1786962331.193,,0,,,,1.260,-2.786,True,0.444,-103.838,394.40,406.19
1786962331.243,,0,,,,1.130,-2.954,True,0.442,-103.902,394.30,406.20
1786962331.368,,0,,,,0.870,-3.288,True,0.438,-103.809,394.46,406.20
1786962331.443,,0,,,,0.760,-3.430,True,0.436,-103.723,394.60,406.20
1786962331.518,,0,,,,0.680,-3.533,True,0.434,-103.651,394.72,406.20
1786962331.593,,0,,,,0.660,-3.558,True,0.434,-103.502,394.97,406.19
1786962331.668,,0,,,,0.670,-3.546,True,0.434,-103.511,394.95,406.19
1786962331.743,,0,,,,0.690,-3.520,True,0.435,-103.478,395.00,406.19
1786962331.843,,0,,,,0.740,-3.456,True,0.435,-103.481,395.00,406.19
1786962331.918,,0,,,,0.760,-3.430,True,0.436,-103.536,394.91,406.19
1786962331.993,,0,,,,0.810,-3.365,True,0.437,-103.667,394.70,406.20
1786962332.068,,0,,,,0.860,-3.301,True,0.437,-103.710,394.63,406.20
1786962332.143,,0,,,,0.890,-3.263,True,0.438,-103.853,394.39,406.21
1786962332.218,,0,,,,0.920,-3.224,True,0.438,-103.944,394.24,406.21
1786962332.293,,0,,,,0.980,-3.147,True,0.439,-104.019,394.11,406.21
1786962332.468,,0,,,,1.080,-3.018,True,0.441,-104.052,394.06,406.21
1786962332.568,,0,,,,1.110,-2.979,True,0.442,-103.926,394.27,406.21
1786962332.643,,0,,,,1.100,-2.992,True,0.441,-103.814,394.46,406.21
1786962332.718,,0,,,,1.060,-3.044,True,0.441,-103.771,394.53,406.20
1786962332.793,,0,,,,1.030,-3.082,True,0.440,-103.634,394.75,406.20
1786962332.843,,0,,,,1.050,-3.057,True,0.441,-103.674,394.69,406.20
1786962332.943,,0,,,,1.050,-3.057,True,0.441,-103.694,394.65,406.20
1786962333.043,,0,,,,1.100,-2.992,True,0.441,-103.757,394.55,406.21
1786962333.118,,0,,,,1.120,-2.967,True,0.442,-103.830,394.43,406.21
1786962333.218,,0,,,,1.200,-2.864,True,0.443,-104.003,394.14,406.21
1786962333.318,,0,,,,1.240,-2.812,True,0.444,-104.086,394.00,406.22
1786962333.393,,0,,,,1.220,-2.838,True,0.443,-104.145,393.90,406.22
1786962333.468,,0,,,,1.140,-2.941,True,0.442,-104.075,394.02,406.22
1786962333.543,,0,,,,1.080,-3.018,True,0.441,-104.004,394.14,406.22
1786962333.618,,0,,,,0.950,-3.185,True,0.439,-103.929,394.28,406.22
1786962333.693,,0,,,,0.760,-3.430,True,0.436,-103.775,394.54,406.22
1786962333.768,,0,,,,0.670,-3.546,True,0.434,-103.741,394.59,406.22
1786962333.843,,0,,,,0.620,-3.610,True,0.433,-103.684,394.69,406.22
1786962333.893,,0,,,,0.590,-3.649,True,0.433,-103.672,394.71,406.22
1786962333.968,,0,,,,0.570,-3.674,True,0.433,-103.700,394.67,406.22
1786962334.093,,0,,,,0.570,-3.674,True,0.433,-103.716,394.64,406.23
1786962334.168,,0,,,,0.590,-3.649,True,0.433,-103.768,394.55,406.23
1786962334.268,,0,,,,0.760,-3.430,True,0.436,-103.796,394.51,406.23
1786962334.343,,0,,,,0.840,-3.327,True,0.437,-103.803,394.49,406.22
1786962334.443,,0,,,,0.940,-3.198,True,0.439,-103.855,394.41,406.23
1786962334.468,,0,,,,0.940,-3.198,True,0.439,-103.838,394.44,406.23
1786962334.593,,0,,,,0.900,-3.250,True,0.438,-103.924,394.29,406.23
1786962334.668,,0,,,,0.860,-3.301,True,0.437,-103.908,394.32,406.23
1786962334.768,,0,,,,0.750,-3.443,True,0.436,-103.969,394.21,406.23
1786962334.818,,0,,,,0.770,-3.417,True,0.436,-103.963,394.22,406.23
1786962334.893,,0,,,,0.830,-3.340,True,0.437,-103.941,394.26,406.23
1786962334.993,,0,,,,1.060,-3.044,True,0.441,-103.941,394.26,406.23
1786962335.043,,0,,,,1.210,-2.851,True,0.443,-104.039,394.10,406.23
1786962335.143,,0,,,,1.430,-2.568,True,0.447,-104.204,393.81,406.23
1786962335.218,,0,,,,1.540,-2.426,True,0.449,-104.392,393.48,406.23
1786962335.293,,0,,,,1.600,-2.349,True,0.450,-104.537,393.23,406.24
1786962335.418,,0,,,,1.430,-2.568,True,0.447,-104.520,393.27,406.24
1786962335.493,,0,,,,1.200,-2.864,True,0.443,-104.411,393.46,406.24
1786962335.593,,0,,,,0.780,-3.404,True,0.436,-104.327,393.62,406.25
1786962335.743,,0,,,,0.340,-3.970,True,0.429,-104.142,393.94,406.25
1786962335.818,,0,,,,0.280,-4.047,True,0.428,-104.018,394.16,406.26
1786962335.893,,0,,,,0.300,-4.022,True,0.428,-104.062,394.09,406.26
1786962335.968,,0,,,,0.440,-3.842,True,0.430,-104.020,394.15,406.26
1786962336.118,,0,,,,0.650,-3.571,True,0.434,-104.045,394.11,406.26
1786962336.218,,0,,,,0.620,-3.610,True,0.433,-103.998,394.19,406.25
1786962336.293,,0,,,,0.530,-3.726,True,0.432,-103.892,394.37,406.25
1786962336.368,,0,,,,0.380,-3.919,True,0.429,-103.788,394.54,406.25
1786962336.468,,0,,,,0.130,-4.240,True,0.425,-103.840,394.46,406.25
1786962336.543,,0,,,,-0.130,-4.575,True,0.421,-103.714,394.67,406.25
1786962336.643,,0,,,,-0.180,-4.639,True,0.420,-103.648,394.78,406.25
1786962336.718,,0,,,,-0.010,-4.421,True,0.423,-103.689,394.71,406.25
1786962336.793,,0,,,,0.200,-4.150,True,0.426,-103.797,394.53,406.26
1786962336.868,,0,,,,0.580,-3.661,True,0.433,-103.889,394.38,406.26
1786962336.943,,0,,,,0.740,-3.456,True,0.435,-103.930,394.31,406.26
1786962337.018,,0,,,,1.080,-3.018,True,0.441,-104.112,394.00,406.26
1786962337.093,,0,,,,1.360,-2.658,True,0.446,-104.371,393.55,406.27
1786962337.168,,0,,,,1.390,-2.619,True,0.446,-104.431,393.45,406.27
1786962337.268,,0,,,,1.280,-2.761,True,0.444,-104.608,393.14,406.27
1786962337.318,,0,,,,1.150,-2.928,True,0.442,-104.587,393.18,406.27
1786962337.443,,0,,,,0.900,-3.250,True,0.438,-104.485,393.36,406.28
1786962337.518,,0,,,,0.840,-3.327,True,0.437,-104.399,393.52,406.28
1786962337.593,,0,,,,0.750,-3.443,True,0.436,-104.370,393.57,406.28
1786962337.693,,0,,,,0.690,-3.520,True,0.435,-104.312,393.67,406.28
1786962337.793,,0,,,,0.630,-3.597,True,0.434,-104.367,393.57,406.28
1786962337.868,,0,,,,0.490,-3.777,True,0.431,-104.302,393.69,406.28
1786962337.943,,0,,,,0.310,-4.009,True,0.428,-104.366,393.57,406.28
1786962337.993,,0,,,,0.230,-4.112,True,0.427,-104.263,393.75,406.28
1786962338.068,,0,,,,0.050,-4.343,True,0.424,-104.168,393.92,406.28
1786962338.143,,0,,,,-0.070,-4.498,True,0.422,-104.101,394.03,406.28
1786962338.243,,0,,,,-0.110,-4.549,True,0.421,-103.978,394.25,406.28
1786962338.368,,0,,,,0.000,-4.408,True,0.423,-103.946,394.30,406.28
1786962338.468,,0,,,,0.160,-4.202,True,0.426,-103.973,394.26,406.28
1786962338.593,,0,,,,0.370,-3.932,True,0.429,-104.116,394.03,406.29
1786962338.668,,0,,,,0.470,-3.803,True,0.431,-104.229,393.83,406.30
1786962338.743,,0,,,,0.520,-3.739,True,0.432,-104.361,393.60,406.30
1786962338.818,,0,,,,0.500,-3.764,True,0.431,-104.451,393.45,406.31
1786962338.918,,0,,,,0.470,-3.803,True,0.431,-104.579,393.23,406.31
1786962338.993,,0,,,,0.400,-3.893,True,0.430,-104.560,393.26,406.31
1786962339.093,,0,,,,0.390,-3.906,True,0.430,-104.523,393.33,406.31
1786962339.168,,0,,,,0.350,-3.957,True,0.429,-104.511,393.35,406.31
1786962339.268,,0,,,,0.330,-3.983,True,0.429,-104.450,393.46,406.31
1786962339.368,,0,,,,0.300,-4.022,True,0.428,-104.415,393.51,406.31
1786962339.443,,0,,,,0.250,-4.086,True,0.427,-104.346,393.64,406.31
1786962339.493,,0,,,,0.210,-4.138,True,0.427,-104.314,393.69,406.31
1786962339.593,,0,,,,0.150,-4.215,True,0.426,-104.257,393.80,406.31
1786962339.668,,0,,,,0.060,-4.331,True,0.424,-104.238,393.83,406.31
1786962339.768,,0,,,,0.020,-4.382,True,0.424,-104.207,393.89,406.31
1786962339.843,,0,,,,0.020,-4.382,True,0.424,-104.099,394.08,406.32
1786962339.918,,0,,,,0.100,-4.279,True,0.425,-104.073,394.12,406.32
1786962340.018,,0,,,,0.250,-4.086,True,0.427,-104.119,394.04,406.32
1786962340.118,,0,,,,0.470,-3.803,True,0.431,-104.337,393.66,406.32
1786962340.193,,0,,,,0.620,-3.610,True,0.433,-104.357,393.63,406.32
1786962340.393,,0,,,,0.920,-3.224,True,0.438,-104.722,392.99,406.33
1786962340.543,,0,,,,0.840,-3.327,True,0.437,-104.902,392.67,406.33
1786962340.643,,0,,,,0.690,-3.520,True,0.435,-104.993,392.51,406.34
1786962340.768,,0,,,,0.640,-3.584,True,0.434,-104.991,392.51,406.34
1786962340.868,,0,,,,0.720,-3.481,True,0.435,-105.013,392.47,406.34
1786962340.968,,0,,,,1.000,-3.121,True,0.440,-105.078,392.35,406.34
1786962341.068,,0,,,,1.150,-2.928,True,0.442,-105.091,392.33,406.34
1786962341.168,,0,,,,1.180,-2.889,True,0.443,-105.077,392.35,406.34
1786962341.318,,0,,,,1.000,-3.121,True,0.440,-105.088,392.34,406.34
1786962341.493,,0,,,,0.780,-3.404,True,0.436,-104.959,392.58,406.35
1786962341.618,,0,,,,0.760,-3.430,True,0.436,-104.903,392.68,406.35
1786962341.693,,0,,,,0.880,-3.275,True,0.438,-104.944,392.60,406.35
1786962341.818,,0,,,,1.130,-2.954,True,0.442,-105.016,392.47,406.34
1786962342.068,,0,,,,1.900,-1.963,True,0.455,-105.152,392.22,406.34
1786962342.143,,0,,,,2.090,-1.719,True,0.458,-105.321,391.91,406.35
1786962342.268,,0,,,,2.280,-1.474,True,0.462,-105.538,391.51,406.36
1786962342.268,,0,,,,2.250,-1.513,True,0.461,-105.516,391.55,406.36
1786962342.393,,0,,,,2.200,-1.577,True,0.460,-105.707,391.19,406.36
1786962342.443,,0,,,,2.160,-1.628,True,0.459,-105.749,391.11,406.37
1786962342.543,,0,,,,2.030,-1.796,True,0.457,-105.865,390.89,406.37
1786962342.618,,0,,,,1.990,-1.847,True,0.457,-105.911,390.80,406.37
1786962342.668,,0,,,,2.010,-1.821,True,0.457,-105.941,390.74,406.37
1786962342.743,,0,,,,2.050,-1.770,True,0.458,-105.822,390.97,406.37
1786962342.843,,0,,,,2.050,-1.770,True,0.458,-105.616,391.37,406.37
1786962342.918,,0,,,,2.050,-1.770,True,0.458,-105.553,391.49,406.37
1786962342.968,,0,,,,2.420,-1.294,True,0.464,-105.596,391.41,406.37
1786962343.068,,0,,,,2.510,-1.178,True,0.466,-105.521,391.55,406.37
1786962343.143,,0,,,,2.480,-1.217,True,0.465,-105.600,391.40,406.37
1786962343.243,,0,,,,2.270,-1.487,True,0.461,-105.606,391.40,406.38
1786962343.343,,0,,,,2.100,-1.706,True,0.458,-105.635,391.34,406.38
1786962343.443,,0,,,,1.850,-2.027,True,0.454,-105.625,391.36,406.38
1786962343.518,,0,,,,1.770,-2.130,True,0.453,-105.599,391.41,406.38
1786962343.618,,0,,,,1.830,-2.053,True,0.454,-105.544,391.51,406.38
1786962343.693,,0,,,,2.100,-1.706,True,0.458,-105.511,391.57,406.37
1786962343.793,,0,,,,2.480,-1.217,True,0.465,-105.639,391.33,406.37
1786962343.893,,0,,,,2.800,-0.805,True,0.471,-105.787,391.05,406.38
1786962343.968,,0,,,,3.100,-0.419,True,0.476,-105.873,390.88,406.37
1786962344.043,,0,,,,3.300,-0.162,True,0.479,-105.988,390.66,406.38
1786962344.093,,0,,,,3.310,-0.149,True,0.480,-106.142,390.36,406.38
1786962344.168,,0,,,,3.340,-0.110,True,0.480,-106.158,390.33,406.38
1786962344.243,,0,,,,3.380,-0.059,True,0.481,-106.392,389.87,406.39
1786962344.293,,0,,,,3.370,-0.072,True,0.481,-106.574,389.50,406.39
1786962344.368,,0,,,,3.470,0.057,True,0.482,-106.668,389.31,406.39
1786962344.468,,0,,,,3.620,0.250,True,0.485,-106.817,389.02,406.40
1786962344.593,,0,,,,3.900,0.610,True,0.490,-106.941,388.76,406.40
1786962344.643,,0,,,,4.000,0.739,True,0.492,-106.969,388.70,406.40
1786962344.743,,0,,,,4.170,0.958,True,0.495,-107.037,388.56,406.39
1786962344.793,,0,,,,4.240,1.048,True,0.496,-107.021,388.59,406.39
1786962344.843,,0,,,,4.280,1.099,True,0.497,-106.975,388.69,406.40
1786962344.893,,0,,,,4.300,1.125,True,0.497,-106.979,388.68,406.39
1786962344.968,,0,,,,4.220,1.022,True,0.496,-106.947,388.75,406.39
1786962345.068,,0,,,,4.110,0.881,True,0.494,-106.896,388.85,406.40
1786962345.168,,0,,,,3.930,0.649,True,0.491,-106.849,388.95,406.40
1786962345.243,,0,,,,3.820,0.507,True,0.489,-106.897,388.86,406.41
1786962345.368,,0,,,,3.870,0.572,True,0.490,-106.892,388.87,406.41
1786962345.493,,0,,,,4.040,0.790,True,0.493,-106.834,388.99,406.41
1786962345.568,,0,,,,4.190,0.983,True,0.495,-106.856,388.94,406.40
1786962345.643,,0,,,,4.450,1.318,True,0.500,-106.918,388.82,406.40
1786962345.718,,0,,,,4.550,1.447,True,0.502,-106.957,388.73,406.40
1786962345.793,,0,,,,4.700,1.640,True,0.505,-107.070,388.50,406.41
1786962345.868,,0,,,,4.770,1.730,True,0.506,-107.032,388.58,406.41
1786962345.943,,0,,,,4.790,1.756,True,0.506,-107.191,388.25,406.41
1786962346.018,,0,,,,4.830,1.807,True,0.507,-107.351,387.92,406.41
1786962346.118,,0,,,,4.920,1.923,True,0.509,-107.594,387.41,406.42
1786962346.193,,0,,,,5.030,2.064,True,0.511,-107.733,387.11,406.42
1786962346.293,,0,,,,5.160,2.232,True,0.513,-107.869,386.82,406.42
1786962346.393,,0,,,,5.270,2.373,True,0.515,-107.856,386.84,406.42
1786962346.468,,0,,,,5.380,2.515,True,0.517,-107.858,386.84,406.42
1786962346.568,,0,,,,5.480,2.643,True,0.519,-107.943,386.66,406.42
1786962346.643,,0,,,,5.510,2.682,True,0.519,-107.987,386.56,406.43
1786962346.693,,0,,,,5.510,2.682,True,0.519,-107.996,386.54,406.43
1786962346.793,,0,,,,5.520,2.695,True,0.520,-108.223,386.04,406.43
1786962346.893,,0,,,,5.490,2.656,True,0.519,-108.206,386.09,406.43
1786962346.968,,0,,,,5.470,2.630,True,0.519,-108.283,385.92,406.43
1786962347.068,,0,,,,5.390,2.528,True,0.517,-108.278,385.93,406.44
1786962347.143,,0,,,,5.380,2.515,True,0.517,-108.406,385.65,406.44
1786962347.268,,0,,,,5.370,2.502,True,0.517,-108.750,384.87,406.44
1786962347.368,,0,,,,5.340,2.463,True,0.516,-108.491,385.45,406.44
1786962347.468,,0,,,,5.410,2.553,True,0.518,-108.691,385.00,406.44
1786962347.493,,0,,,,5.460,2.618,True,0.518,-108.534,385.36,406.44
1786962347.618,,0,,,,5.570,2.759,True,0.521,-108.621,385.17,406.44
1786962347.693,,0,,,,5.710,2.939,True,0.523,-108.708,384.98,406.45
1786962347.768,,0,,,,5.780,3.029,True,0.524,-108.795,384.78,406.45
1786962347.868,,0,,,,5.840,3.107,True,0.526,-108.996,384.33,406.46
1786962347.993,,0,,,,5.830,3.094,True,0.525,-109.220,383.81,406.47
1786962348.068,,0,,,,5.800,3.055,True,0.525,-109.221,383.81,406.47
1786962348.143,,0,,,,5.720,2.952,True,0.523,-109.167,383.93,406.47
1786962348.268,,0,,,,5.680,2.901,True,0.523,-109.064,384.17,406.47
1786962348.344,,0,,,,5.690,2.914,True,0.523,-109.010,384.30,406.47
1786962348.443,,0,,,,5.690,2.914,True,0.523,-109.092,384.11,406.47
1786962348.518,,0,,,,5.710,2.939,True,0.523,-109.236,383.78,406.47
1786962348.618,,0,,,,5.640,2.849,True,0.522,-109.442,383.30,406.48
1786962348.668,,0,,,,5.590,2.785,True,0.521,-109.529,383.10,406.48
1786962348.768,,0,,,,5.490,2.656,True,0.519,-109.624,382.88,406.49
1786962348.843,,0,,,,5.400,2.540,True,0.517,-109.641,382.84,406.49
1786962348.918,,0,,,,5.360,2.489,True,0.517,-109.730,382.63,406.49
1786962349.018,,0,,,,5.410,2.553,True,0.518,-109.753,382.57,406.49
1786962349.068,,0,,,,5.540,2.721,True,0.520,-109.852,382.34,406.49
1786962349.168,,0,,,,5.720,2.952,True,0.523,-110.035,381.89,406.49
1786962349.293,,0,,,,5.990,3.300,True,0.528,-110.297,381.26,406.50
1786962349.393,,0,,,,6.100,3.441,True,0.530,-110.780,380.06,406.51
1786962349.518,,0,,,,6.050,3.377,True,0.529,-111.073,379.33,406.51
1786962349.593,,0,,,,5.980,3.287,True,0.528,-111.238,378.91,406.52
1786962349.718,,0,,,,5.910,3.197,True,0.527,-111.283,378.79,406.52
1786962349.793,,0,,,,5.950,3.248,True,0.528,-111.389,378.52,406.52
1786962349.868,,0,,,,6.000,3.312,True,0.528,-111.413,378.46,406.52
1786962349.943,,0,,,,6.100,3.441,True,0.530,-111.450,378.36,406.52
1786962350.018,,0,,,,6.190,3.557,True,0.532,-111.494,378.25,406.52
1786962350.118,,0,,,,6.220,3.595,True,0.533,-111.591,378.00,406.52
1786962350.193,,0,,,,6.130,3.480,True,0.531,-111.687,377.75,406.53
1786962350.293,,0,,,,5.960,3.261,True,0.528,-111.724,377.66,406.53
1786962350.368,,0,,,,5.840,3.107,True,0.526,-111.763,377.56,406.54
1786962350.444,,0,,,,5.770,3.016,True,0.524,-112.003,376.93,406.55
1786962350.518,,0,,,,5.750,2.991,True,0.524,-112.056,376.79,406.55
1786962350.593,,0,,,,5.790,3.042,True,0.525,-112.159,376.52,406.55
1786962350.668,,0,,,,5.970,3.274,True,0.528,-112.394,375.89,406.55
1786962350.768,,0,,,,6.260,3.647,True,0.533,-112.705,375.05,406.55
1786962350.868,,0,,,,6.530,3.965,True,0.532,-113.002,374.23,406.56
1786962350.943,,0,,,,6.670,4.124,True,0.530,-113.322,373.34,406.56
1786962351.043,,0,,,,6.640,4.090,True,0.530,-113.587,372.59,406.56
1786962351.143,,0,,,,6.520,3.953,True,0.532,-113.975,371.49,406.57
1786962351.218,,0,,,,6.380,3.794,True,0.534,-114.187,370.88,406.57
1786962351.293,,0,,,,6.400,3.817,True,0.534,-114.445,370.13,406.58
1786962351.443,,0,,,,6.700,4.158,True,0.530,-114.882,368.84,406.58
1786962351.543,,0,,,,6.920,4.408,True,0.527,-115.335,367.48,406.59
1786962351.693,,0,,,,7.050,4.556,True,0.525,-115.709,366.34,406.59
1786962351.768,,0,,,,7.120,4.636,True,0.524,-115.691,366.40,406.59
1786962351.843,,0,,,,7.160,4.681,True,0.523,-115.875,365.84,406.60
1786962351.943,,0,,,,7.120,4.636,True,0.524,-115.972,365.54,406.60
1786962352.043,,0,,,,7.200,4.727,True,0.523,-116.004,365.45,406.61
1786962352.143,,0,,,,7.320,4.864,True,0.521,-116.221,364.77,406.61
1786962352.268,,0,,,,7.580,5.159,True,0.518,-116.283,364.58,406.62
1786962352.368,,0,,,,7.710,5.307,True,0.516,-116.496,363.91,406.62
1786962352.443,,0,,,,7.870,5.489,True,0.514,-116.657,363.41,406.63
1786962352.593,,0,,,,7.930,5.558,True,0.513,-116.706,363.26,406.64
1786962352.768,,0,,,,8.110,5.763,True,0.511,-116.828,362.87,406.64
1786962352.843,,0,,,,8.200,5.865,True,0.509,-116.876,362.72,406.65
1786962352.943,,0,,,,8.360,6.047,True,0.507,-116.845,362.82,406.65
1786962352.993,,0,,,,8.430,6.127,True,0.506,-116.863,362.77,406.65
1786962353.118,,0,,,,8.300,5.979,True,0.508,-116.886,362.70,406.65
1786962353.193,,0,,,,8.150,5.808,True,0.510,-116.852,362.81,406.66
1786962353.343,,0,,,,7.780,5.387,True,0.515,-117.025,362.26,406.66
1786962353.418,,0,,,,7.690,5.285,True,0.516,-116.764,363.10,406.66
1786962353.518,,0,,,,7.740,5.342,True,0.516,-116.774,363.07,406.67
1786962353.643,,0,,,,8.110,5.763,True,0.511,-116.920,362.61,406.67
1786962353.743,,0,,,,8.520,6.229,True,0.505,-117.203,361.69,406.67
1786962353.868,,0,,,,8.880,6.639,True,0.500,-117.064,362.14,406.68
1786962353.943,,0,,,,8.880,6.639,True,0.500,-117.354,361.20,406.68
1786962354.068,,0,,,,8.680,6.411,True,0.503,-117.553,360.56,406.68
1786962354.168,,0,,,,8.420,6.115,True,0.507,-117.579,360.48,406.69
1786962354.318,,0,,,,8.590,6.309,True,0.504,-117.768,359.86,406.70
1786962354.443,,0,,,,9.170,6.969,True,0.497,-117.988,359.14,406.70
1786962354.493,,0,,,,9.420,7.253,True,0.493,-118.072,358.86,406.70
1786962354.593,,0,,,,9.980,7.891,True,0.486,-118.569,357.19,406.71
1786962354.668,,0,,,,10.150,8.084,True,0.484,-118.677,356.82,406.71
1786962354.768,,0,,,,10.120,8.050,True,0.484,-118.975,355.80,406.71
1786962354.843,,0,,,,9.890,7.788,True,0.487,-119.099,355.38,406.72
1786962354.918,,0,,,,9.660,7.526,True,0.490,-119.041,355.58,406.72
1786962354.993,,0,,,,9.410,7.242,True,0.494,-118.899,356.08,406.73
1786962355.068,,0,,,,9.300,7.117,True,0.495,-118.879,356.15,406.73
1786962355.143,,0,,,,9.270,7.083,True,0.495,-118.793,356.45,406.73
1786962355.218,,0,,,,9.320,7.139,True,0.495,-118.730,356.67,406.74
1786962355.343,,0,,,,9.480,7.322,True,0.493,-118.754,356.58,406.74
1786962355.468,,0,,,,9.750,7.629,True,0.489,-118.799,356.44,406.74
1786962355.518,,0,,,,9.720,7.595,True,0.489,-118.929,355.99,406.74
1786962355.593,,0,,,,9.720,7.595,True,0.489,-118.830,356.33,406.74
1786962355.668,,0,,,,9.770,7.652,True,0.489,-118.732,356.67,406.75
1786962355.843,,0,,,,10.070,7.993,True,0.485,-118.923,356.02,406.75
1786962355.943,,0,,,,10.230,8.175,True,0.483,-118.976,355.84,406.75
1786962356.018,,0,,,,10.460,8.437,True,0.480,-119.005,355.74,406.76
1786962356.143,,0,,,,10.570,8.562,True,0.478,-119.114,355.37,406.76
1786962356.243,,0,,,,10.670,8.676,True,0.477,-119.162,355.21,406.77
1786962356.343,,0,,,,10.700,8.710,True,0.477,-119.234,354.96,406.77
1786962356.443,,0,,,,10.790,8.812,True,0.476,-119.180,355.15,406.77
1786962356.568,,0,,,,10.980,9.028,True,0.473,-119.092,355.45,406.77
1786962356.793,,0,,,,10.980,9.028,True,0.473,-118.434,357.71,406.78
1786962356.868,,0,,,,11.010,9.063,True,0.473,-118.264,358.28,406.78
1786962356.968,,0,,,,10.960,9.006,True,0.473,-118.298,358.17,406.78
1786962357.093,,0,,,,10.770,8.789,True,0.476,-118.361,357.97,406.80
1786962357.168,,0,,,,10.640,8.642,True,0.478,-118.734,356.70,406.80
1786962357.268,,0,,,,10.610,8.607,True,0.478,-118.418,357.78,406.80
1786962357.643,,0,,,,10.850,8.881,True,0.475,-118.770,356.60,406.81
1786962357.943,,0,,,,10.170,8.107,True,0.484,-117.640,360.40,406.82
1786962358.668,,0,,,,10.080,8.004,True,0.485,-117.172,361.94,406.84
1786962358.793,,0,,,,10.140,8.073,True,0.484,-117.142,362.04,406.85
1786962358.892,,0,,,,10.260,8.209,True,0.482,-117.142,362.04,406.85
1786962358.967,,0,,,,10.420,8.391,True,0.480,-117.243,361.72,406.85
1786962359.068,,0,,,,10.500,8.482,True,0.479,-117.254,361.69,406.85
1786962359.193,,0,,,,10.570,8.562,True,0.478,-117.371,361.31,406.86
1786962359.393,,0,,,,10.320,8.277,True,0.482,-117.291,361.57,406.86
1786962359.417,,0,,,,10.290,8.243,True,0.482,-117.296,361.56,406.86
1786962359.492,,0,,,,10.020,7.936,True,0.486,-117.199,361.88,406.87
1786962360.117,,0,,,,9.800,7.686,True,0.488,-116.673,363.58,406.88
1786962360.242,,0,,,,9.920,7.822,True,0.487,-116.823,363.10,406.88
1786962360.317,,0,,,,9.850,7.743,True,0.488,-116.949,362.70,406.88
1786962360.443,,0,,,,9.780,7.663,True,0.489,-116.899,362.87,406.89
1786962360.842,,0,,,,9.890,7.788,True,0.487,-116.592,363.85,406.89
1786962360.967,,0,,,,10.230,8.175,True,0.483,-116.570,363.92,406.89
1786962361.467,,0,,,,10.350,8.312,True,0.481,-116.643,363.70,406.90
1786962361.567,,0,,,,10.290,8.243,True,0.482,-116.392,364.49,406.90
1786962361.667,,0,,,,10.420,8.391,True,0.480,-116.295,364.80,406.90
1786962362.142,,0,,,,10.800,8.824,True,0.475,-115.915,365.98,406.89
1786962362.267,,0,,,,10.610,8.607,True,0.478,-115.714,366.60,406.89
1786962362.442,,0,,,,10.620,8.619,True,0.478,-115.560,367.07,406.89
1786962362.567,,0,,,,10.900,8.937,True,0.474,-115.579,367.01,406.89
1786962362.717,,0,,,,11.240,9.324,True,0.470,-115.674,366.72,406.89
1786962362.792,,0,,,,11.320,9.415,True,0.469,-115.672,366.73,406.89
1786962362.917,,0,,,,11.290,9.381,True,0.469,-115.584,367.00,406.89
1786962363.017,,0,,,,11.300,9.393,True,0.469,-115.494,367.27,406.89
1786962363.117,,0,,,,11.270,9.358,True,0.469,-115.427,367.48,406.89
1786962363.217,,0,,,,11.370,9.472,True,0.468,-115.335,367.75,406.89
1786962363.292,,0,,,,11.490,9.609,True,0.467,-115.340,367.73,406.89
1786962363.367,,0,,,,11.610,9.745,True,0.465,-115.362,367.67,406.88
1786962363.467,,0,,,,11.780,9.939,True,0.463,-115.327,367.77,406.88
1786962363.567,,0,,,,11.930,10.110,True,0.461,-115.359,367.67,406.88
1786962363.667,,0,,,,11.060,9.119,True,0.472,-115.252,368.00,406.88
1786962363.742,,0,,,,6.000,3.312,True,0.528,-111.480,378.61,406.87
1786962363.792,,0,,,,6.880,4.363,True,0.527,-108.623,385.57,406.87
1786962363.867,,0,,,,7.690,5.285,True,0.516,-109.221,384.19,406.88
1786962363.942,,0,,,,7.630,5.216,True,0.517,-110.048,382.22,406.87
1786962363.992,,0,,,,7.620,5.205,True,0.517,-110.036,382.25,406.87
1786962364.117,,0,,,,7.640,5.228,True,0.517,-109.765,382.90,406.87
1786962364.217,,0,,,,7.740,5.342,True,0.516,-109.562,383.38,406.87
1786962364.292,,0,,,,7.960,5.592,True,0.513,-109.412,383.73,406.86
1786962364.442,,0,,,,8.440,6.138,True,0.506,-111.657,378.14,406.86
1786962364.567,,0,,,,8.710,6.445,True,0.503,-109.868,382.64,406.86
1786962364.692,,0,,,,8.710,6.445,True,0.503,-109.769,382.88,406.86
1786962364.867,,0,,,,9.140,6.935,True,0.497,-110.509,381.07,406.85
1786962364.992,,0,,,,8.930,6.696,True,0.500,-111.024,379.77,406.85
1786962365.267,,0,,,,9.660,7.526,True,0.490,-109.692,383.05,406.84
1786962365.442,,0,,,,10.300,8.255,True,0.482,-109.624,383.20,406.83
1786962365.617,,0,,,,10.440,8.414,True,0.480,-109.365,383.80,406.82
1786962365.692,,0,,,,10.610,8.607,True,0.478,-109.246,384.08,406.81
1786962365.817,,0,,,,10.930,8.972,True,0.474,-109.171,384.25,406.81
1786962365.892,,0,,,,11.270,9.358,True,0.469,-109.220,384.13,406.80
1786962365.967,,0,,,,11.400,9.506,True,0.468,-109.259,384.03,406.80
1786962366.117,,0,,,,11.790,9.950,True,0.463,-109.340,383.84,406.80
1786962366.242,,0,,,,12.050,10.246,True,0.460,-109.419,383.65,406.79
1786962366.367,,0,,,,12.400,10.644,True,0.455,-109.480,383.49,406.78
1786962366.617,,0,,,,13.800,12.237,True,0.438,-109.731,382.89,406.78
1786962366.717,,0,,,,14.250,12.750,True,0.433,-110.022,382.18,406.76
1786962366.817,,0,,,,14.240,12.738,True,0.433,-110.267,381.58,406.76
1786962366.892,,0,,,,14.060,12.533,True,0.435,-110.161,381.83,406.76
1786962366.992,,0,,,,13.910,12.363,True,0.437,-110.076,382.04,406.75
1786962367.092,,0,,,,13.730,12.158,True,0.439,-109.712,382.91,406.74
1786962367.167,,0,,,,13.830,12.272,True,0.438,-109.659,383.03,406.74
1786962367.292,,0,,,,14.140,12.624,True,0.434,-109.444,383.54,406.73
1786962367.367,,0,,,,14.490,13.023,True,0.430,-109.429,383.56,406.72
1786962367.442,,0,,,,14.800,13.375,True,0.426,-109.406,383.61,406.72
1786962367.492,,0,,,,15.050,13.662,True,0.425,-109.548,383.27,406.71
1786962367.567,,0,,,,15.170,13.804,True,0.427,-109.526,383.32,406.71
1786962367.642,,0,,,,15.250,13.899,True,0.429,-109.702,382.90,406.71
1786962367.692,,0,,,,15.320,13.982,True,0.430,-109.765,382.75,406.71
1786962367.742,,0,,,,15.380,14.053,True,0.432,-109.834,382.57,406.70
1786962367.842,,0,,,,15.470,14.159,True,0.434,-109.868,382.49,406.70
1786962367.967,,0,,,,15.690,14.420,True,0.438,-110.027,382.10,406.69
1786962368.042,,0,,,,16.070,14.870,True,0.447,-110.147,381.80,406.69
1786962368.117,,0,,,,16.580,15.473,True,0.458,-110.267,381.50,406.68
1786962368.192,,0,,,,17.230,16.243,True,0.473,-110.669,380.50,406.67
1786962368.267,,0,,,,17.580,16.657,True,0.481,-110.903,379.91,406.67
1786962368.367,,0,,,,18.070,17.237,True,0.492,-111.301,378.88,406.66
1786962368.467,,0,,,,18.120,17.296,True,0.493,-111.532,378.28,406.66
1786962368.542,,0,,,,18.060,17.225,True,0.492,-111.658,377.95,406.66
1786962368.592,,0,,,,17.890,17.024,True,0.488,-111.686,377.87,406.65
1786962368.692,,0,,,,17.840,16.965,True,0.487,-111.453,378.47,406.65
1786962368.792,,0,,,,18.060,17.225,True,0.492,-111.563,378.18,406.64
1786962368.917,,0,,,,18.600,17.864,True,0.504,-111.675,377.88,406.63
1786962368.992,,0,,,,18.920,18.243,True,0.512,-111.866,377.37,406.62
1786962369.092,,0,,,,19.340,18.740,True,0.522,-112.053,376.87,406.62
1786962369.167,,0,,,,19.520,18.953,True,0.526,-112.117,376.70,406.62
1786962369.292,,0,,,,19.300,18.693,True,0.521,-112.337,376.11,406.62
1786962369.442,,0,,,,18.860,18.172,True,0.511,-112.115,376.70,406.62
1786962369.542,,0,,,,18.540,17.793,True,0.503,-111.973,377.07,406.61
1786962369.617,,0,,,,18.400,17.627,True,0.500,-111.922,377.21,406.61
