t,ns,marker_id,track_id,boresight_deg,angle_in_frame_deg,gimbal_yaw_deg,corrected_yaw_deg,yaw_correction_valid,yaw_sigma_deg,angle_error_deg,miss_distance_m,range_m
1786962006.077,,0,,,,0.130,-4.240,True,0.425,-106.975,386.31,403.91
1786962006.152,,0,,,,0.120,-4.253,True,0.425,-107.057,386.14,403.91
1786962006.227,,0,,,,0.020,-4.382,True,0.424,-107.194,385.86,403.91
1786962006.302,,0,,,,-0.120,-4.562,True,0.421,-107.195,385.86,403.91
1786962006.377,,0,,,,-0.210,-4.678,True,0.420,-107.199,385.85,403.91
1786962006.452,,0,,,,-0.350,-4.858,True,0.418,-107.216,385.82,403.91
1786962006.552,,0,,,,-0.340,-4.845,True,0.418,-107.174,385.90,403.91
1786962006.602,,0,,,,-0.300,-4.794,True,0.418,-107.100,386.06,403.92
1786962006.677,,0,,,,-0.190,-4.652,True,0.420,-107.145,385.97,403.92
1786962006.752,,0,,,,-0.080,-4.511,True,0.422,-107.221,385.81,403.92
1786962006.802,,0,,,,-0.010,-4.421,True,0.423,-107.330,385.59,403.92
1786962006.877,,0,,,,0.030,-4.369,True,0.424,-107.372,385.50,403.92
1786962006.952,,0,,,,-0.040,-4.459,True,0.423,-107.481,385.27,403.93
1786962007.027,,0,,,,-0.150,-4.601,True,0.421,-107.634,384.95,403.93
1786962007.152,,0,,,,-0.430,-4.961,True,0.416,-107.687,384.84,403.94
1786962007.227,,0,,,,-0.570,-5.141,True,0.414,-107.732,384.75,403.94
1786962007.277,,0,,,,-0.610,-5.193,True,0.413,-107.746,384.72,403.94
1786962007.377,,0,,,,-0.610,-5.193,True,0.413,-107.705,384.81,403.94
1786962007.477,,0,,,,-0.530,-5.090,True,0.415,-107.734,384.75,403.94
1786962007.553,,0,,,,-0.450,-4.987,True,0.416,-107.777,384.66,403.94
1786962007.627,,0,,,,-0.390,-4.910,True,0.417,-107.855,384.49,403.95
1786962007.702,,0,,,,-0.350,-4.858,True,0.418,-107.900,384.39,403.95
1786962007.752,,0,,,,-0.290,-4.781,True,0.419,-107.925,384.34,403.94
1786962007.852,,0,,,,-0.280,-4.768,True,0.419,-107.982,384.22,403.95
1786962007.927,,0,,,,-0.290,-4.781,True,0.419,-108.022,384.13,403.95
1786962008.052,,0,,,,-0.260,-4.742,True,0.419,-108.107,383.95,403.95
1786962008.127,,0,,,,-0.230,-4.704,True,0.420,-108.144,383.87,403.95
1786962008.202,,0,,,,-0.160,-4.614,True,0.421,-108.211,383.73,403.96
1786962008.302,,0,,,,-0.140,-4.588,True,0.421,-108.356,383.41,403.96
1786962008.377,,0,,,,-0.180,-4.639,True,0.420,-108.380,383.36,403.97
1786962008.452,,0,,,,-0.320,-4.819,True,0.418,-108.460,383.19,403.97
1786962008.527,,0,,,,-0.440,-4.974,True,0.416,-108.489,383.12,403.97
1786962008.627,,0,,,,-0.540,-5.103,True,0.415,-108.494,383.11,403.98
1786962008.752,,0,,,,-0.590,-5.167,True,0.414,-108.463,383.18,403.98
1786962008.827,,0,,,,-0.540,-5.103,True,0.415,-108.425,383.27,403.98
1786962008.877,,0,,,,-0.410,-4.935,True,0.417,-108.502,383.10,403.98
1786962008.952,,0,,,,-0.290,-4.781,True,0.419,-108.435,383.25,403.98
1786962009.052,,0,,,,0.010,-4.395,True,0.423,-108.432,383.26,403.98
1786962009.127,,0,,,,0.160,-4.202,True,0.426,-108.552,382.99,403.98
1786962009.227,,0,,,,0.170,-4.189,True,0.426,-108.689,382.68,403.98
1786962009.302,,0,,,,0.100,-4.279,True,0.425,-108.806,382.42,403.99
1786962009.377,,0,,,,-0.010,-4.421,True,0.423,-108.811,382.41,403.99
1786962009.452,,0,,,,-0.110,-4.549,True,0.421,-108.869,382.28,403.99
1786962009.527,,0,,,,-0.180,-4.639,True,0.420,-108.917,382.17,403.99
1786962009.627,,0,,,,-0.180,-4.639,True,0.420,-108.983,382.02,404.00
1786962009.677,,0,,,,-0.180,-4.639,True,0.420,-109.029,381.92,404.00
1786962009.802,,0,,,,-0.080,-4.511,True,0.422,-109.044,381.89,404.00
1786962009.852,,0,,,,0.010,-4.395,True,0.423,-109.129,381.69,404.00
1786962009.952,,0,,,,0.110,-4.266,True,0.425,-109.212,381.50,404.00
1786962010.052,,0,,,,0.110,-4.266,True,0.425,-109.278,381.35,404.00
1786962010.127,,0,,,,0.090,-4.292,True,0.425,-109.373,381.13,404.00
1786962010.202,,0,,,,-0.010,-4.421,True,0.423,-109.434,380.99,404.00
1786962010.302,,0,,,,-0.160,-4.614,True,0.421,-109.452,380.95,404.01
1786962010.352,,0,,,,-0.310,-4.807,True,0.418,-109.488,380.86,404.01
1786962010.427,,0,,,,-0.400,-4.922,True,0.417,-109.522,380.79,404.01
1786962010.502,,0,,,,-0.410,-4.935,True,0.417,-109.503,380.83,404.01
1786962010.602,,0,,,,-0.350,-4.858,True,0.418,-109.485,380.87,404.01
1786962010.702,,0,,,,-0.150,-4.601,True,0.421,-109.623,380.55,404.01
1786962010.777,,0,,,,-0.020,-4.433,True,0.423,-109.729,380.30,404.01
1786962010.852,,0,,,,0.220,-4.125,True,0.427,-109.850,380.01,404.02
1786962010.927,,0,,,,0.400,-3.893,True,0.430,-110.006,379.64,404.02
1786962011.002,,0,,,,0.470,-3.803,True,0.431,-110.196,379.18,404.02
1786962011.077,,0,,,,0.410,-3.880,True,0.430,-110.237,379.08,404.02
1786962011.152,,0,,,,0.310,-4.009,True,0.428,-110.367,378.77,404.02
1786962011.227,,0,,,,0.120,-4.253,True,0.425,-110.367,378.77,404.03
1786962011.302,,0,,,,0.050,-4.343,True,0.424,-110.301,378.93,404.03
1786962011.402,,0,,,,-0.110,-4.549,True,0.421,-110.373,378.76,404.03
1786962011.452,,0,,,,-0.200,-4.665,True,0.420,-110.433,378.61,404.03
1786962011.577,,0,,,,-0.250,-4.729,True,0.419,-110.573,378.27,404.03
1786962011.677,,0,,,,-0.250,-4.729,True,0.419,-110.720,377.91,404.04
1786962011.752,,0,,,,-0.200,-4.665,True,0.420,-110.776,377.77,404.04
1786962011.852,,0,,,,-0.180,-4.639,True,0.420,-110.900,377.46,404.05
1786962011.952,,0,,,,-0.040,-4.459,True,0.423,-110.963,377.30,404.04
1786962012.027,,0,,,,0.070,-4.318,True,0.424,-111.053,377.08,404.05
1786962012.102,,0,,,,0.140,-4.228,True,0.426,-111.206,376.69,404.05
1786962012.177,,0,,,,0.130,-4.240,True,0.425,-111.412,376.16,404.05
1786962012.252,,0,,,,0.070,-4.318,True,0.424,-111.557,375.79,404.05
1786962012.327,,0,,,,0.000,-4.408,True,0.423,-111.685,375.46,404.05
1786962012.427,,0,,,,-0.170,-4.626,True,0.420,-111.788,375.20,404.06
1786962012.527,,0,,,,-0.360,-4.871,True,0.417,-111.867,374.99,404.06
1786962012.627,,0,,,,-0.480,-5.025,True,0.416,-111.879,374.96,404.06
1786962012.702,,0,,,,-0.520,-5.077,True,0.415,-111.877,374.97,404.06
1786962012.777,,0,,,,-0.450,-4.987,True,0.416,-111.833,375.08,404.07
1786962012.852,,0,,,,-0.310,-4.807,True,0.418,-111.904,374.90,404.07
1786962012.927,,0,,,,-0.070,-4.498,True,0.422,-111.895,374.92,404.07
1786962013.027,,0,,,,0.290,-4.035,True,0.428,-111.998,374.65,404.07
1786962013.102,,0,,,,0.440,-3.842,True,0.430,-112.281,373.90,404.07
1786962013.177,,0,,,,0.470,-3.803,True,0.431,-112.354,373.71,404.07
1786962013.252,,0,,,,0.340,-3.970,True,0.429,-112.526,373.25,404.08
1786962013.327,,0,,,,0.050,-4.343,True,0.424,-112.683,372.83,404.08
1786962013.377,,0,,,,-0.160,-4.614,True,0.421,-112.657,372.90,404.08
1786962013.452,,0,,,,-0.380,-4.897,True,0.417,-112.721,372.73,404.09
1786962013.527,,0,,,,-0.560,-5.128,True,0.414,-112.630,372.98,404.09
1786962013.602,,0,,,,-0.470,-5.012,True,0.416,-112.605,373.05,404.09
1786962013.677,,0,,,,-0.390,-4.910,True,0.417,-112.759,372.63,404.09
1786962013.752,,0,,,,-0.040,-4.459,True,0.423,-112.743,372.67,404.09
1786962013.827,,0,,,,0.420,-3.867,True,0.430,-112.935,372.15,404.10
1786962013.902,,0,,,,0.600,-3.636,True,0.433,-113.097,371.70,404.09
1786962013.952,,0,,,,0.640,-3.584,True,0.434,-113.186,371.46,404.09
1786962014.027,,0,,,,0.530,-3.726,True,0.432,-113.423,370.80,404.10
1786962014.102,,0,,,,0.300,-4.022,True,0.428,-113.598,370.31,404.10
1786962014.152,,0,,,,0.030,-4.369,True,0.424,-113.533,370.49,404.10
1786962014.252,,0,,,,-0.300,-4.794,True,0.418,-113.686,370.07,404.11
1786962014.327,,0,,,,-0.610,-5.193,True,0.413,-113.770,369.83,404.11
1786962014.402,,0,,,,-0.790,-5.424,True,0.411,-113.682,370.09,404.11
1786962014.477,,0,,,,-0.750,-5.373,True,0.411,-113.793,369.77,404.12
1786962014.552,,0,,,,-0.550,-5.115,True,0.414,-113.772,369.83,404.12
1786962014.627,,0,,,,-0.170,-4.626,True,0.420,-113.782,369.81,404.12
1786962014.702,,0,,,,0.150,-4.215,True,0.426,-113.984,369.23,404.12
1786962014.802,,0,,,,0.470,-3.803,True,0.431,-114.050,369.04,404.12
1786962014.877,,0,,,,0.530,-3.726,True,0.432,-114.162,368.72,404.13
1786962014.952,,0,,,,0.490,-3.777,True,0.431,-114.327,368.24,404.12
1786962015.027,,0,,,,0.300,-4.022,True,0.428,-114.478,367.81,404.13
1786962015.127,,0,,,,-0.120,-4.562,True,0.421,-114.632,367.36,404.13
1786962015.227,,0,,,,-0.460,-5.000,True,0.416,-114.646,367.32,404.14
1786962015.327,,0,,,,-0.470,-5.012,True,0.416,-114.556,367.58,404.14
1786962015.427,,0,,,,-0.280,-4.768,True,0.419,-114.588,367.49,404.14
1786962015.477,,0,,,,-0.070,-4.498,True,0.422,-114.783,366.92,404.14
1786962015.577,,0,,,,0.300,-4.022,True,0.428,-114.935,366.47,404.14
1786962015.677,,0,,,,0.460,-3.816,True,0.431,-115.188,365.72,404.15
1786962015.752,,0,,,,0.440,-3.842,True,0.430,-115.464,364.89,404.15
1786962015.852,,0,,,,0.220,-4.125,True,0.427,-115.577,364.56,404.16
1786962015.902,,0,,,,0.030,-4.369,True,0.424,-115.660,364.30,404.16
1786962015.977,,0,,,,-0.220,-4.691,True,0.420,-115.640,364.36,404.16
1786962016.077,,0,,,,-0.410,-4.935,True,0.417,-115.728,364.10,404.17
1786962016.127,,0,,,,-0.430,-4.961,True,0.416,-115.694,364.21,404.17
1786962016.177,,0,,,,-0.410,-4.935,True,0.417,-115.667,364.30,404.18
1786962016.252,,0,,,,-0.320,-4.819,True,0.418,-115.714,364.16,404.18
1786962016.327,,0,,,,-0.160,-4.614,True,0.421,-115.670,364.29,404.18
1786962016.402,,0,,,,0.000,-4.408,True,0.423,-115.796,363.90,404.18
1786962016.452,,0,,,,0.020,-4.382,True,0.424,-115.885,363.63,404.18
1786962016.527,,0,,,,0.000,-4.408,True,0.423,-116.012,363.24,404.18
1786962016.602,,0,,,,-0.050,-4.472,True,0.422,-116.052,363.12,404.19
1786962016.702,,0,,,,-0.150,-4.601,True,0.421,-116.075,363.05,404.19
1786962016.752,,0,,,,-0.160,-4.614,True,0.421,-116.157,362.79,404.19
1786962016.852,,0,,,,-0.100,-4.536,True,0.422,-116.187,362.71,404.20
1786962016.902,,0,,,,0.000,-4.408,True,0.423,-116.262,362.48,404.20
1786962016.952,,0,,,,0.130,-4.240,True,0.425,-116.414,362.00,404.20
1786962017.027,,0,,,,0.290,-4.035,True,0.428,-116.459,361.86,404.20
1786962017.102,,0,,,,0.360,-3.945,True,0.429,-116.616,361.37,404.21
1786962017.152,,0,,,,0.400,-3.893,True,0.430,-116.725,361.03,404.20
1786962017.227,,0,,,,0.370,-3.932,True,0.429,-116.832,360.69,404.21
1786962017.327,,0,,,,0.200,-4.150,True,0.426,-116.871,360.57,404.21
1786962017.402,,0,,,,0.100,-4.279,True,0.425,-116.916,360.43,404.22
1786962017.502,,0,,,,0.020,-4.382,True,0.424,-116.943,360.34,404.22
1786962017.602,,0,,,,0.080,-4.305,True,0.425,-117.011,360.13,404.23
1786962017.677,,0,,,,0.150,-4.215,True,0.426,-117.132,359.75,404.23
1786962017.752,,0,,,,0.330,-3.983,True,0.429,-117.217,359.47,404.23
1786962017.827,,0,,,,0.510,-3.752,True,0.432,-117.233,359.42,404.23
1786962017.877,,0,,,,0.610,-3.623,True,0.433,-117.421,358.82,404.24
1786962017.977,,0,,,,0.720,-3.481,True,0.435,-117.533,358.45,404.24
1786962018.027,,0,,,,0.720,-3.481,True,0.435,-117.688,357.95,404.24
1786962018.127,,0,,,,0.700,-3.507,True,0.435,-117.816,357.53,404.25
1786962018.202,,0,,,,0.580,-3.661,True,0.433,-117.893,357.29,404.25
1786962018.277,,0,,,,0.480,-3.790,True,0.431,-117.920,357.20,404.26
1786962018.352,,0,,,,0.290,-4.035,True,0.428,-117.901,357.26,404.25
1786962018.477,,0,,,,0.140,-4.228,True,0.426,-117.869,357.38,404.26
1786962018.552,,0,,,,0.130,-4.240,True,0.425,-117.962,357.07,404.26
1786962018.677,,0,,,,0.200,-4.150,True,0.426,-118.001,356.95,404.27
1786962018.752,,0,,,,0.350,-3.957,True,0.429,-118.023,356.87,404.27
1786962018.852,,0,,,,0.370,-3.932,True,0.429,-118.120,356.56,404.28
1786962018.902,,0,,,,0.430,-3.854,True,0.430,-118.340,355.82,404.27
1786962019.027,,0,,,,0.520,-3.739,True,0.432,-118.464,355.41,404.28
1786962019.077,,0,,,,0.570,-3.674,True,0.433,-118.654,354.77,404.28
1786962019.177,,0,,,,0.600,-3.636,True,0.433,-118.800,354.27,404.28
1786962019.252,,0,,,,0.620,-3.610,True,0.433,-118.843,354.14,404.29
1786962019.377,,0,,,,0.590,-3.649,True,0.433,-118.892,353.97,404.29
1786962019.452,,0,,,,0.540,-3.713,True,0.432,-118.936,353.83,404.30
1786962019.502,,0,,,,0.520,-3.739,True,0.432,-118.922,353.88,404.30
1786962019.577,,0,,,,0.500,-3.764,True,0.431,-119.044,353.46,404.30
1786962019.652,,0,,,,0.500,-3.764,True,0.431,-119.085,353.33,404.31
1786962019.702,,0,,,,0.500,-3.764,True,0.431,-119.134,353.16,404.31
1786962019.752,,0,,,,0.550,-3.700,True,0.432,-119.196,352.94,404.31
1786962019.827,,0,,,,0.610,-3.623,True,0.433,-119.197,352.95,404.32
1786962019.902,,0,,,,0.690,-3.520,True,0.435,-119.296,352.60,404.32
1786962019.977,,0,,,,0.760,-3.430,True,0.436,-119.407,352.22,404.32
1786962020.027,,0,,,,0.840,-3.327,True,0.437,-119.413,352.21,404.33
1786962020.127,,0,,,,0.880,-3.275,True,0.438,-119.467,352.02,404.32
1786962020.202,,0,,,,0.940,-3.198,True,0.439,-119.468,352.02,404.33
1786962020.277,,0,,,,1.000,-3.121,True,0.440,-119.514,351.87,404.34
1786962020.377,,0,,,,1.110,-2.979,True,0.442,-119.583,351.62,404.33
1786962020.452,,0,,,,1.090,-3.005,True,0.441,-119.766,351.00,404.34
1786962020.527,,0,,,,1.030,-3.082,True,0.440,-119.828,350.77,404.34
1786962020.602,,0,,,,0.940,-3.198,True,0.439,-119.935,350.40,404.35
1786962020.727,,0,,,,0.720,-3.481,True,0.435,-119.918,350.46,404.35
1786962020.802,,0,,,,0.580,-3.661,True,0.433,-119.886,350.58,404.35
1786962020.877,,0,,,,0.440,-3.842,True,0.430,-120.023,350.10,404.36
1786962020.952,,0,,,,0.430,-3.854,True,0.430,-120.054,349.99,404.35
1786962021.027,,0,,,,0.470,-3.803,True,0.431,-119.939,350.40,404.36
1786962021.102,,0,,,,0.610,-3.623,True,0.433,-119.942,350.39,404.36
1786962021.177,,0,,,,0.840,-3.327,True,0.437,-120.073,349.93,404.36
1786962021.252,,0,,,,0.990,-3.134,True,0.440,-120.103,349.83,404.37
1786962021.352,,0,,,,1.150,-2.928,True,0.442,-120.218,349.42,404.37
1786962021.427,,0,,,,1.180,-2.889,True,0.443,-120.490,348.46,404.38
1786962021.477,,0,,,,1.130,-2.954,True,0.442,-120.625,347.98,404.38
1786962021.552,,0,,,,1.010,-3.108,True,0.440,-120.878,347.06,404.38
1786962021.627,,0,,,,0.810,-3.365,True,0.437,-120.855,347.15,404.39
1786962021.702,,0,,,,0.660,-3.558,True,0.434,-120.718,347.65,404.39
1786962021.752,,0,,,,0.630,-3.597,True,0.434,-120.832,347.24,404.39
1786962021.827,,0,,,,0.590,-3.649,True,0.433,-120.901,347.00,404.40
1786962021.877,,0,,,,0.630,-3.597,True,0.434,-120.936,346.87,404.40
1786962021.952,,0,,,,0.730,-3.468,True,0.435,-120.966,346.76,404.40
1786962022.027,,0,,,,0.890,-3.263,True,0.438,-120.927,346.91,404.40
1786962022.127,,0,,,,1.100,-2.992,True,0.441,-120.917,346.94,404.40
1786962022.202,,0,,,,1.180,-2.889,True,0.443,-120.963,346.78,404.40
1786962022.277,,0,,,,1.190,-2.877,True,0.443,-121.089,346.32,404.41
1786962022.352,,0,,,,1.170,-2.902,True,0.443,-121.130,346.16,404.40
1786962022.502,,0,,,,0.890,-3.263,True,0.438,-121.081,346.35,404.41
1786962022.577,,0,,,,0.800,-3.378,True,0.436,-121.136,346.15,404.40
1786962022.727,,0,,,,0.860,-3.301,True,0.437,-121.262,345.70,404.42
1786962022.827,,0,,,,1.040,-3.070,True,0.440,-121.644,344.30,404.43
1786962022.952,,0,,,,1.350,-2.671,True,0.446,-121.735,343.96,404.43
1786962023.102,,0,,,,1.540,-2.426,True,0.449,-122.057,342.77,404.44
1786962023.177,,0,,,,1.510,-2.465,True,0.448,-122.214,342.18,404.44
1786962023.452,,0,,,,0.810,-3.365,True,0.437,-121.901,343.37,404.45
1786962023.552,,0,,,,0.590,-3.649,True,0.433,-122.062,342.76,404.45
1786962023.677,,0,,,,0.480,-3.790,True,0.431,-121.982,343.07,404.46
1786962023.852,,0,,,,0.670,-3.546,True,0.434,-121.901,343.37,404.46
1786962023.927,,0,,,,0.860,-3.301,True,0.437,-122.432,341.37,404.45
1786962024.002,,0,,,,0.990,-3.134,True,0.440,-122.453,341.30,404.46
1786962024.077,,0,,,,1.020,-3.095,True,0.440,-122.578,340.82,404.46
1786962024.152,,0,,,,1.030,-3.082,True,0.440,-122.627,340.63,404.46
1786962024.202,,0,,,,0.980,-3.147,True,0.439,-122.698,340.37,404.47
1786962024.277,,0,,,,1.000,-3.121,True,0.440,-122.727,340.26,404.47
1786962024.402,,0,,,,1.130,-2.954,True,0.442,-122.752,340.17,404.47
1786962024.477,,0,,,,1.260,-2.786,True,0.444,-122.964,339.36,404.48
1786962024.527,,0,,,,1.280,-2.761,True,0.444,-123.065,338.97,404.47
1786962024.627,,0,,,,1.440,-2.555,True,0.447,-123.114,338.78,404.48
1786962024.702,,0,,,,1.530,-2.439,True,0.449,-123.154,338.63,404.48
1786962024.802,,0,,,,1.550,-2.413,True,0.449,-123.169,338.58,404.49
1786962024.902,,0,,,,1.480,-2.503,True,0.448,-123.257,338.24,404.49
1786962025.002,,0,,,,1.380,-2.632,True,0.446,-123.303,338.07,404.50
1786962025.077,,0,,,,1.220,-2.838,True,0.443,-123.485,337.37,404.50
1786962025.177,,0,,,,0.970,-3.160,True,0.439,-123.463,337.45,404.50
1786962025.327,,0,,,,0.750,-3.443,True,0.436,-123.639,336.77,404.51
1786962025.402,,0,,,,0.680,-3.533,True,0.434,-123.679,336.62,404.51
1786962025.477,,0,,,,0.660,-3.558,True,0.434,-123.781,336.22,404.52
1786962025.577,,0,,,,0.630,-3.597,True,0.434,-123.629,336.81,404.51
1786962025.652,,0,,,,0.690,-3.520,True,0.435,-123.708,336.51,404.52
1786962025.727,,0,,,,0.730,-3.468,True,0.435,-123.782,336.21,404.51
1786962025.802,,0,,,,0.710,-3.494,True,0.435,-123.905,335.73,404.51
1786962025.902,,0,,,,0.760,-3.430,True,0.436,-123.948,335.56,404.51
1786962025.952,,0,,,,0.780,-3.404,True,0.436,-124.070,335.08,404.51
1786962026.052,,0,,,,0.800,-3.378,True,0.436,-124.148,334.78,404.52
1786962026.102,,0,,,,0.850,-3.314,True,0.437,-124.148,334.78,404.52
1786962026.177,,0,,,,0.980,-3.147,True,0.439,-124.301,334.18,404.53
1786962026.252,,0,,,,1.030,-3.082,True,0.440,-124.449,333.59,404.54
1786962026.302,,0,,,,1.110,-2.979,True,0.442,-124.516,333.33,404.53
1786962026.427,,0,,,,1.130,-2.954,True,0.442,-124.710,332.55,404.54
1786962026.502,,0,,,,1.170,-2.902,True,0.443,-124.812,332.14,404.55
1786962026.577,,0,,,,1.220,-2.838,True,0.443,-124.929,331.67,404.54
1786962026.627,,0,,,,1.200,-2.864,True,0.443,-125.018,331.32,404.55
1786962026.677,,0,,,,1.210,-2.851,True,0.443,-125.128,330.87,404.56
1786962026.827,,0,,,,1.160,-2.915,True,0.442,-124.853,331.99,404.55
1786962026.902,,0,,,,1.120,-2.967,True,0.442,-124.810,332.16,404.55
1786962026.977,,0,,,,1.020,-3.095,True,0.440,-125.021,331.31,404.55
1786962027.052,,0,,,,0.940,-3.198,True,0.439,-125.021,331.31,404.56
1786962027.127,,0,,,,0.870,-3.288,True,0.438,-125.071,331.11,404.56
1786962027.202,,0,,,,0.770,-3.417,True,0.436,-125.091,331.03,404.57
1786962027.277,,0,,,,0.700,-3.507,True,0.435,-125.216,330.52,404.57
1786962027.352,,0,,,,0.700,-3.507,True,0.435,-125.183,330.66,404.57
1786962027.427,,0,,,,0.690,-3.520,True,0.435,-125.190,330.63,404.57
1786962027.477,,0,,,,0.690,-3.520,True,0.435,-125.219,330.52,404.57
1786962027.577,,0,,,,0.700,-3.507,True,0.435,-125.262,330.34,404.57
1786962027.677,,0,,,,0.680,-3.533,True,0.434,-125.333,330.05,404.58
1786962027.727,,0,,,,0.710,-3.494,True,0.435,-125.375,329.88,404.57
1786962027.827,,0,,,,0.740,-3.456,True,0.435,-125.432,329.65,404.58
1786962027.902,,0,,,,0.780,-3.404,True,0.436,-125.499,329.38,404.58
1786962027.952,,0,,,,0.950,-3.185,True,0.439,-125.671,328.67,404.58
1786962028.027,,0,,,,1.030,-3.082,True,0.440,-125.663,328.71,404.58
1786962028.127,,0,,,,1.250,-2.799,True,0.444,-125.769,328.27,404.59
1786962028.227,,0,,,,1.380,-2.632,True,0.446,-125.908,327.70,404.59
1786962028.277,,0,,,,1.380,-2.632,True,0.446,-125.973,327.43,404.60
1786962028.377,,0,,,,1.310,-2.722,True,0.445,-125.999,327.32,404.59
1786962028.452,,0,,,,1.280,-2.761,True,0.444,-126.052,327.11,404.60
1786962028.527,,0,,,,1.190,-2.877,True,0.443,-125.983,327.40,404.60
1786962028.652,,0,,,,1.190,-2.877,True,0.443,-125.914,327.69,404.60
1786962028.752,,0,,,,1.250,-2.799,True,0.444,-125.999,327.34,404.60
1786962028.827,,0,,,,1.330,-2.696,True,0.445,-126.168,326.64,404.61
1786962028.902,,0,,,,1.370,-2.645,True,0.446,-126.173,326.62,404.61
1786962028.977,,0,,,,1.340,-2.684,True,0.445,-126.349,325.88,404.61
1786962029.077,,0,,,,1.230,-2.825,True,0.444,-126.318,326.02,404.62
1786962029.152,,0,,,,1.070,-3.031,True,0.441,-126.273,326.20,404.61
1786962029.227,,0,,,,0.890,-3.263,True,0.438,-126.207,326.48,404.62
1786962029.302,,0,,,,0.770,-3.417,True,0.436,-126.151,326.71,404.62
1786962029.502,,0,,,,0.700,-3.507,True,0.435,-126.004,327.33,404.62
1786962029.577,,0,,,,0.770,-3.417,True,0.436,-126.241,326.34,404.62
1786962029.652,,0,,,,0.910,-3.237,True,0.438,-126.368,325.82,404.62
1786962029.702,,0,,,,0.940,-3.198,True,0.439,-126.434,325.53,404.62
1786962029.777,,0,,,,1.060,-3.044,True,0.441,-126.534,325.11,404.62
1786962029.902,,0,,,,1.170,-2.902,True,0.443,-126.517,325.19,404.63
1786962029.977,,0,,,,1.180,-2.889,True,0.443,-126.662,324.58,404.63
1786962030.052,,0,,,,1.170,-2.902,True,0.443,-126.717,324.36,404.63
1786962030.102,,0,,,,1.140,-2.941,True,0.442,-126.691,324.46,404.63
1786962030.152,,0,,,,1.150,-2.928,True,0.442,-126.782,324.08,404.63
1786962030.227,,0,,,,1.160,-2.915,True,0.442,-126.727,324.31,404.63
1786962030.352,,0,,,,1.320,-2.709,True,0.445,-126.908,323.54,404.63
1786962030.402,,0,,,,1.510,-2.465,True,0.448,-126.925,323.48,404.64
1786962030.477,,0,,,,1.640,-2.298,True,0.451,-126.990,323.20,404.64
1786962030.527,,0,,,,1.740,-2.169,True,0.452,-126.992,323.19,404.64
1786962030.602,,0,,,,1.860,-2.014,True,0.454,-127.047,322.96,404.65
1786962030.702,,0,,,,1.920,-1.937,True,0.455,-127.171,322.44,404.65
1786962030.827,,0,,,,1.750,-2.156,True,0.452,-127.232,322.19,404.66
1786962030.877,,0,,,,1.580,-2.375,True,0.450,-127.230,322.20,404.66
1786962031.002,,0,,,,1.190,-2.877,True,0.443,-127.195,322.35,404.66
1786962031.102,,0,,,,0.880,-3.275,True,0.438,-127.398,321.48,404.67
1786962031.202,,0,,,,0.710,-3.494,True,0.435,-127.227,322.21,404.67
1786962031.252,,0,,,,0.670,-3.546,True,0.434,-127.260,322.08,404.67
1786962031.402,,0,,,,0.800,-3.378,True,0.436,-127.637,320.45,404.67
1786962031.477,,0,,,,0.880,-3.275,True,0.438,-127.988,318.94,404.67
1786962031.577,,0,,,,1.000,-3.121,True,0.440,-128.166,318.16,404.67
1786962031.652,,0,,,,1.020,-3.095,True,0.440,-128.019,318.80,404.67
1786962031.727,,0,,,,0.950,-3.185,True,0.439,-128.214,317.95,404.67
1786962031.802,,0,,,,0.910,-3.237,True,0.438,-128.305,317.56,404.68
1786962031.902,,0,,,,0.750,-3.443,True,0.436,-128.238,317.86,404.68
1786962032.002,,0,,,,0.780,-3.404,True,0.436,-128.267,317.73,404.69
1786962032.077,,0,,,,0.900,-3.250,True,0.438,-128.501,316.71,404.69
1786962032.152,,0,,,,1.140,-2.941,True,0.442,-128.547,316.51,404.69
1786962032.227,,0,,,,1.350,-2.671,True,0.446,-128.736,315.68,404.70
1786962032.327,,0,,,,1.500,-2.478,True,0.448,-128.910,314.91,404.70
1786962032.427,,0,,,,1.480,-2.503,True,0.448,-128.874,315.08,404.71
1786962032.527,,0,,,,1.310,-2.722,True,0.445,-128.862,315.13,404.71
1786962032.602,,0,,,,1.170,-2.902,True,0.443,-128.617,316.22,404.72
1786962032.677,,0,,,,1.060,-3.044,True,0.441,-128.747,315.65,404.72
1786962032.727,,0,,,,0.980,-3.147,True,0.439,-128.853,315.18,404.72
1786962032.802,,0,,,,0.880,-3.275,True,0.438,-128.782,315.50,404.73
1786962032.902,,0,,,,0.850,-3.314,True,0.437,-128.777,315.52,404.73
1786962032.977,,0,,,,0.860,-3.301,True,0.437,-128.840,315.25,404.73
1786962033.052,,0,,,,0.740,-3.456,True,0.435,-128.771,315.56,404.74
1786962033.177,,0,,,,0.610,-3.623,True,0.433,-128.774,315.54,404.74
1786962033.252,,0,,,,0.380,-3.919,True,0.429,-128.661,316.05,404.74
1786962033.302,,0,,,,0.200,-4.150,True,0.426,-128.671,316.00,404.75
1786962033.427,,0,,,,-0.070,-4.498,True,0.422,-128.762,315.61,404.75
1786962033.502,,0,,,,-0.170,-4.626,True,0.420,-128.822,315.34,404.76
1786962033.552,,0,,,,-0.240,-4.717,True,0.419,-128.820,315.36,404.76
1786962033.652,,0,,,,-0.180,-4.639,True,0.420,-128.822,315.35,404.77
1786962033.752,,0,,,,0.040,-4.356,True,0.424,-128.696,315.91,404.77
1786962033.802,,0,,,,0.200,-4.150,True,0.426,-128.763,315.62,404.77
1786962033.877,,0,,,,0.440,-3.842,True,0.430,-128.835,315.30,404.78
1786962033.952,,0,,,,0.560,-3.687,True,0.432,-128.869,315.15,404.78
1786962034.027,,0,,,,0.570,-3.674,True,0.433,-128.983,314.65,404.78
1786962034.077,,0,,,,0.570,-3.674,True,0.433,-128.836,315.30,404.78
1786962034.152,,0,,,,0.470,-3.803,True,0.431,-128.882,315.10,404.79
1786962034.227,,0,,,,0.380,-3.919,True,0.429,-129.053,314.35,404.79
1786962034.376,,0,,,,0.250,-4.086,True,0.427,-129.175,313.81,404.80
1786962034.451,,0,,,,0.200,-4.150,True,0.426,-129.155,313.90,404.81
1786962034.527,,0,,,,0.170,-4.189,True,0.426,-129.087,314.21,404.81
1786962034.601,,0,,,,0.150,-4.215,True,0.426,-129.009,314.56,404.81
1786962034.701,,0,,,,0.180,-4.176,True,0.426,-128.909,315.00,404.82
1786962034.751,,0,,,,0.260,-4.073,True,0.427,-128.935,314.89,404.82
1786962034.827,,0,,,,0.330,-3.983,True,0.429,-128.865,315.20,404.82
1786962034.877,,0,,,,0.400,-3.893,True,0.430,-128.917,314.98,404.82
1786962034.951,,0,,,,0.480,-3.790,True,0.431,-128.952,314.82,404.83
1786962035.027,,0,,,,0.470,-3.803,True,0.431,-128.900,315.06,404.83
1786962035.101,,0,,,,0.410,-3.880,True,0.430,-128.870,315.20,404.84
1786962035.176,,0,,,,0.250,-4.086,True,0.427,-128.839,315.34,404.84
1786962035.301,,0,,,,0.020,-4.382,True,0.424,-128.731,315.82,404.85
1786962035.426,,0,,,,0.000,-4.408,True,0.423,-128.615,316.33,404.85
1786962035.501,,0,,,,0.080,-4.305,True,0.425,-128.462,317.01,404.85
1786962035.576,,0,,,,0.290,-4.035,True,0.428,-128.506,316.81,404.85
1786962035.651,,0,,,,0.530,-3.726,True,0.432,-128.366,317.43,404.85
1786962035.726,,0,,,,0.760,-3.430,True,0.436,-128.347,317.51,404.85
1786962035.801,,0,,,,0.810,-3.365,True,0.437,-128.523,316.75,404.86
1786962035.852,,0,,,,0.790,-3.391,True,0.436,-128.485,316.92,404.86
1786962035.952,,0,,,,0.670,-3.546,True,0.434,-128.615,316.35,404.87
1786962036.001,,0,,,,0.520,-3.739,True,0.432,-128.693,316.01,404.88
1786962036.051,,0,,,,0.340,-3.970,True,0.429,-128.672,316.10,404.88
1786962036.151,,0,,,,0.200,-4.150,True,0.426,-128.656,316.18,404.88
1786962036.251,,0,,,,0.190,-4.163,True,0.426,-128.537,316.71,404.89
1786962036.351,,0,,,,0.310,-4.009,True,0.428,-128.469,317.01,404.89
1786962036.426,,0,,,,0.520,-3.739,True,0.432,-128.431,317.18,404.89
1786962036.526,,0,,,,0.750,-3.443,True,0.436,-128.429,317.19,404.90
1786962036.601,,0,,,,0.870,-3.288,True,0.438,-128.351,317.53,404.90
1786962036.651,,0,,,,0.960,-3.172,True,0.439,-128.429,317.19,404.90
1786962036.751,,0,,,,0.960,-3.172,True,0.439,-128.531,316.74,404.90
1786962036.826,,0,,,,0.750,-3.443,True,0.436,-128.489,316.93,404.91
1786962036.901,,0,,,,0.580,-3.661,True,0.433,-128.486,316.95,404.91
1786962036.976,,0,,,,0.420,-3.867,True,0.430,-128.503,316.88,404.92
1786962037.051,,0,,,,0.170,-4.189,True,0.426,-128.378,317.43,404.92
1786962037.126,,0,,,,0.060,-4.331,True,0.424,-128.318,317.70,404.93
1786962037.201,,0,,,,0.030,-4.369,True,0.424,-128.223,318.11,404.93
1786962037.251,,0,,,,0.050,-4.343,True,0.424,-128.197,318.23,404.93
1786962037.376,,0,,,,0.310,-4.009,True,0.428,-128.062,318.82,404.93
1786962037.476,,0,,,,0.510,-3.752,True,0.432,-128.005,319.07,404.93
1786962037.551,,0,,,,0.750,-3.443,True,0.436,-128.051,318.87,404.94
1786962037.651,,0,,,,0.810,-3.365,True,0.437,-128.108,318.63,404.94
1786962037.726,,0,,,,0.780,-3.404,True,0.436,-128.163,318.39,404.94
1786962037.776,,0,,,,0.690,-3.520,True,0.435,-128.121,318.58,404.95
1786962037.851,,0,,,,0.490,-3.777,True,0.431,-128.157,318.42,404.95
1786962037.926,,0,,,,0.350,-3.957,True,0.429,-128.208,318.20,404.95
1786962038.001,,0,,,,0.170,-4.189,True,0.426,-128.206,318.21,404.96
1786962038.076,,0,,,,0.090,-4.292,True,0.425,-128.220,318.15,404.96
1786962038.151,,0,,,,0.110,-4.266,True,0.425,-128.144,318.49,404.97
1786962038.226,,0,,,,0.210,-4.138,True,0.427,-128.012,319.07,404.97
1786962038.276,,0,,,,0.300,-4.022,True,0.428,-128.023,319.02,404.97
1786962038.326,,0,,,,0.390,-3.906,True,0.430,-127.971,319.25,404.97
1786962038.376,,0,,,,0.510,-3.752,True,0.432,-127.971,319.25,404.97
1786962038.451,,0,,,,0.600,-3.636,True,0.433,-127.945,319.36,404.98
1786962038.551,,0,,,,0.730,-3.468,True,0.435,-127.963,319.29,404.98
1786962038.626,,0,,,,0.800,-3.378,True,0.436,-128.004,319.12,404.99
1786962038.726,,0,,,,0.780,-3.404,True,0.436,-128.060,318.88,404.99
1786962038.801,,0,,,,0.670,-3.546,True,0.434,-128.097,318.72,405.00
1786962038.876,,0,,,,0.570,-3.674,True,0.433,-128.025,319.04,405.00
1786962038.951,,0,,,,0.440,-3.842,True,0.430,-127.915,319.52,405.01
1786962039.026,,0,,,,0.360,-3.945,True,0.429,-127.807,319.99,405.00
1786962039.076,,0,,,,0.300,-4.022,True,0.428,-127.737,320.29,405.00
1786962039.151,,0,,,,0.270,-4.060,True,0.428,-127.560,321.05,405.01
1786962039.251,,0,,,,0.370,-3.932,True,0.429,-127.430,321.61,405.00
1786962039.376,,0,,,,0.460,-3.816,True,0.431,-127.375,321.86,405.01
1786962039.451,,0,,,,0.540,-3.713,True,0.432,-127.393,321.78,405.01
1786962039.576,,0,,,,0.600,-3.636,True,0.433,-127.378,321.85,405.02
1786962039.701,,0,,,,0.540,-3.713,True,0.432,-127.456,321.52,405.03
1786962039.776,,0,,,,0.520,-3.739,True,0.432,-127.430,321.64,405.04
1786962039.851,,0,,,,0.560,-3.687,True,0.432,-127.374,321.88,405.04
1786962039.901,,0,,,,0.570,-3.674,True,0.433,-127.300,322.20,405.04
1786962039.976,,0,,,,0.620,-3.610,True,0.433,-127.241,322.45,405.04
1786962040.051,,0,,,,0.780,-3.404,True,0.436,-127.116,322.98,405.04
1786962040.151,,0,,,,0.940,-3.198,True,0.439,-127.009,323.44,405.04
1786962040.251,,0,,,,1.120,-2.967,True,0.442,-126.988,323.53,405.04
1786962040.351,,0,,,,1.210,-2.851,True,0.443,-126.824,324.23,405.05
1786962040.451,,0,,,,1.250,-2.799,True,0.444,-126.769,324.47,405.05
1786962043.526,,0,,,,0.500,-3.764,True,0.431,-124.072,335.58,405.12
1786962043.726,,0,,,,0.810,-3.365,True,0.437,-124.160,335.23,405.13
1786962043.851,,0,,,,0.720,-3.481,True,0.435,-124.229,334.96,405.13
1786962043.951,,0,,,,0.600,-3.636,True,0.433,-124.280,334.77,405.15
1786962044.001,,0,,,,0.440,-3.842,True,0.430,-124.277,334.79,405.15
1786962044.101,,0,,,,0.230,-4.112,True,0.427,-124.220,335.02,405.15
1786962044.151,,0,,,,0.090,-4.292,True,0.425,-124.158,335.26,405.16
1786962044.251,,0,,,,0.000,-4.408,True,0.423,-123.989,335.93,405.15
1786962044.326,,0,,,,0.010,-4.395,True,0.423,-123.854,336.47,405.16
1786962044.426,,0,,,,0.170,-4.189,True,0.426,-123.748,336.88,405.15
1786962044.501,,0,,,,0.330,-3.983,True,0.429,-123.726,336.97,405.16
1786962044.576,,0,,,,0.490,-3.777,True,0.431,-123.710,337.04,405.16
1786962044.651,,0,,,,0.500,-3.764,True,0.431,-123.810,336.65,405.16
1786962044.751,,0,,,,0.400,-3.893,True,0.430,-123.826,336.59,405.17
1786962044.826,,0,,,,0.230,-4.112,True,0.427,-123.777,336.78,405.17
1786962044.951,,0,,,,-0.010,-4.421,True,0.423,-123.713,337.04,405.17
1786962045.026,,0,,,,-0.240,-4.717,True,0.419,-123.556,337.65,405.17
1786962045.101,,0,,,,-0.370,-4.884,True,0.417,-123.379,338.34,405.18
1786962045.151,,0,,,,-0.440,-4.974,True,0.416,-123.305,338.63,405.18
1786962045.226,,0,,,,-0.510,-5.064,True,0.415,-123.161,339.19,405.18
1786962045.301,,0,,,,-0.470,-5.012,True,0.416,-123.137,339.28,405.17
1786962045.376,,0,,,,-0.420,-4.948,True,0.416,-123.063,339.57,405.18
1786962045.451,,0,,,,-0.250,-4.729,True,0.419,-123.041,339.65,405.17
1786962045.526,,0,,,,-0.210,-4.678,True,0.420,-122.986,339.86,405.18
1786962045.601,,0,,,,-0.070,-4.498,True,0.422,-122.964,339.95,405.18
1786962045.676,,0,,,,-0.060,-4.485,True,0.422,-122.924,340.10,405.18
1786962045.751,,0,,,,-0.050,-4.472,True,0.422,-123.048,339.63,405.19
1786962045.851,,0,,,,-0.080,-4.511,True,0.422,-123.103,339.42,405.18
1786962045.926,,0,,,,-0.160,-4.614,True,0.421,-123.086,339.49,405.19
1786962046.001,,0,,,,-0.180,-4.639,True,0.420,-123.005,339.81,405.19
1786962046.101,,0,,,,-0.210,-4.678,True,0.420,-123.021,339.75,405.20
1786962046.176,,0,,,,-0.210,-4.678,True,0.420,-123.026,339.73,405.20
1786962046.251,,0,,,,-0.170,-4.626,True,0.420,-123.015,339.77,405.20
1786962046.351,,0,,,,-0.090,-4.524,True,0.422,-123.015,339.78,405.21
1786962046.451,,0,,,,0.040,-4.356,True,0.424,-122.934,340.09,405.20
1786962046.526,,0,,,,0.140,-4.228,True,0.426,-122.920,340.15,405.21
1786962046.601,,0,,,,0.120,-4.253,True,0.425,-122.899,340.22,405.21
1786962046.651,,0,,,,0.070,-4.318,True,0.424,-122.728,340.88,405.20
1786962046.751,,0,,,,0.010,-4.395,True,0.423,-122.598,341.38,405.21
1786962046.826,,0,,,,-0.180,-4.639,True,0.420,-122.638,341.22,405.20
1786962046.876,,0,,,,-0.270,-4.755,True,0.419,-122.473,341.85,405.20
1786962046.976,,0,,,,-0.440,-4.974,True,0.416,-122.313,342.46,405.21
1786962047.051,,0,,,,-0.630,-5.218,True,0.413,-122.231,342.76,405.21
1786962047.101,,0,,,,-0.630,-5.218,True,0.413,-122.143,343.10,405.21
1786962047.201,,0,,,,-0.620,-5.205,True,0.413,-122.127,343.16,405.21
1786962047.276,,0,,,,-0.530,-5.090,True,0.415,-121.986,343.69,405.21
1786962047.376,,0,,,,-0.420,-4.948,True,0.416,-121.877,344.11,405.22
1786962047.451,,0,,,,-0.250,-4.729,True,0.419,-121.851,344.20,405.21
1786962047.526,,0,,,,-0.120,-4.562,True,0.421,-121.967,343.77,405.22
1786962047.651,,0,,,,0.020,-4.382,True,0.424,-121.987,343.69,405.21
1786962047.751,,0,,,,0.070,-4.318,True,0.424,-121.920,343.95,405.22
1786962047.801,,0,,,,0.060,-4.331,True,0.424,-121.860,344.17,405.22
1786962047.876,,0,,,,0.040,-4.356,True,0.424,-121.643,344.97,405.21
1786962047.951,,0,,,,-0.020,-4.433,True,0.423,-121.591,345.17,405.22
1786962048.051,,0,,,,-0.010,-4.421,True,0.423,-121.510,345.47,405.22
1786962048.126,,0,,,,0.000,-4.408,True,0.423,-121.444,345.71,405.22
1786962048.176,,0,,,,0.060,-4.331,True,0.424,-121.346,346.08,405.23
1786962048.251,,0,,,,0.170,-4.189,True,0.426,-121.163,346.75,405.22
1786962048.301,,0,,,,0.270,-4.060,True,0.428,-121.049,347.16,405.22
1786962048.426,,0,,,,0.520,-3.739,True,0.432,-120.818,348.00,405.22
1786962048.501,,0,,,,0.540,-3.713,True,0.432,-120.797,348.08,405.22
1786962048.626,,0,,,,0.430,-3.854,True,0.430,-120.703,348.42,405.22
1786962048.676,,0,,,,0.350,-3.957,True,0.429,-120.594,348.81,405.22
1786962048.751,,0,,,,0.220,-4.125,True,0.427,-120.520,349.08,405.22
1786962048.826,,0,,,,0.120,-4.253,True,0.425,-120.416,349.45,405.22
1786962048.876,,0,,,,0.040,-4.356,True,0.424,-120.324,349.78,405.22
1786962049.026,,0,,,,0.140,-4.228,True,0.426,-119.986,350.98,405.22
1786962049.126,,0,,,,0.270,-4.060,True,0.428,-119.732,351.87,405.22
1786962049.201,,0,,,,0.300,-4.022,True,0.428,-119.627,352.24,405.21
1786962049.301,,0,,,,0.400,-3.893,True,0.430,-119.492,352.71,405.21
1786962049.376,,0,,,,0.420,-3.867,True,0.430,-119.399,353.03,405.22
1786962049.476,,0,,,,0.430,-3.854,True,0.430,-119.391,353.06,405.21
1786962049.526,,0,,,,0.490,-3.777,True,0.431,-119.310,353.34,405.22
1786962049.626,,0,,,,0.630,-3.597,True,0.434,-119.261,353.51,405.21
1786962049.726,,0,,,,0.810,-3.365,True,0.437,-119.171,353.83,405.22
1786962049.826,,0,,,,1.010,-3.108,True,0.440,-119.038,354.28,405.22
1786962049.901,,0,,,,1.070,-3.031,True,0.441,-118.906,354.74,405.22
1786962050.001,,0,,,,1.050,-3.057,True,0.441,-118.825,355.01,405.22
1786962050.076,,0,,,,0.980,-3.147,True,0.439,-118.677,355.52,405.22
1786962050.176,,0,,,,0.790,-3.391,True,0.436,-118.589,355.82,405.23
1786962050.251,,0,,,,0.670,-3.546,True,0.434,-118.455,356.27,405.22
1786962050.351,,0,,,,0.520,-3.739,True,0.432,-118.269,356.90,405.23
1786962050.401,,0,,,,0.450,-3.829,True,0.431,-118.119,357.40,405.23
1786962050.476,,0,,,,0.450,-3.829,True,0.431,-118.032,357.68,405.22
1786962050.551,,0,,,,0.460,-3.816,True,0.431,-117.824,358.38,405.23
1786962050.651,,0,,,,0.440,-3.842,True,0.430,-117.702,358.77,405.22
1786962050.751,,0,,,,0.310,-4.009,True,0.428,-117.573,359.20,405.22
1786962050.876,,0,,,,0.110,-4.266,True,0.425,-117.412,359.72,405.21
1786962051.001,,0,,,,0.060,-4.331,True,0.424,-117.245,360.26,405.22
1786962051.126,,0,,,,0.160,-4.202,True,0.426,-117.179,360.48,405.22
1786962051.226,,0,,,,0.290,-4.035,True,0.428,-117.023,360.98,405.22
1786962051.326,,0,,,,0.370,-3.932,True,0.429,-116.929,361.28,405.22
1786962051.401,,0,,,,0.390,-3.906,True,0.430,-116.732,361.91,405.22
1786962051.476,,0,,,,0.460,-3.816,True,0.431,-116.632,362.22,405.21
1786962051.626,,0,,,,0.570,-3.674,True,0.433,-116.450,362.79,405.21
1786962051.776,,0,,,,0.700,-3.507,True,0.435,-116.256,363.40,405.21
1786962051.851,,0,,,,0.720,-3.481,True,0.435,-116.131,363.79,405.20
1786962051.926,,0,,,,0.730,-3.468,True,0.435,-116.066,363.99,405.20
1786962052.176,,0,,,,0.390,-3.906,True,0.430,-115.870,364.59,405.20
1786962052.251,,0,,,,0.340,-3.970,True,0.429,-115.727,365.03,405.20
1786962052.326,,0,,,,0.340,-3.970,True,0.429,-114.895,367.55,405.20
1786962052.451,,0,,,,0.480,-3.790,True,0.431,-114.233,369.49,405.19
1786962052.526,,0,,,,0.600,-3.636,True,0.433,-113.814,370.70,405.19
1786962052.601,,0,,,,0.680,-3.533,True,0.434,-113.684,371.06,405.19
1786962052.676,,0,,,,0.670,-3.546,True,0.434,-113.412,371.83,405.19
1786962052.726,,0,,,,0.560,-3.687,True,0.432,-113.281,372.20,405.19
1786962052.851,,0,,,,0.360,-3.945,True,0.429,-113.207,372.40,405.19
1786962052.901,,0,,,,0.220,-4.125,True,0.427,-112.904,373.24,405.18
1786962052.976,,0,,,,0.060,-4.331,True,0.424,-112.706,373.78,405.18
1786962053.051,,0,,,,0.010,-4.395,True,0.423,-112.327,374.80,405.18
1786962053.126,,0,,,,0.050,-4.343,True,0.424,-112.042,375.56,405.17
1786962053.226,,0,,,,0.140,-4.228,True,0.426,-111.842,376.08,405.17
1786962053.301,,0,,,,0.280,-4.047,True,0.428,-111.711,376.42,405.16
1786962053.401,,0,,,,0.480,-3.790,True,0.431,-111.567,376.79,405.16
1786962053.501,,0,,,,0.670,-3.546,True,0.434,-111.462,377.07,405.16
1786962053.601,,0,,,,0.750,-3.443,True,0.436,-111.342,377.38,405.16
1786962053.701,,0,,,,0.730,-3.468,True,0.435,-111.239,377.65,405.16
1786962053.751,,0,,,,0.680,-3.533,True,0.434,-111.012,378.22,405.17
1786962053.826,,0,,,,0.630,-3.597,True,0.434,-110.617,379.21,405.16
1786962053.876,,0,,,,0.620,-3.610,True,0.433,-110.298,380.00,405.16
1786962053.951,,0,,,,0.590,-3.649,True,0.433,-110.051,380.60,405.16
1786962054.026,,0,,,,0.650,-3.571,True,0.434,-109.799,381.20,405.16
1786962054.076,,0,,,,0.680,-3.533,True,0.434,-109.693,381.45,405.15
1786962054.151,,0,,,,0.760,-3.430,True,0.436,-109.553,381.78,405.15
1786962054.226,,0,,,,0.760,-3.430,True,0.436,-109.282,382.41,405.14
1786962054.301,,0,,,,0.770,-3.417,True,0.436,-109.151,382.71,405.14
1786962054.376,,0,,,,0.790,-3.391,True,0.436,-108.917,383.25,405.14
1786962054.451,,0,,,,0.750,-3.443,True,0.436,-108.708,383.72,405.13
1786962054.551,,0,,,,0.720,-3.481,True,0.435,-108.424,384.36,405.13
1786962054.601,,0,,,,0.660,-3.558,True,0.434,-108.152,384.96,405.13
1786962054.701,,0,,,,0.590,-3.649,True,0.433,-108.066,385.15,405.13
1786962054.776,,0,,,,0.530,-3.726,True,0.432,-107.923,385.47,405.13
1786962054.876,,0,,,,0.450,-3.829,True,0.431,-107.689,385.97,405.12
1786962054.951,,0,,,,0.500,-3.764,True,0.431,-107.406,386.57,405.12
1786962055.051,,0,,,,0.590,-3.649,True,0.433,-107.184,387.03,405.11
1786962055.126,,0,,,,0.720,-3.481,True,0.435,-106.943,387.53,405.11
1786962055.226,,0,,,,0.840,-3.327,True,0.437,-106.723,387.97,405.10
1786962055.326,,0,,,,0.920,-3.224,True,0.438,-106.505,388.41,405.10
1786962055.426,,0,,,,0.980,-3.147,True,0.439,-106.229,388.96,405.10
1786962055.501,,0,,,,1.020,-3.095,True,0.440,-105.941,389.52,405.10
1786962055.601,,0,,,,0.950,-3.185,True,0.439,-105.652,390.07,405.09
1786962055.651,,0,,,,0.940,-3.198,True,0.439,-105.343,390.65,405.09
1786962055.726,,0,,,,0.860,-3.301,True,0.437,-105.138,391.04,405.09
1786962055.826,,0,,,,0.800,-3.378,True,0.436,-104.918,391.43,405.09
1786962055.926,,0,,,,0.780,-3.404,True,0.436,-104.680,391.86,405.09
1786962055.976,,0,,,,0.760,-3.430,True,0.436,-104.495,392.19,405.08
1786962056.076,,0,,,,0.800,-3.378,True,0.436,-104.382,392.39,405.08
1786962056.151,,0,,,,1.020,-3.095,True,0.440,-104.205,392.70,405.08
1786962056.226,,0,,,,1.130,-2.954,True,0.442,-104.087,392.90,405.08
1786962056.351,,0,,,,1.260,-2.786,True,0.444,-104.031,392.99,405.08
1786962056.401,,0,,,,1.230,-2.825,True,0.444,-103.899,393.21,405.07
1786962056.451,,0,,,,1.130,-2.954,True,0.442,-103.598,393.72,405.07
1786962056.551,,0,,,,0.830,-3.340,True,0.437,-103.268,394.26,405.07
1786962056.626,,0,,,,0.670,-3.546,True,0.434,-103.070,394.57,405.06
1786962056.726,,0,,,,0.460,-3.816,True,0.431,-102.637,395.25,405.06
1786962056.801,,0,,,,0.400,-3.893,True,0.430,-102.248,395.83,405.05
1786962056.876,,0,,,,0.410,-3.880,True,0.430,-102.082,396.08,405.05
1786962056.951,,0,,,,0.510,-3.752,True,0.432,-101.816,396.46,405.04
1786962057.051,,0,,,,0.630,-3.597,True,0.434,-101.627,396.73,405.04
1786962057.076,,0,,,,0.760,-3.430,True,0.436,-101.571,396.80,405.04
1786962057.176,,0,,,,0.970,-3.160,True,0.439,-101.464,396.95,405.03
1786962057.276,,0,,,,1.140,-2.941,True,0.442,-101.320,397.15,405.03
1786962057.351,,0,,,,1.220,-2.838,True,0.443,-101.273,397.22,405.03
1786962057.426,,0,,,,1.220,-2.838,True,0.443,-101.189,397.33,405.03
1786962057.526,,0,,,,1.180,-2.889,True,0.443,-101.038,397.54,405.03
1786962057.576,,0,,,,1.170,-2.902,True,0.443,-100.855,397.79,405.03
1786962057.651,,0,,,,1.150,-2.928,True,0.442,-100.660,398.04,405.03
1786962057.726,,0,,,,1.120,-2.967,True,0.442,-100.252,398.56,405.03
1786962057.801,,0,,,,1.130,-2.954,True,0.442,-100.089,398.76,405.02
1786962057.926,,0,,,,1.190,-2.877,True,0.443,-99.457,399.51,405.02
1786962057.976,,0,,,,1.210,-2.851,True,0.443,-99.432,399.54,405.02
1786962058.051,,0,,,,1.190,-2.877,True,0.443,-99.186,399.82,405.01
1786962058.126,,0,,,,1.120,-2.967,True,0.442,-99.069,399.95,405.01
1786962058.201,,0,,,,0.990,-3.134,True,0.440,-98.918,400.11,405.01
1786962058.251,,0,,,,0.840,-3.327,True,0.437,-98.755,400.28,405.00
1786962058.351,,0,,,,0.620,-3.610,True,0.433,-98.632,400.42,405.01
1786962058.451,,0,,,,0.380,-3.919,True,0.429,-98.050,401.01,405.00
1786962058.526,,0,,,,0.280,-4.047,True,0.428,-97.695,401.36,405.00
1786962058.626,,0,,,,0.280,-4.047,True,0.428,-97.625,401.42,405.00
1786962058.701,,0,,,,0.300,-4.022,True,0.428,-97.537,401.49,404.99
1786962058.776,,0,,,,0.340,-3.970,True,0.429,-97.414,401.61,404.99
1786962058.851,,0,,,,0.280,-4.047,True,0.428,-97.221,401.77,404.98
1786962058.926,,0,,,,0.320,-3.996,True,0.428,-97.030,401.94,404.98
1786962058.976,,0,,,,0.340,-3.970,True,0.429,-96.923,402.03,404.98
1786962059.051,,0,,,,0.390,-3.906,True,0.430,-96.737,402.18,404.98
1786962059.151,,0,,,,0.530,-3.726,True,0.432,-96.608,402.28,404.98
1786962059.226,,0,,,,0.670,-3.546,True,0.434,-96.484,402.38,404.97
1786962059.326,,0,,,,0.770,-3.417,True,0.436,-96.430,402.43,404.98
1786962059.401,,0,,,,0.830,-3.340,True,0.437,-96.312,402.52,404.98
1786962059.526,,0,,,,0.660,-3.558,True,0.434,-96.222,402.59,404.98
1786962059.601,,0,,,,0.480,-3.790,True,0.431,-96.188,402.62,404.98
1786962059.676,,0,,,,0.400,-3.893,True,0.430,-95.817,402.89,404.97
1786962059.751,,0,,,,0.380,-3.919,True,0.429,-95.577,403.05,404.97
1786962059.851,,0,,,,0.550,-3.700,True,0.432,-95.261,403.26,404.97
1786962059.901,,0,,,,0.660,-3.558,True,0.434,-95.045,403.39,404.96
1786962059.976,,0,,,,0.900,-3.250,True,0.438,-94.942,403.46,404.96
1786962060.051,,0,,,,1.100,-2.992,True,0.441,-94.606,403.65,404.96
1786962060.176,,0,,,,1.100,-2.992,True,0.441,-94.502,403.71,404.95
1786962060.251,,0,,,,0.880,-3.275,True,0.438,-94.493,403.71,404.95
1786962060.326,,0,,,,0.670,-3.546,True,0.434,-94.288,403.82,404.95
1786962060.376,,0,,,,0.220,-4.125,True,0.427,-94.358,403.78,404.95
1786962060.451,,0,,,,0.000,-4.408,True,0.423,-94.045,403.94,404.95
1786962060.551,,0,,,,-0.200,-4.665,True,0.420,-93.702,404.10,404.95
1786962060.676,,0,,,,0.000,-4.408,True,0.423,-93.130,404.34,404.94
1786962060.751,,0,,,,0.330,-3.983,True,0.429,-92.823,404.45,404.94
1786962060.851,,0,,,,0.730,-3.468,True,0.435,-92.808,404.45,404.94
1786962060.951,,0,,,,1.100,-2.992,True,0.441,-91.846,404.72,404.94
1786962061.026,,0,,,,1.210,-2.851,True,0.443,-92.469,404.56,404.94
1786962061.101,,0,,,,1.110,-2.979,True,0.442,-92.850,404.44,404.94
1786962061.151,,0,,,,0.930,-3.211,True,0.439,-92.824,404.45,404.94
1786962061.226,,0,,,,0.490,-3.777,True,0.431,-92.652,404.51,404.94
1786962061.301,,0,,,,0.120,-4.253,True,0.425,-92.293,404.62,404.94
1786962061.376,,0,,,,-0.090,-4.524,True,0.422,-92.200,404.64,404.94
1786962061.476,,0,,,,-0.070,-4.498,True,0.422,-91.827,404.73,404.94
1786962061.576,,0,,,,0.130,-4.240,True,0.425,-91.550,404.79,404.93
1786962061.651,,0,,,,0.430,-3.854,True,0.430,-91.421,404.81,404.93
1786962061.701,,0,,,,0.640,-3.584,True,0.434,-91.335,404.82,404.93
1786962061.776,,0,,,,0.790,-3.391,True,0.436,-91.225,404.84,404.93
1786962061.876,,0,,,,0.910,-3.237,True,0.438,-91.213,404.84,404.94
1786962061.951,,0,,,,0.860,-3.301,True,0.437,-91.313,404.83,404.94
1786962062.026,,0,,,,0.670,-3.546,True,0.434,-91.180,404.85,404.94
1786962062.101,,0,,,,0.310,-4.009,True,0.428,-90.934,404.88,404.94
1786962062.226,,0,,,,0.050,-4.343,True,0.424,-90.621,404.91,404.94
1786962062.301,,0,,,,-0.080,-4.511,True,0.422,-90.160,404.93,404.93
1786962062.426,,0,,,,-0.160,-4.614,True,0.421,-89.955,404.93,404.93
1786962062.526,,0,,,,-0.130,-4.575,True,0.421,-89.881,404.92,404.92
1786962062.626,,0,,,,-0.060,-4.485,True,0.422,-89.648,404.92,404.92
1786962062.726,,0,,,,0.000,-4.408,True,0.423,-89.514,404.91,404.92
1786962062.776,,0,,,,0.030,-4.369,True,0.424,-89.401,404.90,404.92
1786962062.876,,0,,,,0.010,-4.395,True,0.423,-89.307,404.89,404.92
1786962062.951,,0,,,,0.030,-4.369,True,0.424,-89.259,404.89,404.92
1786962063.001,,0,,,,0.000,-4.408,True,0.423,-89.162,404.88,404.92
1786962063.076,,0,,,,0.000,-4.408,True,0.423,-89.188,404.88,404.92
1786962063.176,,0,,,,-0.030,-4.446,True,0.423,-89.115,404.87,404.92
1786962063.251,,0,,,,0.000,-4.408,True,0.423,-88.986,404.86,404.93
1786962063.351,,0,,,,0.000,-4.408,True,0.423,-88.776,404.83,404.92
1786962063.401,,0,,,,0.000,-4.408,True,0.423,-88.707,404.82,404.92
1786962063.501,,0,,,,0.060,-4.331,True,0.424,-88.442,404.77,404.92
1786962063.576,,0,,,,0.080,-4.305,True,0.425,-88.387,404.76,404.92
1786962063.651,,0,,,,0.110,-4.266,True,0.425,-88.403,404.77,404.92
1786962063.726,,0,,,,0.090,-4.292,True,0.425,-88.355,404.76,404.92
1786962063.801,,0,,,,0.070,-4.318,True,0.424,-88.389,404.77,404.93
1786962063.876,,0,,,,0.030,-4.369,True,0.424,-88.251,404.74,404.93
1786962063.951,,0,,,,-0.020,-4.433,True,0.423,-88.119,404.71,404.93
1786962064.051,,0,,,,-0.150,-4.601,True,0.421,-87.874,404.65,404.93
1786962064.126,,0,,,,-0.270,-4.755,True,0.419,-87.852,404.65,404.93
1786962064.201,,0,,,,-0.410,-4.935,True,0.417,-87.560,404.56,404.93
1786962064.326,,0,,,,-0.640,-5.231,True,0.413,-87.429,404.52,404.93
1786962064.401,,0,,,,-0.700,-5.308,True,0.412,-87.067,404.40,404.93
1786962064.476,,0,,,,-0.730,-5.347,True,0.412,-86.943,404.36,404.93
1786962064.526,,0,,,,-0.730,-5.347,True,0.412,-86.816,404.31,404.93
1786962064.626,,0,,,,-0.710,-5.321,True,0.412,-86.787,404.30,404.93
1786962064.726,,0,,,,-0.650,-5.244,True,0.413,-86.836,404.32,404.93
1786962064.801,,0,,,,-0.640,-5.231,True,0.413,-86.892,404.34,404.94
1786962064.876,,0,,,,-0.610,-5.193,True,0.413,-86.836,404.32,404.94
1786962064.951,,0,,,,-0.590,-5.167,True,0.414,-86.806,404.31,404.93
1786962065.026,,0,,,,-0.610,-5.193,True,0.413,-86.819,404.31,404.94
1786962065.076,,0,,,,-0.650,-5.244,True,0.413,-86.759,404.29,404.94
1786962065.151,,0,,,,-0.640,-5.231,True,0.413,-86.724,404.27,404.93
1786962065.251,,0,,,,-0.570,-5.141,True,0.414,-86.628,404.23,404.94
1786962065.301,,0,,,,-0.470,-5.012,True,0.416,-86.421,404.14,404.93
1786962065.426,,0,,,,-0.170,-4.626,True,0.420,-86.342,404.11,404.94
1786962065.501,,0,,,,0.000,-4.408,True,0.423,-86.302,404.09,404.94
1786962065.601,,0,,,,0.190,-4.163,True,0.426,-86.120,404.01,404.93
1786962065.651,,0,,,,0.230,-4.112,True,0.427,-86.020,403.96,404.94
1786962065.726,,0,,,,0.230,-4.112,True,0.427,-86.069,403.98,404.94
1786962065.826,,0,,,,0.070,-4.318,True,0.424,-85.951,403.93,404.94
1786962065.901,,0,,,,-0.010,-4.421,True,0.423,-85.650,403.77,404.93
1786962065.951,,0,,,,-0.120,-4.562,True,0.421,-85.491,403.68,404.93
1786962066.026,,0,,,,-0.160,-4.614,True,0.421,-85.260,403.55,404.93
1786962066.126,,0,,,,-0.070,-4.498,True,0.422,-85.015,403.40,404.93
1786962066.201,,0,,,,0.030,-4.369,True,0.424,-85.154,403.49,404.93
1786962066.301,,0,,,,0.110,-4.266,True,0.425,-85.239,403.54,404.93
1786962066.376,,0,,,,0.150,-4.215,True,0.426,-85.202,403.51,404.93
1786962066.501,,0,,,,0.080,-4.305,True,0.425,-85.212,403.52,404.94
1786962066.551,,0,,,,0.040,-4.356,True,0.424,-85.098,403.46,404.94
1786962066.626,,0,,,,-0.040,-4.459,True,0.423,-84.936,403.36,404.94
1786962066.726,,0,,,,-0.110,-4.549,True,0.421,-84.821,403.28,404.94
1786962066.801,,0,,,,-0.110,-4.549,True,0.421,-84.674,403.19,404.94
1786962066.901,,0,,,,0.010,-4.395,True,0.423,-84.469,403.05,404.94
1786962066.976,,0,,,,0.140,-4.228,True,0.426,-84.427,403.02,404.94
1786962067.101,,0,,,,0.350,-3.957,True,0.429,-84.440,403.03,404.94
1786962067.176,,0,,,,0.420,-3.867,True,0.430,-84.313,402.94,404.94
1786962067.251,,0,,,,0.490,-3.777,True,0.431,-84.287,402.93,404.94
1786962067.351,,0,,,,0.500,-3.764,True,0.431,-84.178,402.85,404.94
1786962067.476,,0,,,,0.550,-3.700,True,0.432,-84.083,402.79,404.94
1786962067.551,,0,,,,0.550,-3.700,True,0.432,-84.073,402.77,404.94
1786962067.626,,0,,,,0.580,-3.661,True,0.433,-83.835,402.60,404.94
1786962067.701,,0,,,,0.580,-3.661,True,0.433,-83.810,402.58,404.94
1786962067.776,,0,,,,0.520,-3.739,True,0.432,-83.783,402.56,404.94
1786962067.851,,0,,,,0.410,-3.880,True,0.430,-83.748,402.54,404.95
1786962067.926,,0,,,,0.370,-3.932,True,0.429,-83.645,402.46,404.95
1786962068.001,,0,,,,0.320,-3.996,True,0.428,-83.560,402.39,404.95
1786962068.101,,0,,,,0.390,-3.906,True,0.430,-83.435,402.29,404.95
1786962068.176,,0,,,,0.490,-3.777,True,0.431,-83.367,402.23,404.94
1786962068.251,,0,,,,0.660,-3.558,True,0.434,-83.216,402.11,404.94
1786962068.326,,0,,,,0.820,-3.353,True,0.437,-83.177,402.07,404.94
1786962068.426,,0,,,,0.930,-3.211,True,0.439,-83.265,402.15,404.94
1786962068.476,,0,,,,0.890,-3.263,True,0.438,-83.239,402.13,404.94
1786962068.576,,0,,,,0.730,-3.468,True,0.435,-83.261,402.15,404.94
1786962068.651,,0,,,,0.580,-3.661,True,0.433,-83.215,402.11,404.95
1786962068.726,,0,,,,0.420,-3.867,True,0.430,-83.170,402.07,404.95
1786962068.801,,0,,,,0.390,-3.906,True,0.430,-83.117,402.03,404.95
1786962068.876,,0,,,,0.440,-3.842,True,0.430,-83.098,402.02,404.95
1786962068.976,,0,,,,0.570,-3.674,True,0.433,-82.988,401.92,404.95
1786962069.076,,0,,,,0.820,-3.353,True,0.437,-82.851,401.80,404.95
1786962069.151,,0,,,,0.980,-3.147,True,0.439,-82.824,401.77,404.95
1786962069.251,,0,,,,1.010,-3.108,True,0.440,-82.868,401.82,404.95
1786962069.326,,0,,,,0.950,-3.185,True,0.439,-82.930,401.87,404.95
1786962069.451,,0,,,,0.730,-3.468,True,0.435,-82.950,401.89,404.95
1786962069.526,,0,,,,0.640,-3.584,True,0.434,-82.875,401.83,404.95
1786962069.576,,0,,,,0.530,-3.726,True,0.432,-82.830,401.79,404.95
1786962069.701,,0,,,,0.420,-3.867,True,0.430,-82.759,401.73,404.96
1786962069.776,,0,,,,0.390,-3.906,True,0.430,-82.725,401.70,404.96
1786962069.876,,0,,,,0.430,-3.854,True,0.430,-82.645,401.63,404.96
1786962070.051,,0,,,,0.540,-3.713,True,0.432,-82.502,401.50,404.96
1786962070.126,,0,,,,0.600,-3.636,True,0.433,-82.486,401.49,404.96
1786962070.201,,0,,,,0.530,-3.726,True,0.432,-82.486,401.49,404.97
1786962070.326,,0,,,,0.360,-3.945,True,0.429,-82.410,401.42,404.97
1786962070.401,,0,,,,0.200,-4.150,True,0.426,-82.445,401.45,404.97
1786962070.451,,0,,,,-0.020,-4.433,True,0.423,-82.371,401.39,404.97
1786962070.551,,0,,,,-0.160,-4.614,True,0.421,-82.301,401.32,404.97
1786962070.676,,0,,,,-0.170,-4.626,True,0.420,-82.160,401.19,404.97
1786962070.726,,0,,,,-0.100,-4.536,True,0.422,-82.054,401.08,404.97
1786962070.826,,0,,,,-0.030,-4.446,True,0.423,-82.051,401.08,404.97
1786962070.901,,0,,,,-0.010,-4.421,True,0.423,-82.026,401.05,404.97
1786962070.976,,0,,,,-0.030,-4.446,True,0.423,-81.927,400.95,404.97
1786962071.076,,0,,,,-0.120,-4.562,True,0.421,-82.129,401.16,404.97
1786962071.151,,0,,,,-0.150,-4.601,True,0.421,-82.160,401.19,404.97
1786962071.251,,0,,,,-0.110,-4.549,True,0.421,-82.051,401.08,404.98
1786962071.326,,0,,,,0.000,-4.408,True,0.423,-82.179,401.21,404.98
1786962071.426,,0,,,,0.080,-4.305,True,0.425,-82.169,401.20,404.98
1786962071.501,,0,,,,0.110,-4.266,True,0.425,-82.126,401.16,404.98
1786962071.626,,0,,,,0.000,-4.408,True,0.423,-82.301,401.33,404.98
1786962071.751,,0,,,,-0.200,-4.665,True,0.420,-82.161,401.19,404.98
1786962071.901,,0,,,,-0.210,-4.678,True,0.420,-81.914,400.95,404.97
1786962071.976,,0,,,,-0.050,-4.472,True,0.422,-81.921,400.95,404.97
1786962072.151,,0,,,,0.270,-4.060,True,0.428,-81.961,401.00,404.98
1786962072.226,,0,,,,0.220,-4.125,True,0.427,-81.972,401.01,404.98
1786962072.301,,0,,,,0.060,-4.331,True,0.424,-82.166,401.21,404.99
1786962072.376,,0,,,,-0.150,-4.601,True,0.421,-82.147,401.19,404.99
1786962072.451,,0,,,,-0.460,-5.000,True,0.416,-82.091,401.14,404.99
1786962072.526,,0,,,,-0.690,-5.296,True,0.412,-82.135,401.18,404.99
1786962072.626,,0,,,,-0.730,-5.347,True,0.412,-81.907,400.96,404.99
1786962072.701,,0,,,,-0.600,-5.180,True,0.414,-81.806,400.86,404.99
1786962072.801,,0,,,,-0.400,-4.922,True,0.417,-81.789,400.84,405.00
1786962073.201,,0,,,,-0.820,-5.463,True,0.410,-82.251,401.32,405.02
1786962073.326,,0,,,,-1.430,-6.221,True,0.405,-82.009,401.09,405.02
1786962073.426,,0,,,,-1.640,-6.435,True,0.412,-81.938,401.03,405.03
1786962073.526,,0,,,,-1.630,-6.425,True,0.412,-81.937,401.03,405.03
1786962073.601,,0,,,,-1.510,-6.303,True,0.408,-81.997,401.09,405.03
1786962073.701,,0,,,,-1.360,-6.150,True,0.403,-82.132,401.22,405.03
1786962073.776,,0,,,,-1.150,-5.887,True,0.405,-82.121,401.21,405.03
1786962073.851,,0,,,,-1.090,-5.810,True,0.406,-82.300,401.39,405.04
1786962073.926,,0,,,,-1.120,-5.849,True,0.405,-82.354,401.44,405.04
1786962074.076,,0,,,,-1.280,-6.055,True,0.403,-82.245,401.35,405.05
1786962074.376,,0,,,,-1.900,-6.701,True,0.421,-82.679,401.78,405.08
1786962074.801,,0,,,,-1.390,-6.180,True,0.404,-82.864,401.96,405.10
1786962074.901,,0,,,,-1.230,-5.990,True,0.404,-82.976,402.06,405.10
1786962075.101,,0,,,,-1.390,-6.180,True,0.404,-82.684,401.82,405.12
1786962075.626,,0,,,,-1.650,-6.446,True,0.412,-81.979,401.20,405.16
1786962075.701,,0,,,,-1.170,-5.913,True,0.405,-81.774,401.00,405.17
1786962075.801,,0,,,,-0.820,-5.463,True,0.410,-81.875,401.11,405.18
1786962075.851,,0,,,,-0.680,-5.283,True,0.412,-81.896,401.13,405.18
1786962075.926,,0,,,,-0.650,-5.244,True,0.413,-81.577,400.82,405.19
1786962076.076,,0,,,,-0.970,-5.656,True,0.408,-81.269,400.51,405.21
1786962076.201,,0,,,,-1.570,-6.364,True,0.410,-80.720,399.91,405.22
1786962076.651,,0,,,,-1.470,-6.262,True,0.407,-80.523,399.71,405.24
1786962076.726,,0,,,,-1.210,-5.965,True,0.404,-80.668,399.88,405.24
1786962076.826,,0,,,,-1.010,-5.707,True,0.407,-80.614,399.82,405.24
1786962076.926,,0,,,,-0.990,-5.682,True,0.407,-80.473,399.66,405.25
1786962077.001,,0,,,,-1.110,-5.836,True,0.406,-80.345,399.52,405.26
1786962077.076,,0,,,,-1.290,-6.068,True,0.403,-80.132,399.27,405.26
1786962077.176,,0,,,,-1.450,-6.241,True,0.406,-80.126,399.27,405.27
1786962077.251,,0,,,,-1.520,-6.313,True,0.408,-80.364,399.57,405.29
1786962077.351,,0,,,,-1.480,-6.272,True,0.407,-80.141,399.31,405.30
1786962077.426,,0,,,,-1.350,-6.139,True,0.403,-79.884,399.00,405.30
1786962077.476,,0,,,,-1.240,-6.003,True,0.404,-79.760,398.85,405.31
1786962077.576,,0,,,,-0.880,-5.540,True,0.409,-79.753,398.85,405.31
1786962077.676,,0,,,,-0.770,-5.398,True,0.411,-79.762,398.86,405.32
1786962077.801,,0,,,,-0.650,-5.244,True,0.413,-79.694,398.79,405.33
1786962077.901,,0,,,,-0.760,-5.386,True,0.411,-79.373,398.39,405.34
1786962077.976,,0,,,,-0.900,-5.566,True,0.409,-79.252,398.23,405.34
1786962078.051,,0,,,,-1.080,-5.797,True,0.406,-79.268,398.26,405.35
1786962078.426,,0,,,,-1.440,-6.231,True,0.406,-79.432,398.52,405.39
1786962078.526,,0,,,,-1.440,-6.231,True,0.406,-79.401,398.48,405.40
1786962078.626,,0,,,,-1.380,-6.170,True,0.404,-79.490,398.60,405.40
1786962078.726,,0,,,,-1.320,-6.106,True,0.402,-79.767,398.96,405.41
1786962078.776,,0,,,,-1.280,-6.055,True,0.403,-79.802,399.01,405.41
1786962087.501,,0,,,,-13.080,-17.649,True,0.707,-66.824,373.35,406.12
1786962087.576,,0,,,,-13.210,-17.753,True,0.703,-66.661,372.90,406.13
1786962087.651,,0,,,,-13.270,-17.801,True,0.701,-66.265,371.78,406.13
1786962088.001,,0,,,,-13.830,-18.249,True,0.683,-82.056,402.25,406.15
1786962088.076,,0,,,,-13.990,-18.377,True,0.678,-82.420,402.60,406.15
1786962088.176,,0,,,,-14.210,-18.553,True,0.671,-82.729,402.89,406.16
1786962088.351,,0,,,,-14.390,-18.697,True,0.665,-83.506,403.56,406.17
1786962088.801,,0,,,,-13.980,-18.369,True,0.678,-84.283,404.17,406.19
1786962089.301,,0,,,,-14.100,-18.465,True,0.674,-84.344,404.23,406.21
1786962089.376,,0,,,,-14.140,-18.497,True,0.673,-84.497,404.34,406.21
1786962089.751,,0,,,,-14.020,-18.401,True,0.677,-85.020,404.70,406.23
1786962089.851,,0,,,,-14.100,-18.465,True,0.674,-85.234,404.83,406.24
1786962090.151,,0,,,,-14.700,-18.945,True,0.655,-85.478,405.00,406.26
1786962090.500,,0,,,,-14.490,-18.777,True,0.662,-85.435,404.98,406.27
1786962090.576,,0,,,,-14.230,-18.569,True,0.670,-85.564,405.05,406.27
1786962090.651,,0,,,,-14.150,-18.505,True,0.673,-85.736,405.15,406.27
1786962090.751,,0,,,,-14.170,-18.521,True,0.672,-85.864,405.22,406.28
1786962090.850,,0,,,,-14.340,-18.657,True,0.667,-85.984,405.28,406.28
1786962090.926,,0,,,,-14.460,-18.753,True,0.663,-86.031,405.32,406.29
1786962091.000,,0,,,,-14.590,-18.857,True,0.659,-86.076,405.34,406.29
1786962091.100,,0,,,,-14.600,-18.865,True,0.658,-86.092,405.35,406.30
1786962091.176,,0,,,,-14.520,-18.801,True,0.661,-86.127,405.37,406.30
1786962091.250,,0,,,,-14.430,-18.729,True,0.664,-86.110,405.36,406.30
1786962091.351,,0,,,,-14.170,-18.521,True,0.672,-86.209,405.41,406.30
1786962091.426,,0,,,,-14.050,-18.425,True,0.676,-86.340,405.48,406.30
1786962091.525,,0,,,,-14.060,-18.433,True,0.676,-86.433,405.52,406.31
1786962091.600,,0,,,,-14.130,-18.489,True,0.673,-86.451,405.53,406.31
1786962091.650,,0,,,,-14.240,-18.577,True,0.670,-86.488,405.55,406.31
1786962091.726,,0,,,,-14.350,-18.665,True,0.666,-86.569,405.59,406.32
1786962091.800,,0,,,,-14.510,-18.793,True,0.661,-86.591,405.61,406.33
1786962091.875,,0,,,,-14.690,-18.937,True,0.655,-86.730,405.67,406.33
1786962091.950,,0,,,,-14.720,-18.961,True,0.654,-86.867,405.73,406.34
1786962092.025,,0,,,,-14.750,-18.985,True,0.653,-86.836,405.72,406.34
1786962092.125,,0,,,,-14.630,-18.889,True,0.657,-87.152,405.85,406.35
1786962092.275,,0,,,,0.540,-3.713,True,0.432,-91.319,406.25,406.35
1786962092.350,,0,,,,6.760,4.226,True,0.529,-98.001,402.40,406.36
1786962092.450,,0,,,,8.220,5.888,True,0.509,-108.781,384.73,406.37
1786962092.550,,0,,,,8.660,6.388,True,0.503,-110.138,381.53,406.38
1786962092.600,,0,,,,8.740,6.479,True,0.502,-110.650,380.27,406.38
1786962092.700,,0,,,,8.720,6.457,True,0.503,-110.857,379.75,406.38
1786962092.800,,0,,,,8.750,6.491,True,0.502,-111.061,379.24,406.39
1786962094.900,,0,,,,1.290,-2.748,True,0.445,-81.396,401.90,406.48
1786962094.975,,0,,,,1.030,-3.082,True,0.440,-82.795,403.27,406.48
1786962095.025,,0,,,,0.880,-3.275,True,0.438,-82.922,403.39,406.48
1786962095.100,,0,,,,0.590,-3.649,True,0.433,-83.456,403.84,406.49
1786962095.150,,0,,,,0.440,-3.842,True,0.430,-83.755,404.08,406.49
1786962095.325,,0,,,,0.330,-3.983,True,0.429,-83.865,404.17,406.50
1786962095.400,,0,,,,0.560,-3.687,True,0.432,-84.282,404.48,406.50
1786962095.475,,0,,,,0.770,-3.417,True,0.436,-84.674,404.75,406.50
1786962095.550,,0,,,,0.990,-3.134,True,0.440,-85.135,405.05,406.51
1786962095.650,,0,,,,1.060,-3.044,True,0.441,-85.200,405.09,406.51
1786962095.700,,0,,,,1.060,-3.044,True,0.441,-85.298,405.15,406.52
1786962095.750,,0,,,,0.950,-3.185,True,0.439,-85.363,405.19,406.52
1786962095.800,,0,,,,0.740,-3.456,True,0.435,-85.550,405.30,406.53
1786962095.900,,0,,,,0.350,-3.957,True,0.429,-85.685,405.38,406.53
1786962095.975,,0,,,,-0.210,-4.678,True,0.420,-85.652,405.37,406.54
1786962096.050,,0,,,,-0.430,-4.961,True,0.416,-85.801,405.44,406.53
1786962096.125,,0,,,,-0.610,-5.193,True,0.413,-85.711,405.40,406.54
1786962096.225,,0,,,,-0.580,-5.154,True,0.414,-85.622,405.35,406.54
1786962096.300,,0,,,,-0.320,-4.819,True,0.418,-85.772,405.43,406.54
1786962096.400,,0,,,,0.270,-4.060,True,0.428,-85.881,405.49,406.54
1786962096.475,,0,,,,0.590,-3.649,True,0.433,-85.891,405.49,406.54
1786962096.550,,0,,,,0.940,-3.198,True,0.439,-86.130,405.62,406.55
1786962096.625,,0,,,,1.100,-2.992,True,0.441,-86.387,405.74,406.55
1786962096.725,,0,,,,1.050,-3.057,True,0.441,-86.583,405.83,406.56
1786962096.800,,0,,,,0.630,-3.597,True,0.434,-86.860,405.95,406.56
1786962096.875,,0,,,,0.440,-3.842,True,0.430,-86.845,405.95,406.57
1786962096.950,,0,,,,-0.030,-4.446,True,0.423,-86.861,405.97,406.58
1786962097.000,,0,,,,-0.170,-4.626,True,0.420,-86.718,405.91,406.58
1786962097.075,,0,,,,-0.350,-4.858,True,0.418,-86.573,405.85,406.58
1786962097.150,,0,,,,-0.290,-4.781,True,0.419,-86.724,405.92,406.58
1786962097.250,,0,,,,-0.070,-4.498,True,0.422,-86.715,405.91,406.58
1786962097.325,,0,,,,0.150,-4.215,True,0.426,-86.844,405.97,406.58
1786962097.450,,0,,,,0.330,-3.983,True,0.429,-87.002,406.03,406.59
1786962097.600,,0,,,,-0.040,-4.459,True,0.423,-87.449,406.19,406.60
1786962097.700,,0,,,,-0.430,-4.961,True,0.416,-87.551,406.23,406.61
1786962097.800,,0,,,,-0.880,-5.540,True,0.409,-87.591,406.25,406.61
1786962097.875,,0,,,,-1.110,-5.836,True,0.406,-87.670,406.28,406.62
1786962097.950,,0,,,,-1.150,-5.887,True,0.405,-87.800,406.33,406.63
1786962098.025,,0,,,,-1.120,-5.849,True,0.405,-87.948,406.36,406.63
1786962098.150,,0,,,,-0.860,-5.514,True,0.409,-87.905,406.36,406.63
1786962098.250,,0,,,,-0.500,-5.051,True,0.415,-88.121,406.41,406.63
1786962098.325,,0,,,,-0.230,-4.704,True,0.420,-88.241,406.44,406.64
1786962098.425,,0,,,,-0.040,-4.459,True,0.423,-88.294,406.46,406.64
1786962098.500,,0,,,,0.010,-4.395,True,0.423,-88.530,406.51,406.64
1786962098.600,,0,,,,-0.100,-4.536,True,0.422,-88.729,406.55,406.65
1786962098.700,,0,,,,-0.290,-4.781,True,0.419,-88.724,406.55,406.65
1786962098.775,,0,,,,-0.580,-5.154,True,0.414,-88.840,406.58,406.66
1786962098.850,,0,,,,-0.690,-5.296,True,0.412,-88.849,406.58,406.67
1786962098.925,,0,,,,-0.800,-5.437,True,0.410,-88.832,406.59,406.67
1786962102.025,,0,,,,-0.750,-5.373,True,0.411,-91.241,406.71,406.81
1786962102.125,,0,,,,-0.400,-4.922,True,0.417,-91.298,406.70,406.81
1786962102.200,,0,,,,-0.130,-4.575,True,0.421,-91.310,406.70,406.81
1786962102.250,,0,,,,-0.020,-4.433,True,0.423,-91.335,406.70,406.81
1786962102.350,,0,,,,0.270,-4.060,True,0.428,-91.524,406.68,406.82
1786962102.450,,0,,,,0.370,-3.932,True,0.429,-91.468,406.69,406.82
1786962102.550,,0,,,,0.410,-3.880,True,0.430,-91.558,406.69,406.84
1786962102.650,,0,,,,0.290,-4.035,True,0.428,-91.804,406.64,406.85
1786962102.725,,0,,,,0.100,-4.279,True,0.425,-92.010,406.60,406.85
1786962102.825,,0,,,,-0.160,-4.614,True,0.421,-92.060,406.60,406.86
1786962102.900,,0,,,,-0.310,-4.807,True,0.418,-91.998,406.61,406.86
1786962102.975,,0,,,,-0.450,-4.987,True,0.416,-91.960,406.63,406.87
1786962103.050,,0,,,,-0.590,-5.167,True,0.414,-91.923,406.64,406.87
1786962103.100,,0,,,,-0.650,-5.244,True,0.413,-91.935,406.64,406.87
1786962103.175,,0,,,,-0.790,-5.424,True,0.411,-91.980,406.63,406.87
1786962103.300,,0,,,,-0.890,-5.553,True,0.409,-91.982,406.63,406.87
1786962103.350,,0,,,,-1.000,-5.694,True,0.407,-92.143,406.59,406.88
1786962103.450,,0,,,,-1.100,-5.823,True,0.406,-92.209,406.58,406.88
1786962103.525,,0,,,,-1.160,-5.900,True,0.405,-92.276,406.56,406.88
1786962103.600,,0,,,,-1.210,-5.965,True,0.404,-92.411,406.53,406.89
1786962103.700,,0,,,,-1.170,-5.913,True,0.405,-92.454,406.52,406.89
1786962103.775,,0,,,,-1.140,-5.875,True,0.405,-92.484,406.51,406.89
1786962103.850,,0,,,,-1.030,-5.733,True,0.407,-92.514,406.50,406.89
1786962103.925,,0,,,,-0.880,-5.540,True,0.409,-92.555,406.49,406.89
1786962104.025,,0,,,,-0.630,-5.218,True,0.413,-92.584,406.48,406.89
1786962104.100,,0,,,,-0.450,-4.987,True,0.416,-92.655,406.46,406.90
1786962104.200,,0,,,,-0.110,-4.549,True,0.421,-92.751,406.43,406.90
1786962104.275,,0,,,,0.120,-4.253,True,0.425,-92.816,406.41,406.90
1786962104.350,,0,,,,0.350,-3.957,True,0.429,-92.980,406.36,406.91
1786962104.450,,0,,,,0.430,-3.854,True,0.430,-93.105,406.32,406.92
1786962104.550,,0,,,,0.410,-3.880,True,0.430,-93.178,406.30,406.93
1786962104.625,,0,,,,0.330,-3.983,True,0.429,-93.212,406.29,406.93
1786962104.800,,0,,,,0.100,-4.279,True,0.425,-93.079,406.34,406.93
1786962104.850,,0,,,,-0.010,-4.421,True,0.423,-93.159,406.31,406.93
1786962105.025,,0,,,,-0.370,-4.884,True,0.417,-93.122,406.33,406.93
1786962105.125,,0,,,,-0.620,-5.205,True,0.413,-93.316,406.25,406.93
1786962105.250,,0,,,,-0.710,-5.321,True,0.412,-93.377,406.23,406.93
1786962105.300,,0,,,,-0.670,-5.270,True,0.412,-93.396,406.22,406.94
1786962105.500,,0,,,,-0.240,-4.717,True,0.419,-93.564,406.16,406.94
1786962105.600,,0,,,,0.060,-4.331,True,0.424,-93.745,406.08,406.95
1786962105.750,,0,,,,0.180,-4.176,True,0.426,-93.976,405.97,406.95
1786962105.875,,0,,,,0.170,-4.189,True,0.426,-94.124,405.90,406.96
1786962106.025,,0,,,,0.190,-4.163,True,0.426,-94.186,405.88,406.97
1786962106.125,,0,,,,0.270,-4.060,True,0.428,-94.245,405.86,406.97
1786962106.225,,0,,,,0.390,-3.906,True,0.430,-94.247,405.86,406.98
1786962106.300,,0,,,,0.480,-3.790,True,0.431,-94.340,405.82,406.98
1786962106.375,,0,,,,0.510,-3.752,True,0.432,-94.460,405.76,406.99
1786962106.425,,0,,,,0.460,-3.816,True,0.431,-94.692,405.63,406.99
1786962106.575,,0,,,,0.220,-4.125,True,0.427,-94.739,405.61,407.00
1786962106.650,,0,,,,-0.020,-4.433,True,0.423,-94.649,405.66,407.00
1786962106.725,,0,,,,-0.290,-4.781,True,0.419,-94.655,405.66,407.00
1786962106.800,,0,,,,-0.480,-5.025,True,0.416,-94.565,405.71,407.00
1786962106.850,,0,,,,-0.590,-5.167,True,0.414,-94.667,405.65,407.00
1786962106.925,,0,,,,-0.640,-5.231,True,0.413,-94.749,405.61,407.00
1786962107.000,,0,,,,-0.660,-5.257,True,0.413,-94.817,405.57,407.00
1786962107.050,,0,,,,-0.610,-5.193,True,0.413,-94.900,405.52,407.00
1786962107.125,,0,,,,-0.530,-5.090,True,0.415,-94.907,405.52,407.01
1786962107.200,,0,,,,-0.390,-4.910,True,0.417,-95.084,405.41,407.01
1786962107.300,,0,,,,-0.060,-4.485,True,0.422,-95.318,405.27,407.02
1786962107.425,,0,,,,0.170,-4.189,True,0.426,-95.427,405.20,407.02
1786962107.500,,0,,,,0.320,-3.996,True,0.428,-95.434,405.20,407.03
1786962107.600,,0,,,,0.520,-3.739,True,0.432,-95.495,405.16,407.03
1786962107.675,,0,,,,0.710,-3.494,True,0.435,-95.614,405.08,407.03
1786962107.750,,0,,,,0.740,-3.456,True,0.435,-95.801,404.95,407.04
1786962107.850,,0,,,,0.790,-3.391,True,0.436,-95.944,404.85,407.04
1786962107.950,,0,,,,0.630,-3.597,True,0.434,-96.030,404.79,407.04
1786962108.050,,0,,,,0.380,-3.919,True,0.429,-96.031,404.79,407.05
1786962108.100,,0,,,,0.260,-4.073,True,0.427,-96.016,404.81,407.05
1786962108.175,,0,,,,0.080,-4.305,True,0.425,-96.118,404.73,407.05
1786962108.250,,0,,,,0.000,-4.408,True,0.423,-96.081,404.77,407.06
1786962108.325,,0,,,,-0.100,-4.536,True,0.422,-96.032,404.81,407.06
1786962108.400,,0,,,,-0.110,-4.549,True,0.421,-96.046,404.80,407.07
1786962108.500,,0,,,,-0.140,-4.588,True,0.421,-96.243,404.66,407.07
1786962108.550,,0,,,,-0.150,-4.601,True,0.421,-96.325,404.59,407.07
1786962108.650,,0,,,,-0.220,-4.691,True,0.420,-96.387,404.55,407.08
1786962108.725,,0,,,,-0.290,-4.781,True,0.419,-96.513,404.45,407.08
1786962108.800,,0,,,,-0.300,-4.794,True,0.418,-96.612,404.38,407.09
1786962108.875,,0,,,,-0.330,-4.832,True,0.418,-96.643,404.35,407.09
1786962108.950,,0,,,,-0.310,-4.807,True,0.418,-96.694,404.32,407.09
1786962109.050,,0,,,,-0.230,-4.704,True,0.420,-96.803,404.23,407.10
1786962109.200,,0,,,,-0.130,-4.575,True,0.421,-97.059,404.03,407.11
1786962109.300,,0,,,,-0.090,-4.524,True,0.422,-97.126,403.97,407.12
1786962109.375,,0,,,,-0.030,-4.446,True,0.423,-97.196,403.92,407.12
1786962109.450,,0,,,,-0.050,-4.472,True,0.422,-97.325,403.81,407.13
1786962109.525,,0,,,,-0.100,-4.536,True,0.422,-97.416,403.73,407.13
1786962109.600,,0,,,,-0.200,-4.665,True,0.420,-97.485,403.67,407.14
1786962109.675,,0,,,,-0.350,-4.858,True,0.418,-97.521,403.64,407.14
1786962109.775,,0,,,,-0.590,-5.167,True,0.414,-97.572,403.59,407.14
1786962109.850,,0,,,,-0.670,-5.270,True,0.412,-97.663,403.51,407.15
1786962109.950,,0,,,,-0.790,-5.424,True,0.411,-97.721,403.46,407.15
1786962110.025,,0,,,,-0.800,-5.437,True,0.410,-97.818,403.37,407.16
1786962110.100,,0,,,,-0.750,-5.373,True,0.411,-97.909,403.29,407.16
1786962110.200,,0,,,,-0.710,-5.321,True,0.412,-98.113,403.10,407.17
1786962110.250,,0,,,,-0.700,-5.308,True,0.412,-98.221,402.99,407.17
1786962110.325,,0,,,,-0.630,-5.218,True,0.413,-98.356,402.86,407.18
1786962110.425,,0,,,,-0.600,-5.180,True,0.414,-98.489,402.72,407.19
1786962110.525,,0,,,,-0.560,-5.128,True,0.414,-98.617,402.60,407.19
1786962110.600,,0,,,,-0.560,-5.128,True,0.414,-98.684,402.53,407.20
1786962110.700,,0,,,,-0.470,-5.012,True,0.416,-98.711,402.51,407.21
1786962110.775,,0,,,,-0.430,-4.961,True,0.416,-98.771,402.45,407.21
1786962110.875,,0,,,,-0.280,-4.768,True,0.419,-98.777,402.44,407.21
1786962110.925,,0,,,,-0.240,-4.717,True,0.419,-98.784,402.44,407.22
1786962111.000,,0,,,,-0.180,-4.639,True,0.420,-98.795,402.43,407.22
1786962111.075,,0,,,,-0.090,-4.524,True,0.422,-98.816,402.41,407.22
1786962111.175,,0,,,,-0.030,-4.446,True,0.423,-98.928,402.30,407.23
1786962111.250,,0,,,,-0.010,-4.421,True,0.423,-98.991,402.24,407.24
1786962111.325,,0,,,,-0.050,-4.472,True,0.422,-99.021,402.21,407.25
1786962111.450,,0,,,,-0.190,-4.652,True,0.420,-99.042,402.19,407.25
1786962111.525,,0,,,,-0.290,-4.781,True,0.419,-99.048,402.19,407.26
1786962111.600,,0,,,,-0.520,-5.077,True,0.415,-99.080,402.16,407.26
1786962111.675,,0,,,,-0.670,-5.270,True,0.412,-99.001,402.25,407.27
1786962111.775,,0,,,,-0.750,-5.373,True,0.411,-99.016,402.24,407.27
1786962111.850,,0,,,,-0.750,-5.373,True,0.411,-99.052,402.20,407.28
1786962111.975,,0,,,,-0.720,-5.334,True,0.412,-99.150,402.10,407.28
1786962112.050,,0,,,,-0.620,-5.205,True,0.413,-99.217,402.03,407.29
1786962112.125,,0,,,,-0.570,-5.141,True,0.414,-99.302,401.94,407.29
1786962112.200,,0,,,,-0.510,-5.064,True,0.415,-99.388,401.85,407.30
1786962112.275,,0,,,,-0.450,-4.987,True,0.416,-99.433,401.80,407.30
1786962112.350,,0,,,,-0.420,-4.948,True,0.416,-99.495,401.73,407.31
1786962112.450,,0,,,,-0.350,-4.858,True,0.418,-99.532,401.69,407.32
1786962112.525,,0,,,,-0.230,-4.704,True,0.420,-99.533,401.69,407.32
1786962112.600,,0,,,,-0.160,-4.614,True,0.421,-99.548,401.68,407.32
1786962112.650,,0,,,,-0.010,-4.421,True,0.423,-99.580,401.65,407.33
1786962112.750,,0,,,,0.060,-4.331,True,0.424,-99.674,401.54,407.33
1786962112.825,,0,,,,0.110,-4.266,True,0.425,-99.696,401.52,407.34
1786962112.925,,0,,,,0.160,-4.202,True,0.426,-99.794,401.41,407.35
1786962113.000,,0,,,,0.120,-4.253,True,0.425,-99.980,401.19,407.36
1786962113.075,,0,,,,0.060,-4.331,True,0.424,-100.101,401.05,407.36
1786962113.175,,0,,,,0.010,-4.395,True,0.423,-100.151,401.00,407.37
1786962113.250,,0,,,,-0.050,-4.472,True,0.422,-100.180,400.96,407.38
1786962113.325,,0,,,,-0.090,-4.524,True,0.422,-100.202,400.94,407.38
1786962113.450,,0,,,,-0.080,-4.511,True,0.422,-100.173,400.98,407.39
1786962113.500,,0,,,,-0.080,-4.511,True,0.422,-100.105,401.07,407.39
1786962113.600,,0,,,,-0.090,-4.524,True,0.422,-100.055,401.13,407.39
1786962113.675,,0,,,,-0.110,-4.549,True,0.421,-100.038,401.16,407.39
1786962113.750,,0,,,,-0.190,-4.652,True,0.420,-100.027,401.17,407.39
1786962113.825,,0,,,,-0.230,-4.704,True,0.420,-100.050,401.15,407.40
1786962113.900,,0,,,,-0.270,-4.755,True,0.419,-100.074,401.13,407.41
1786962113.975,,0,,,,-0.280,-4.768,True,0.419,-100.209,400.96,407.41
1786962114.050,,0,,,,-0.260,-4.742,True,0.419,-100.314,400.83,407.42
1786962114.125,,0,,,,-0.230,-4.704,True,0.420,-100.327,400.82,407.42
1786962114.200,,0,,,,-0.150,-4.601,True,0.421,-100.379,400.76,407.42
1786962114.275,,0,,,,-0.050,-4.472,True,0.422,-100.445,400.68,407.43
1786962114.325,,0,,,,0.000,-4.408,True,0.423,-100.498,400.61,407.43
1786962114.450,,0,,,,0.130,-4.240,True,0.425,-100.538,400.56,407.44
1786962114.525,,0,,,,0.210,-4.138,True,0.427,-100.603,400.48,407.44
1786962114.600,,0,,,,0.300,-4.022,True,0.428,-100.623,400.46,407.45
1786962114.650,,0,,,,0.420,-3.867,True,0.430,-100.699,400.37,407.45
1786962114.725,,0,,,,0.540,-3.713,True,0.432,-100.743,400.31,407.45
1786962114.825,,0,,,,0.730,-3.468,True,0.435,-100.804,400.24,407.46
1786962114.900,,0,,,,0.800,-3.378,True,0.436,-100.930,400.08,407.47
1786962114.950,,0,,,,0.860,-3.301,True,0.437,-100.951,400.05,407.47
1786962115.025,,0,,,,0.820,-3.353,True,0.437,-101.061,399.91,407.47
1786962115.150,,0,,,,0.650,-3.571,True,0.434,-101.107,399.85,407.48
1786962115.200,,0,,,,0.510,-3.752,True,0.432,-101.086,399.89,407.49
1786962115.325,,0,,,,0.190,-4.163,True,0.426,-101.041,399.95,407.49
1786962115.375,,0,,,,0.080,-4.305,True,0.425,-101.179,399.76,407.50
1786962115.450,,0,,,,-0.010,-4.421,True,0.423,-101.138,399.82,407.50
1786962115.525,,0,,,,-0.030,-4.446,True,0.423,-101.123,399.84,407.50
1786962115.600,,0,,,,0.000,-4.408,True,0.423,-101.210,399.73,407.50
1786962115.725,,0,,,,0.230,-4.112,True,0.427,-101.104,399.88,407.50
1786962115.775,,0,,,,0.340,-3.970,True,0.429,-101.213,399.73,407.51
1786962115.850,,0,,,,0.410,-3.880,True,0.430,-101.265,399.66,407.51
1786962115.950,,0,,,,0.410,-3.880,True,0.430,-101.389,399.50,407.52
1786962116.000,,0,,,,0.420,-3.867,True,0.430,-101.614,399.18,407.53
1786962116.100,,0,,,,0.310,-4.009,True,0.428,-101.790,398.94,407.53
1786962116.175,,0,,,,0.220,-4.125,True,0.427,-101.827,398.88,407.54
1786962116.225,,0,,,,0.190,-4.163,True,0.426,-101.810,398.91,407.54
1786962116.300,,0,,,,0.120,-4.253,True,0.425,-101.869,398.83,407.54
1786962116.350,,0,,,,0.050,-4.343,True,0.424,-101.914,398.77,407.55
1786962116.450,,0,,,,0.080,-4.305,True,0.425,-101.875,398.83,407.55
1786962116.525,,0,,,,0.110,-4.266,True,0.425,-101.832,398.89,407.55
1786962116.600,,0,,,,0.210,-4.138,True,0.427,-101.875,398.83,407.55
1786962116.675,,0,,,,0.290,-4.035,True,0.428,-101.955,398.71,407.55
1786962116.750,,0,,,,0.400,-3.893,True,0.430,-102.024,398.62,407.56
1786962116.850,,0,,,,0.520,-3.739,True,0.432,-102.078,398.54,407.57
1786962116.950,,0,,,,0.640,-3.584,True,0.434,-102.211,398.35,407.57
1786962117.025,,0,,,,0.650,-3.571,True,0.434,-102.418,398.04,407.58
1786962117.100,,0,,,,0.650,-3.571,True,0.434,-102.543,397.86,407.59
1786962117.175,,0,,,,0.570,-3.674,True,0.433,-102.595,397.78,407.59
1786962117.225,,0,,,,0.500,-3.764,True,0.431,-102.660,397.69,407.60
1786962117.350,,0,,,,0.380,-3.919,True,0.429,-102.733,397.58,407.61
1786962117.425,,0,,,,0.350,-3.957,True,0.429,-102.758,397.55,407.61
1786962117.500,,0,,,,0.400,-3.893,True,0.430,-102.724,397.60,407.61
1786962117.575,,0,,,,0.480,-3.790,True,0.431,-102.820,397.45,407.62
1786962117.700,,0,,,,0.580,-3.661,True,0.433,-102.895,397.34,407.62
1786962117.750,,0,,,,0.540,-3.713,True,0.432,-102.947,397.26,407.62
1786962117.825,,0,,,,0.370,-3.932,True,0.429,-103.048,397.10,407.63
1786962117.875,,0,,,,0.130,-4.240,True,0.425,-103.108,397.01,407.63
1786962117.950,,0,,,,-0.230,-4.704,True,0.420,-103.122,396.99,407.64
1786962118.025,,0,,,,-0.440,-4.974,True,0.416,-103.166,396.93,407.64
1786962118.125,,0,,,,-0.680,-5.283,True,0.412,-103.097,397.04,407.65
1786962118.225,,0,,,,-0.570,-5.141,True,0.414,-103.018,397.18,407.65
1786962118.275,,0,,,,-0.350,-4.858,True,0.418,-103.192,396.90,407.66
1786962118.350,,0,,,,0.000,-4.408,True,0.423,-103.236,396.83,407.66
1786962118.425,,0,,,,0.320,-3.996,True,0.428,-103.254,396.81,407.66
1786962118.500,,0,,,,0.470,-3.803,True,0.431,-103.400,396.57,407.67
1786962118.550,,0,,,,0.570,-3.674,True,0.433,-103.425,396.53,407.67
1786962118.650,,0,,,,0.540,-3.713,True,0.432,-103.559,396.31,407.68
1786962118.725,,0,,,,0.400,-3.893,True,0.430,-103.696,396.09,407.68
1786962118.825,,0,,,,0.080,-4.305,True,0.425,-103.657,396.16,407.68
1786962118.900,,0,,,,-0.090,-4.524,True,0.422,-103.609,396.24,407.69
1786962118.975,,0,,,,-0.230,-4.704,True,0.420,-103.592,396.27,407.69
1786962119.050,,0,,,,-0.120,-4.562,True,0.421,-103.565,396.32,407.69
1786962119.125,,0,,,,0.020,-4.382,True,0.424,-103.452,396.51,407.70
1786962119.175,,0,,,,0.250,-4.086,True,0.427,-103.442,396.53,407.70
1786962119.275,,0,,,,0.680,-3.533,True,0.434,-103.490,396.45,407.70
1786962119.375,,0,,,,0.990,-3.134,True,0.440,-103.686,396.13,407.71
1786962119.450,,0,,,,1.130,-2.954,True,0.442,-103.898,395.78,407.72
1786962119.550,,0,,,,1.100,-2.992,True,0.441,-104.035,395.56,407.73
1786962119.600,,0,,,,0.990,-3.134,True,0.440,-104.237,395.21,407.74
1786962119.675,,0,,,,0.690,-3.520,True,0.435,-104.589,394.59,407.74
1786962119.750,,0,,,,0.360,-3.945,True,0.429,-104.255,395.19,407.75
1786962119.800,,0,,,,0.230,-4.112,True,0.427,-104.085,395.50,407.75
1786962119.875,,0,,,,-0.030,-4.446,True,0.423,-104.060,395.54,407.76
1786962119.950,,0,,,,-0.170,-4.626,True,0.420,-103.973,395.69,407.76
1786962120.050,,0,,,,-0.230,-4.704,True,0.420,-103.872,395.87,407.76
1786962120.125,,0,,,,-0.190,-4.652,True,0.420,-104.255,395.20,407.76
1786962120.200,,0,,,,-0.070,-4.498,True,0.422,-103.927,395.77,407.76
1786962120.275,,0,,,,0.040,-4.356,True,0.424,-103.872,395.87,407.76
1786962120.375,,0,,,,0.150,-4.215,True,0.426,-104.440,394.88,407.77
1786962120.450,,0,,,,0.190,-4.163,True,0.426,-104.212,395.29,407.77
1786962120.525,,0,,,,0.170,-4.189,True,0.426,-104.228,395.27,407.78
1786962120.600,,0,,,,0.040,-4.356,True,0.424,-104.252,395.24,407.79
1786962120.775,,0,,,,-0.160,-4.614,True,0.421,-104.919,394.05,407.80
1786962120.850,,0,,,,-0.260,-4.742,True,0.419,-105.257,393.44,407.81
1786962121.025,,0,,,,-0.140,-4.588,True,0.421,-105.517,392.95,407.82
1786962121.050,,0,,,,-0.050,-4.472,True,0.422,-105.735,392.54,407.82
1786962121.125,,0,,,,0.020,-4.382,True,0.424,-105.812,392.40,407.83
1786962121.225,,0,,,,0.200,-4.150,True,0.426,-105.892,392.24,407.83
1786962121.275,,0,,,,0.230,-4.112,True,0.427,-105.877,392.27,407.83
1786962121.325,,0,,,,0.240,-4.099,True,0.427,-106.017,392.00,407.84
1786962121.425,,0,,,,0.190,-4.163,True,0.426,-106.083,391.88,407.84
1786962121.500,,0,,,,0.060,-4.331,True,0.424,-106.132,391.78,407.84
1786962121.600,,0,,,,-0.140,-4.588,True,0.421,-106.115,391.82,407.85
1786962121.750,,0,,,,-0.420,-4.948,True,0.416,-106.043,391.97,407.85
1786962121.825,,0,,,,-0.460,-5.000,True,0.416,-106.093,391.87,407.86
1786962121.950,,0,,,,-0.300,-4.794,True,0.418,-106.144,391.78,407.86
1786962122.025,,0,,,,-0.140,-4.588,True,0.421,-106.237,391.60,407.87
1786962122.125,,0,,,,-0.010,-4.421,True,0.423,-106.415,391.25,407.87
1786962122.200,,0,,,,0.080,-4.305,True,0.425,-106.542,391.00,407.88
1786962122.250,,0,,,,0.100,-4.279,True,0.425,-106.577,390.93,407.88
1786962122.325,,0,,,,0.040,-4.356,True,0.424,-106.716,390.65,407.89
1786962122.400,,0,,,,-0.070,-4.498,True,0.422,-106.820,390.45,407.90
1786962122.450,,0,,,,-0.240,-4.717,True,0.419,-106.814,390.46,407.90
1786962122.600,,0,,,,-0.540,-5.103,True,0.415,-106.776,390.55,407.91
1786962122.675,,0,,,,-0.610,-5.193,True,0.413,-106.795,390.51,407.91
1786962122.750,,0,,,,-0.650,-5.244,True,0.413,-106.878,390.35,407.92
1786962122.825,,0,,,,-0.670,-5.270,True,0.412,-106.886,390.34,407.93
1786962122.900,,0,,,,-0.650,-5.244,True,0.413,-106.874,390.37,407.93
1786962123.000,,0,,,,-0.640,-5.231,True,0.413,-106.989,390.14,407.94
1786962123.050,,0,,,,-0.640,-5.231,True,0.413,-107.073,389.96,407.94
1786962123.125,,0,,,,-0.660,-5.257,True,0.413,-107.153,389.80,407.94
1786962123.200,,0,,,,-0.760,-5.386,True,0.411,-107.293,389.51,407.95
1786962123.250,,0,,,,-0.890,-5.553,True,0.409,-107.277,389.55,407.95
1786962123.325,,0,,,,-0.980,-5.669,True,0.408,-107.340,389.42,407.96
1786962123.425,,0,,,,-1.060,-5.772,True,0.406,-107.376,389.35,407.96
1786962123.500,,0,,,,-1.050,-5.759,True,0.407,-107.458,389.17,407.97
1786962123.550,,0,,,,-0.990,-5.682,True,0.407,-107.574,388.93,407.97
1786962123.650,,0,,,,-0.720,-5.334,True,0.412,-107.615,388.85,407.98
1786962123.700,,0,,,,-0.610,-5.193,True,0.413,-107.814,388.43,407.99
1786962123.775,,0,,,,-0.450,-4.987,True,0.416,-107.898,388.25,407.99
1786962123.850,,0,,,,-0.390,-4.910,True,0.417,-108.034,387.96,408.00
1786962123.925,,0,,,,-0.400,-4.922,True,0.417,-108.175,387.65,408.01
1786962124.000,,0,,,,-0.480,-5.025,True,0.416,-108.300,387.38,408.02
1786962124.075,,0,,,,-0.570,-5.141,True,0.414,-108.186,387.64,408.02
1786962124.175,,0,,,,-0.730,-5.347,True,0.412,-108.138,387.75,408.03
1786962124.250,,0,,,,-0.860,-5.514,True,0.409,-108.160,387.71,408.03
1786962124.375,,0,,,,-1.020,-5.720,True,0.407,-108.136,387.77,408.04
1786962124.475,,0,,,,-1.070,-5.784,True,0.406,-108.163,387.71,408.04
1786962124.600,,0,,,,-1.100,-5.823,True,0.406,-108.198,387.64,408.05
1786962124.675,,0,,,,-1.100,-5.823,True,0.406,-108.251,387.53,408.05
1786962124.750,,0,,,,-1.080,-5.797,True,0.406,-108.418,387.16,408.06
1786962124.850,,0,,,,-1.030,-5.733,True,0.407,-108.547,386.88,408.07
1786962124.925,,0,,,,-0.930,-5.604,True,0.408,-108.618,386.72,408.08
1786962125.000,,0,,,,-0.790,-5.424,True,0.411,-108.802,386.31,408.09
1786962125.075,,0,,,,-0.610,-5.193,True,0.413,-108.896,386.10,408.10
1786962125.150,,0,,,,-0.520,-5.077,True,0.415,-108.922,386.05,408.10
1786962125.225,,0,,,,-0.410,-4.935,True,0.417,-109.012,385.84,408.10
1786962125.275,,0,,,,-0.450,-4.987,True,0.416,-109.009,385.85,408.10
1786962125.400,,0,,,,-0.550,-5.115,True,0.414,-109.047,385.77,408.12
1786962125.475,,0,,,,-0.620,-5.205,True,0.413,-108.978,385.94,408.12
1786962125.575,,0,,,,-0.640,-5.231,True,0.413,-108.920,386.08,408.13
1786962125.650,,0,,,,-0.620,-5.205,True,0.413,-108.974,385.96,408.14
1786962125.725,,0,,,,-0.610,-5.193,True,0.413,-109.000,385.91,408.15
1786962125.775,,0,,,,-0.600,-5.180,True,0.414,-109.049,385.81,408.16
1786962125.875,,0,,,,-0.580,-5.154,True,0.414,-109.075,385.75,408.16
1786962125.950,,0,,,,-0.630,-5.218,True,0.413,-109.115,385.66,408.16
1786962126.025,,0,,,,-0.640,-5.231,True,0.413,-109.124,385.64,408.17
1786962126.125,,0,,,,-0.720,-5.334,True,0.412,-109.156,385.58,408.18
1786962126.175,,0,,,,-0.750,-5.373,True,0.411,-109.168,385.55,408.18
1786962126.250,,0,,,,-0.800,-5.437,True,0.410,-109.204,385.47,408.19
1786962126.300,,0,,,,-0.810,-5.450,True,0.410,-109.187,385.52,408.19
1786962126.400,,0,,,,-0.790,-5.424,True,0.411,-109.276,385.31,408.20
1786962126.450,,0,,,,-0.790,-5.424,True,0.411,-109.283,385.30,408.20
1786962126.550,,0,,,,-0.730,-5.347,True,0.412,-109.342,385.17,408.21
1786962126.625,,0,,,,-0.630,-5.218,True,0.413,-109.389,385.06,408.21
1786962126.725,,0,,,,-0.560,-5.128,True,0.414,-109.473,384.87,408.22
1786962126.775,,0,,,,-0.480,-5.025,True,0.416,-109.500,384.81,408.22
1786962126.875,,0,,,,-0.410,-4.935,True,0.417,-109.560,384.67,408.23
1786962126.975,,0,,,,-0.420,-4.948,True,0.416,-109.641,384.49,408.24
1786962127.025,,0,,,,-0.370,-4.884,True,0.417,-109.731,384.28,408.24
1786962127.125,,0,,,,-0.400,-4.922,True,0.417,-109.833,384.04,408.26
1786962127.200,,0,,,,-0.390,-4.910,True,0.417,-109.834,384.04,408.26
1786962127.275,,0,,,,-0.420,-4.948,True,0.416,-109.892,383.91,408.27
1786962127.350,,0,,,,-0.380,-4.897,True,0.417,-109.930,383.83,408.28
1786962127.450,,0,,,,-0.460,-5.000,True,0.416,-109.947,383.79,408.28
1786962127.550,,0,,,,-0.500,-5.051,True,0.415,-109.978,383.72,408.29
1786962127.625,,0,,,,-0.640,-5.231,True,0.413,-110.094,383.44,408.29
1786962127.725,,0,,,,-0.750,-5.373,True,0.411,-110.206,383.17,408.30
1786962127.800,,0,,,,-0.830,-5.476,True,0.410,-110.220,383.14,408.30
1786962127.875,,0,,,,-0.900,-5.566,True,0.409,-110.206,383.18,408.31
1786962127.975,,0,,,,-0.850,-5.501,True,0.410,-110.310,382.93,408.31
1786962128.125,,0,,,,-0.660,-5.257,True,0.413,-110.436,382.63,408.33
1786962128.200,,0,,,,-0.490,-5.038,True,0.415,-110.550,382.35,408.33
1786962128.300,,0,,,,-0.330,-4.832,True,0.418,-110.730,381.91,408.35
1786962128.425,,0,,,,-0.180,-4.639,True,0.420,-110.976,381.29,408.36
1786962128.550,,0,,,,-0.180,-4.639,True,0.420,-111.032,381.16,408.37
1786962128.650,,0,,,,-0.320,-4.819,True,0.418,-111.061,381.10,408.38
1786962128.775,,0,,,,-0.600,-5.180,True,0.414,-111.092,381.04,408.40
1786962128.875,,0,,,,-0.860,-5.514,True,0.409,-111.089,381.05,408.40
1786962129.000,,0,,,,-0.950,-5.630,True,0.408,-110.989,381.31,408.41
1786962129.150,,0,,,,-0.970,-5.656,True,0.408,-111.087,381.07,408.42
1786962129.225,,0,,,,-0.990,-5.682,True,0.407,-111.120,380.99,408.42
1786962129.300,,0,,,,-0.950,-5.630,True,0.408,-111.212,380.76,408.43
1786962129.400,,0,,,,-0.960,-5.643,True,0.408,-111.358,380.38,408.43
1786962129.475,,0,,,,-0.960,-5.643,True,0.408,-111.338,380.44,408.44
1786962129.575,,0,,,,-0.970,-5.656,True,0.408,-111.436,380.19,408.45
1786962129.675,,0,,,,-0.910,-5.579,True,0.409,-111.586,379.81,408.45
1786962129.750,,0,,,,-0.840,-5.489,True,0.410,-111.731,379.43,408.46
1786962129.825,,0,,,,-0.720,-5.334,True,0.412,-111.791,379.28,408.47
1786962129.900,,0,,,,-0.600,-5.180,True,0.414,-111.930,378.92,408.48
1786962129.975,,0,,,,-0.470,-5.012,True,0.416,-111.999,378.74,408.48
1786962130.050,,0,,,,-0.400,-4.922,True,0.417,-112.090,378.50,408.49
1786962130.150,,0,,,,-0.270,-4.755,True,0.419,-112.249,378.08,408.50
1786962130.200,,0,,,,-0.260,-4.742,True,0.419,-112.363,377.78,408.50
1786962130.275,,0,,,,-0.310,-4.807,True,0.418,-112.358,377.79,408.50
1786962130.375,,0,,,,-0.500,-5.051,True,0.415,-112.394,377.71,408.51
1786962130.450,,0,,,,-0.590,-5.167,True,0.414,-112.377,377.76,408.52
1786962130.525,,0,,,,-0.780,-5.411,True,0.411,-112.445,377.58,408.53
1786962130.600,,0,,,,-0.940,-5.617,True,0.408,-112.460,377.55,408.54
1786962130.675,,0,,,,-1.070,-5.784,True,0.406,-112.474,377.51,408.54
1786962130.750,,0,,,,-1.100,-5.823,True,0.406,-112.451,377.58,408.55
1786962130.800,,0,,,,-1.070,-5.784,True,0.406,-112.428,377.65,408.55
1786962130.875,,0,,,,-0.990,-5.682,True,0.407,-112.475,377.52,408.55
1786962130.950,,0,,,,-0.860,-5.514,True,0.409,-112.437,377.63,408.56
1786962131.000,,0,,,,-0.740,-5.360,True,0.411,-112.455,377.58,408.56
1786962131.075,,0,,,,-0.650,-5.244,True,0.413,-112.497,377.47,408.56
1786962131.125,,0,,,,-0.540,-5.103,True,0.415,-112.554,377.32,408.57
1786962131.275,,0,,,,-0.560,-5.128,True,0.414,-112.684,376.97,408.58
1786962131.375,,0,,,,-0.720,-5.334,True,0.412,-112.773,376.74,408.59
1786962131.475,,0,,,,-0.990,-5.682,True,0.407,-112.920,376.34,408.60
1786962131.550,,0,,,,-1.090,-5.810,True,0.406,-113.132,375.76,408.62
1786962131.625,,0,,,,-1.140,-5.875,True,0.405,-113.194,375.59,408.62
1786962131.675,,0,,,,-1.110,-5.836,True,0.406,-113.254,375.43,408.62
1786962131.750,,0,,,,-1.020,-5.720,True,0.407,-113.413,374.99,408.63
1786962131.850,,0,,,,-0.880,-5.540,True,0.409,-113.463,374.85,408.64
1786962131.975,,0,,,,-0.680,-5.283,True,0.412,-113.519,374.70,408.65
1786962132.075,,0,,,,-0.670,-5.270,True,0.412,-113.526,374.68,408.65
1786962132.150,,0,,,,-0.810,-5.450,True,0.410,-113.524,374.70,408.66
1786962132.250,,0,,,,-0.960,-5.643,True,0.408,-113.581,374.54,408.66
1786962132.350,,0,,,,-1.180,-5.926,True,0.404,-113.620,374.44,408.68
1786962132.400,,0,,,,-1.220,-5.977,True,0.404,-113.574,374.57,408.68
1786962132.500,,0,,,,-1.190,-5.939,True,0.404,-113.691,374.24,408.68
1786962132.550,,0,,,,-1.110,-5.836,True,0.406,-113.804,373.93,408.69
1786962132.600,,0,,,,-1.020,-5.720,True,0.407,-113.863,373.76,408.70
1786962132.675,,0,,,,-0.900,-5.566,True,0.409,-113.975,373.44,408.70
1786962132.725,,0,,,,-0.860,-5.514,True,0.409,-114.071,373.17,408.71
1786962132.825,,0,,,,-0.820,-5.463,True,0.410,-114.279,372.57,408.72
1786962132.925,,0,,,,-0.890,-5.553,True,0.409,-114.439,372.11,408.73
1786962132.975,,0,,,,-0.970,-5.656,True,0.408,-114.471,372.02,408.74
1786962133.050,,0,,,,-1.040,-5.746,True,0.407,-114.510,371.91,408.74
1786962133.150,,0,,,,-1.040,-5.746,True,0.407,-114.578,371.72,408.76
1786962133.225,,0,,,,-1.020,-5.720,True,0.407,-114.567,371.76,408.76
1786962133.350,,0,,,,-0.860,-5.514,True,0.409,-114.586,371.71,408.77
1786962133.425,,0,,,,-0.850,-5.501,True,0.410,-114.579,371.73,408.77
1786962133.500,,0,,,,-0.860,-5.514,True,0.409,-114.641,371.56,408.78
1786962133.575,,0,,,,-0.920,-5.591,True,0.409,-114.612,371.65,408.78
1786962133.650,,0,,,,-1.060,-5.772,True,0.406,-114.699,371.39,408.79
1786962133.775,,0,,,,-1.170,-5.913,True,0.405,-114.776,371.17,408.80
1786962133.875,,0,,,,-1.250,-6.016,True,0.403,-114.819,371.05,408.81
1786962133.975,,0,,,,-1.140,-5.875,True,0.405,-114.903,370.81,408.82
1786962134.075,,0,,,,-0.900,-5.566,True,0.409,-115.021,370.46,408.83
1786962134.150,,0,,,,-0.830,-5.476,True,0.410,-115.133,370.14,408.85
1786962134.225,,0,,,,-0.640,-5.231,True,0.413,-115.282,369.69,408.85
1786962134.300,,0,,,,-0.600,-5.180,True,0.414,-115.494,369.05,408.86
1786962134.400,,0,,,,-0.660,-5.257,True,0.413,-115.616,368.69,408.87
1786962134.475,,0,,,,-0.780,-5.411,True,0.411,-115.551,368.89,408.88
1786962134.525,,0,,,,-0.950,-5.630,True,0.408,-115.509,369.02,408.88
1786962134.600,,0,,,,-1.130,-5.862,True,0.405,-115.536,368.95,408.89
1786962134.675,,0,,,,-1.190,-5.939,True,0.404,-115.530,368.97,408.89
1786962134.750,,0,,,,-1.240,-6.003,True,0.404,-115.521,369.00,408.90
1786962134.850,,0,,,,-1.120,-5.849,True,0.405,-115.593,368.79,408.91
1786962134.900,,0,,,,-0.940,-5.617,True,0.408,-115.617,368.72,408.92
1786962134.975,,0,,,,-0.790,-5.424,True,0.411,-115.654,368.61,408.92
1786962135.050,,0,,,,-0.550,-5.115,True,0.414,-115.810,368.13,408.93
1786962135.150,,0,,,,-0.490,-5.038,True,0.415,-115.888,367.90,408.94
1786962135.250,,0,,,,-0.650,-5.244,True,0.413,-115.900,367.87,408.94
1786962135.325,,0,,,,-0.840,-5.489,True,0.410,-116.008,367.54,408.95
1786962135.375,,0,,,,-1.080,-5.797,True,0.406,-115.962,367.68,408.95
1786962135.450,,0,,,,-1.270,-6.042,True,0.403,-116.024,367.49,408.95
1786962135.525,,0,,,,-1.400,-6.190,True,0.404,-115.928,367.80,408.96
1786962135.575,,0,,,,-1.400,-6.190,True,0.404,-115.988,367.61,408.97
1786962135.650,,0,,,,-1.210,-5.965,True,0.404,-116.022,367.51,408.97
1786962135.700,,0,,,,-1.080,-5.797,True,0.406,-116.024,367.52,408.98
1786962135.800,,0,,,,-0.540,-5.103,True,0.415,-116.180,367.04,409.00
1786962135.875,,0,,,,-0.270,-4.755,True,0.419,-116.245,366.84,409.00
1786962135.950,,0,,,,-0.050,-4.472,True,0.422,-116.554,365.87,409.02
1786962136.050,,0,,,,0.270,-4.060,True,0.428,-116.687,365.45,409.02
1786962136.100,,0,,,,0.300,-4.022,True,0.428,-116.855,364.92,409.04
1786962136.175,,0,,,,0.270,-4.060,True,0.428,-116.750,365.26,409.04
1786962136.275,,0,,,,0.030,-4.369,True,0.424,-116.701,365.43,409.05
1786962136.350,,0,,,,-0.340,-4.845,True,0.418,-116.745,365.30,409.06
1786962136.450,,0,,,,-0.750,-5.373,True,0.411,-116.792,365.16,409.07
1786962136.525,,0,,,,-1.060,-5.772,True,0.406,-116.793,365.16,409.08
1786962136.600,,0,,,,-1.250,-6.016,True,0.403,-116.807,365.12,409.09
1786962136.675,,0,,,,-1.300,-6.080,True,0.403,-116.980,364.57,409.09
1786962136.775,,0,,,,-1.220,-5.977,True,0.404,-116.976,364.59,409.11
1786962136.950,,0,,,,-0.770,-5.398,True,0.411,-117.062,364.33,409.12
1786962137.025,,0,,,,-0.580,-5.154,True,0.414,-117.261,363.69,409.13
1786962137.075,,0,,,,-0.550,-5.115,True,0.414,-117.351,363.39,409.13
1786962137.150,,0,,,,-0.520,-5.077,True,0.415,-117.545,362.77,409.15
1786962137.300,,0,,,,-0.700,-5.308,True,0.412,-117.695,362.28,409.15
1786962137.350,,0,,,,-0.790,-5.424,True,0.411,-117.783,362.00,409.18
1786962137.450,,0,,,,-0.920,-5.591,True,0.409,-117.733,362.18,409.19
1786962137.525,,0,,,,-0.930,-5.604,True,0.408,-117.720,362.23,409.19
1786962137.600,,0,,,,-0.910,-5.579,True,0.409,-117.716,362.25,409.20
1786962137.725,,0,,,,-0.790,-5.424,True,0.411,-117.757,362.12,409.21
1786962137.800,,0,,,,-0.700,-5.308,True,0.412,-117.827,361.90,409.22
1786962137.875,,0,,,,-0.620,-5.205,True,0.413,-117.838,361.86,409.22
1786962137.950,,0,,,,-0.560,-5.128,True,0.414,-117.886,361.72,409.24
1786962138.025,,0,,,,-0.520,-5.077,True,0.415,-118.063,361.13,409.24
1786962138.075,,0,,,,-0.510,-5.064,True,0.415,-118.130,360.90,409.24
1786962138.200,,0,,,,-0.610,-5.193,True,0.413,-118.576,359.41,409.27
1786962138.250,,0,,,,-0.790,-5.424,True,0.411,-118.631,359.23,409.27
1786962138.400,,0,,,,-0.990,-5.682,True,0.407,-118.772,358.76,409.29
1786962138.475,,0,,,,-1.050,-5.759,True,0.407,-118.897,358.34,409.30
1786962138.525,,0,,,,-1.080,-5.797,True,0.406,-118.993,358.02,409.32
1786962138.600,,0,,,,-1.090,-5.810,True,0.406,-119.008,357.97,409.32
1786962138.700,,0,,,,-1.090,-5.810,True,0.406,-119.044,357.86,409.33
1786962138.775,,0,,,,-1.030,-5.733,True,0.407,-119.080,357.74,409.33
1786962138.875,,0,,,,-0.930,-5.604,True,0.408,-119.032,357.91,409.34
1786962138.950,,0,,,,-0.870,-5.527,True,0.409,-119.005,358.01,409.36
1786962139.025,,0,,,,-0.820,-5.463,True,0.410,-119.012,357.99,409.36
1786962139.100,,0,,,,-0.830,-5.476,True,0.410,-119.040,357.90,409.37
1786962139.175,,0,,,,-0.930,-5.604,True,0.408,-119.034,357.93,409.37
1786962139.225,,0,,,,-1.000,-5.694,True,0.407,-119.175,357.44,409.38
1786962139.325,,0,,,,-1.340,-6.129,True,0.402,-119.313,356.97,409.39
1786962139.425,,0,,,,-1.540,-6.333,True,0.409,-119.387,356.73,409.40
1786962139.500,,0,,,,-1.590,-6.384,True,0.410,-119.562,356.12,409.42
1786962139.575,,0,,,,-1.550,-6.343,True,0.409,-119.675,355.73,409.43
1786962139.625,,0,,,,-1.440,-6.231,True,0.406,-119.696,355.66,409.43
1786962139.725,,0,,,,-1.110,-5.836,True,0.406,-119.835,355.18,409.44
1786962139.825,,0,,,,-0.790,-5.424,True,0.411,-120.028,354.49,409.45
1786962139.875,,0,,,,-0.590,-5.167,True,0.414,-120.008,354.57,409.45
1786962139.975,,0,,,,-0.430,-4.961,True,0.416,-120.069,354.36,409.47
1786962140.025,,0,,,,-0.400,-4.922,True,0.417,-120.182,353.96,409.47
1786962140.150,,0,,,,-0.490,-5.038,True,0.415,-120.081,354.34,409.49
1786962140.225,,0,,,,-0.680,-5.283,True,0.412,-120.104,354.26,409.49
1786962140.325,,0,,,,-1.010,-5.707,True,0.407,-120.202,353.92,409.50
1786962140.375,,0,,,,-1.180,-5.926,True,0.404,-120.204,353.92,409.51
1786962140.450,,0,,,,-1.300,-6.080,True,0.403,-120.290,353.61,409.52
1786962140.500,,0,,,,-1.440,-6.231,True,0.406,-120.334,353.46,409.53
1786962140.575,,0,,,,-1.490,-6.282,True,0.407,-120.400,353.23,409.53
1786962140.650,,0,,,,-1.450,-6.241,True,0.406,-120.518,352.81,409.54
1786962140.725,,0,,,,-1.310,-6.093,True,0.402,-120.552,352.69,409.55
1786962140.800,,0,,,,-1.090,-5.810,True,0.406,-120.632,352.40,409.55
1786962140.900,,0,,,,-0.800,-5.437,True,0.410,-120.737,352.03,409.56
1786962141.000,,0,,,,-0.580,-5.154,True,0.414,-120.729,352.07,409.57
1786962141.075,,0,,,,-0.570,-5.141,True,0.414,-120.693,352.20,409.57
1786962141.150,,0,,,,-0.600,-5.180,True,0.414,-120.833,351.70,409.59
1786962141.225,,0,,,,-0.670,-5.270,True,0.412,-120.958,351.25,409.59
1786962141.275,,0,,,,-0.730,-5.347,True,0.412,-120.884,351.52,409.60
1786962141.350,,0,,,,-0.840,-5.489,True,0.410,-120.937,351.33,409.60
1786962141.425,,0,,,,-0.930,-5.604,True,0.408,-120.960,351.25,409.61
1786962141.525,,0,,,,-0.900,-5.566,True,0.409,-120.989,351.16,409.62
1786962141.575,,0,,,,-0.810,-5.450,True,0.410,-121.034,350.99,409.63
1786962141.650,,0,,,,-0.700,-5.308,True,0.412,-121.013,351.08,409.63
1786962141.725,,0,,,,-0.490,-5.038,True,0.415,-121.189,350.43,409.64
1786962141.825,,0,,,,-0.300,-4.794,True,0.418,-121.384,349.71,409.65
1786962141.925,,0,,,,-0.190,-4.652,True,0.420,-121.581,348.99,409.66
1786962142.000,,0,,,,-0.130,-4.575,True,0.421,-121.666,348.68,409.67
1786962142.100,,0,,,,-0.110,-4.549,True,0.421,-121.742,348.39,409.67
1786962142.200,,0,,,,-0.300,-4.794,True,0.418,-121.871,347.92,409.68
1786962142.275,,0,,,,-0.520,-5.077,True,0.415,-121.909,347.78,409.69
1786962142.350,,0,,,,-0.820,-5.463,True,0.410,-121.920,347.75,409.70
1786962142.450,,0,,,,-1.030,-5.733,True,0.407,-122.038,347.30,409.70
1786962142.550,,0,,,,-1.120,-5.849,True,0.405,-121.941,347.69,409.72
1786962142.625,,0,,,,-1.100,-5.823,True,0.406,-121.956,347.63,409.72
1786962142.700,,0,,,,-0.920,-5.591,True,0.409,-122.039,347.32,409.73
1786962142.800,,0,,,,-0.750,-5.373,True,0.411,-122.209,346.68,409.74
1786962142.875,,0,,,,-0.580,-5.154,True,0.414,-122.300,346.34,409.74
1786962142.950,,0,,,,-0.500,-5.051,True,0.415,-122.512,345.54,409.75
1786962143.000,,0,,,,-0.450,-4.987,True,0.416,-122.674,344.91,409.75
1786962143.075,,0,,,,-0.440,-4.974,True,0.416,-122.753,344.61,409.75
1786962143.150,,0,,,,-0.480,-5.025,True,0.416,-122.921,343.97,409.77
1786962143.250,,0,,,,-0.540,-5.103,True,0.415,-123.015,343.60,409.77
1786962143.350,,0,,,,-0.620,-5.205,True,0.413,-123.142,343.12,409.78
1786962143.425,,0,,,,-0.640,-5.231,True,0.413,-123.208,342.86,409.79
1786962143.500,,0,,,,-0.620,-5.205,True,0.413,-123.313,342.46,409.80
1786962143.600,,0,,,,-0.530,-5.090,True,0.415,-123.432,342.00,409.80
1786962143.650,,0,,,,-0.470,-5.012,True,0.416,-123.485,341.79,409.80
1786962143.725,,0,,,,-0.410,-4.935,True,0.417,-123.568,341.47,409.81
1786962143.775,,0,,,,-0.340,-4.845,True,0.418,-123.670,341.07,409.82
1786962143.850,,0,,,,-0.290,-4.781,True,0.419,-123.714,340.89,409.82
1786962143.950,,0,,,,-0.270,-4.755,True,0.419,-123.892,340.19,409.82
1786962144.025,,0,,,,-0.360,-4.871,True,0.417,-124.358,338.32,409.83
1786962144.100,,0,,,,-0.400,-4.922,True,0.417,-124.197,338.98,409.84
1786962144.175,,0,,,,-0.470,-5.012,True,0.416,-124.217,338.90,409.85
1786962144.250,,0,,,,-0.550,-5.115,True,0.414,-124.768,336.68,409.85
1786962144.350,,0,,,,-0.580,-5.154,True,0.414,-125.001,335.74,409.87
1786962144.425,,0,,,,-0.630,-5.218,True,0.413,-125.171,335.04,409.87
1786962144.500,,0,,,,-0.700,-5.308,True,0.412,-125.374,334.21,409.88
1786962144.600,,0,,,,-0.820,-5.463,True,0.410,-125.460,333.86,409.89
1786962144.650,,0,,,,-0.900,-5.566,True,0.409,-125.506,333.67,409.89
1786962144.750,,0,,,,-0.960,-5.643,True,0.408,-125.609,333.26,409.90
1786962144.825,,0,,,,-0.990,-5.682,True,0.407,-125.626,333.19,409.90
1786962144.900,,0,,,,-0.990,-5.682,True,0.407,-125.660,333.05,409.91
1786962144.975,,0,,,,-0.910,-5.579,True,0.409,-125.756,332.65,409.91
1786962145.075,,0,,,,-0.800,-5.437,True,0.410,-125.785,332.52,409.91
1786962145.175,,0,,,,-0.770,-5.398,True,0.411,-125.840,332.30,409.91
1786962145.225,,0,,,,-0.770,-5.398,True,0.411,-125.940,331.88,409.92
1786962145.325,,0,,,,-0.760,-5.386,True,0.411,-125.988,331.69,409.92
1786962145.425,,0,,,,-0.780,-5.411,True,0.411,-126.173,330.92,409.94
1786962145.450,,0,,,,-0.750,-5.373,True,0.411,-126.298,330.39,409.94
1786962145.525,,0,,,,-0.770,-5.398,True,0.411,-126.424,329.86,409.95
1786962145.600,,0,,,,-0.670,-5.270,True,0.412,-126.718,328.62,409.96
1786962145.700,,0,,,,-0.520,-5.077,True,0.415,-126.943,327.66,409.97
1786962145.775,,0,,,,-0.380,-4.897,True,0.417,-127.130,326.86,409.98
1786962145.850,,0,,,,-0.170,-4.626,True,0.420,-127.281,326.21,409.98
1786962145.925,,0,,,,0.000,-4.408,True,0.423,-127.398,325.70,409.98
1786962146.025,,0,,,,0.150,-4.215,True,0.426,-127.663,324.55,409.98
1786962146.125,,0,,,,0.160,-4.202,True,0.426,-127.795,323.98,409.99
1786962146.225,,0,,,,0.040,-4.356,True,0.424,-127.953,323.28,409.99
1786962146.275,,0,,,,-0.050,-4.472,True,0.422,-128.048,322.87,409.99
1786962146.375,,0,,,,-0.230,-4.704,True,0.420,-128.076,322.75,410.00
1786962146.450,,0,,,,-0.400,-4.922,True,0.417,-128.040,322.91,410.01
1786962146.550,,0,,,,-0.540,-5.103,True,0.415,-128.164,322.37,410.01
1786962146.625,,0,,,,-0.600,-5.180,True,0.414,-128.176,322.32,410.02
1786962146.725,,0,,,,-0.590,-5.167,True,0.414,-128.450,321.11,410.02
1786962146.800,,0,,,,-0.500,-5.051,True,0.415,-128.677,320.10,410.03
1786962146.900,,0,,,,-0.330,-4.832,True,0.418,-128.845,319.36,410.04
1786962147.025,,0,,,,-0.040,-4.459,True,0.423,-129.298,317.32,410.05
1786962147.100,,0,,,,0.140,-4.228,True,0.426,-129.602,315.95,410.06
1786962147.175,,0,,,,0.130,-4.240,True,0.425,-129.689,315.55,410.06
1786962147.350,,0,,,,-0.170,-4.626,True,0.420,-129.828,314.92,410.07
1786962147.475,,0,,,,-0.380,-4.897,True,0.417,-130.063,313.84,410.07
1786962147.550,,0,,,,-0.360,-4.871,True,0.417,-130.257,312.95,410.08
1786962147.625,,0,,,,-0.310,-4.807,True,0.418,-130.328,312.62,410.08
1786962147.700,,0,,,,-0.110,-4.549,True,0.421,-130.565,311.53,410.08
1786962147.800,,0,,,,0.050,-4.343,True,0.424,-130.804,310.42,410.09
1786962147.850,,0,,,,0.100,-4.279,True,0.425,-130.977,309.61,410.09
1786962147.950,,0,,,,0.140,-4.228,True,0.426,-131.284,308.17,410.10
1786962148.000,,0,,,,0.050,-4.343,True,0.424,-131.521,307.05,410.11
1786962148.100,,0,,,,-0.050,-4.472,True,0.422,-131.685,306.28,410.12
1786962148.150,,0,,,,-0.170,-4.626,True,0.420,-131.787,305.80,410.12
1786962148.250,,0,,,,-0.230,-4.704,True,0.420,-132.032,304.63,410.13
1786962148.325,,0,,,,-0.230,-4.704,True,0.420,-132.206,303.80,410.13
1786962148.425,,0,,,,-0.210,-4.678,True,0.420,-132.454,302.61,410.14
1786962148.500,,0,,,,-0.140,-4.588,True,0.421,-132.516,302.31,410.14
1786962148.575,,0,,,,-0.070,-4.498,True,0.422,-132.654,301.64,410.14
1786962148.650,,0,,,,-0.070,-4.498,True,0.422,-132.802,300.92,410.14
1786962148.725,,0,,,,-0.060,-4.485,True,0.422,-132.972,300.10,410.14
1786962148.825,,0,,,,-0.140,-4.588,True,0.421,-133.098,299.48,410.14
1786962148.875,,0,,,,-0.230,-4.704,True,0.420,-133.230,298.83,410.14
1786962149.025,,0,,,,-0.310,-4.807,True,0.418,-133.848,295.80,410.16
1786962149.100,,0,,,,-0.320,-4.819,True,0.418,-134.365,293.23,410.17
1786962149.175,,0,,,,-0.280,-4.768,True,0.419,-134.383,293.14,410.17
1786962149.250,,0,,,,-0.220,-4.691,True,0.420,-134.408,293.02,410.18
1786962149.325,,0,,,,-0.180,-4.639,True,0.420,-134.470,292.72,410.19
1786962149.425,,0,,,,-0.060,-4.485,True,0.422,-134.765,291.24,410.20
1786962149.525,,0,,,,0.020,-4.382,True,0.424,-135.113,289.49,410.21
1786962149.600,,0,,,,0.030,-4.369,True,0.424,-135.473,287.66,410.22
1786962149.700,,0,,,,0.040,-4.356,True,0.424,-135.715,286.43,410.22
1786962149.775,,0,,,,0.010,-4.395,True,0.423,-135.919,285.38,410.22
1786962149.850,,0,,,,0.010,-4.395,True,0.423,-136.073,284.58,410.22
1786962149.925,,0,,,,-0.050,-4.472,True,0.422,-136.114,284.37,410.22
1786962150.025,,0,,,,0.070,-4.318,True,0.424,-136.012,284.90,410.22
1786962150.125,,0,,,,0.250,-4.086,True,0.427,-136.081,284.54,410.22
1786962150.175,,0,,,,0.360,-3.945,True,0.429,-136.286,283.49,410.22
1786962150.275,,0,,,,0.490,-3.777,True,0.431,-136.548,282.13,410.23
1786962150.400,,0,,,,0.520,-3.739,True,0.432,-137.007,279.75,410.24
1786962150.475,,0,,,,0.480,-3.790,True,0.431,-137.279,278.32,410.25
1786962150.550,,0,,,,0.420,-3.867,True,0.430,-137.520,277.07,410.26
1786962150.625,,0,,,,0.310,-4.009,True,0.428,-137.765,275.77,410.27
1786962150.700,,0,,,,0.220,-4.125,True,0.427,-137.880,275.17,410.28
1786962150.800,,0,,,,0.250,-4.086,True,0.427,-138.050,274.26,410.28
1786962150.850,,0,,,,0.330,-3.983,True,0.429,-138.247,273.21,410.28
1786962150.925,,0,,,,0.470,-3.803,True,0.431,-138.380,272.50,410.28
1786962151.000,,0,,,,0.660,-3.558,True,0.434,-138.435,272.21,410.28
1786962151.075,,0,,,,0.730,-3.468,True,0.435,-138.503,271.84,410.28
1786962151.150,,0,,,,0.860,-3.301,True,0.437,-138.401,272.39,410.28
1786962151.225,,0,,,,0.920,-3.224,True,0.438,-138.474,272.00,410.28
1786962151.325,,0,,,,0.830,-3.340,True,0.437,-138.631,271.16,410.28
1786962151.424,,0,,,,0.680,-3.533,True,0.434,-138.723,270.67,410.29
1786962151.500,,0,,,,0.640,-3.584,True,0.434,-138.935,269.53,410.29
1786962151.575,,0,,,,0.290,-4.035,True,0.428,-139.061,268.85,410.30
1786962151.625,,0,,,,0.230,-4.112,True,0.427,-139.294,267.60,410.31
1786962151.724,,0,,,,0.030,-4.369,True,0.424,-139.617,265.85,410.32
1786962151.849,,0,,,,0.150,-4.215,True,0.426,-139.974,263.90,410.34
1786962151.924,,0,,,,0.440,-3.842,True,0.430,-140.595,260.49,410.35
1786962152.075,,0,,,,0.940,-3.198,True,0.439,-140.865,258.99,410.35
1786962152.175,,0,,,,1.120,-2.967,True,0.442,-141.245,256.88,410.35
1786962152.600,,0,,,,-0.010,-4.421,True,0.423,-142.916,247.44,410.36
1786962152.675,,0,,,,-0.160,-4.614,True,0.421,-143.110,246.33,410.36
1786962152.725,,0,,,,-0.210,-4.678,True,0.420,-143.341,245.01,410.36
1786962152.800,,0,,,,-0.160,-4.614,True,0.421,-143.558,243.76,410.37
1786962152.850,,0,,,,-0.070,-4.498,True,0.422,-143.855,242.05,410.37
1786962152.925,,0,,,,0.220,-4.125,True,0.427,-144.159,240.29,410.38
1786962153.000,,0,,,,0.590,-3.649,True,0.433,-145.495,232.47,410.39
1786962153.075,,0,,,,0.970,-3.160,True,0.439,-146.163,228.52,410.39
1786962153.150,,0,,,,1.320,-2.709,True,0.445,-146.449,226.82,410.40
1786962153.249,,0,,,,1.540,-2.426,True,0.449,-146.053,229.18,410.40
1786962153.349,,0,,,,1.500,-2.478,True,0.448,-145.810,230.62,410.40
1786962153.425,,0,,,,1.380,-2.632,True,0.446,-146.388,227.19,410.40
1786962153.475,,0,,,,1.250,-2.799,True,0.444,-146.569,226.11,410.40
1786962153.550,,0,,,,1.090,-3.005,True,0.441,-146.682,225.43,410.40
1786962153.649,,0,,,,0.870,-3.288,True,0.438,-146.675,225.47,410.41
1786962153.749,,0,,,,0.780,-3.404,True,0.436,-146.589,225.99,410.41
1786962153.824,,0,,,,0.760,-3.430,True,0.436,-146.616,225.83,410.42
1786962153.899,,0,,,,0.860,-3.301,True,0.437,-146.682,225.44,410.43
1786962153.975,,0,,,,0.960,-3.172,True,0.439,-146.854,224.41,410.43
1786962154.049,,0,,,,1.020,-3.095,True,0.440,-146.960,223.78,410.44
1786962154.124,,0,,,,1.080,-3.018,True,0.441,-147.075,223.09,410.45
1786962154.225,,0,,,,1.110,-2.979,True,0.442,-147.241,222.10,410.46
1786962154.299,,0,,,,1.050,-3.057,True,0.441,-147.381,221.26,410.46
1786962154.374,,0,,,,0.900,-3.250,True,0.438,-147.605,219.90,410.46
1786962154.449,,0,,,,0.730,-3.468,True,0.435,-147.692,219.39,410.47
1786962154.525,,0,,,,0.530,-3.726,True,0.432,-147.799,218.74,410.48
1786962154.624,,0,,,,0.480,-3.790,True,0.431,-147.888,218.20,410.48
1786962154.699,,0,,,,0.450,-3.829,True,0.431,-147.852,218.42,410.48
1786962154.799,,0,,,,0.620,-3.610,True,0.433,-147.794,218.77,410.48
1786962154.874,,0,,,,0.740,-3.456,True,0.435,-147.903,218.11,410.48
1786962154.949,,0,,,,0.880,-3.275,True,0.438,-147.916,218.03,410.48
1786962155.025,,0,,,,0.970,-3.160,True,0.439,-148.134,216.71,410.48
1786962155.074,,0,,,,1.050,-3.057,True,0.441,-148.144,216.65,410.48
1786962155.174,,0,,,,1.110,-2.979,True,0.442,-148.151,216.61,410.49
1786962155.249,,0,,,,1.120,-2.967,True,0.442,-148.246,216.04,410.50
1786962155.374,,0,,,,1.060,-3.044,True,0.441,-148.429,214.92,410.51
1786962155.450,,0,,,,1.120,-2.967,True,0.442,-148.613,213.80,410.52
1786962155.499,,0,,,,1.130,-2.954,True,0.442,-148.834,212.46,410.52
1786962155.649,,0,,,,1.330,-2.696,True,0.445,-149.161,210.45,410.53
1786962155.699,,0,,,,1.440,-2.555,True,0.447,-149.197,210.23,410.53
1786962155.774,,0,,,,1.600,-2.349,True,0.450,-149.315,209.50,410.53
1786962155.899,,0,,,,1.730,-2.182,True,0.452,-149.344,209.33,410.54
1786962155.949,,0,,,,1.760,-2.143,True,0.453,-149.528,208.20,410.55
1786962156.049,,0,,,,1.640,-2.298,True,0.451,-149.563,207.98,410.55
1786962156.124,,0,,,,1.490,-2.491,True,0.448,-149.710,207.07,410.56
1786962156.174,,0,,,,1.170,-2.902,True,0.443,-149.857,206.17,410.56
1786962156.250,,0,,,,0.940,-3.198,True,0.439,-149.812,206.45,410.57
1786962156.324,,0,,,,0.650,-3.571,True,0.434,-149.810,206.47,410.58
1786962156.399,,0,,,,0.470,-3.803,True,0.431,-149.708,207.11,410.59
1786962156.749,,0,,,,0.000,-4.408,True,0.423,-150.526,202.04,410.63
1786962156.824,,0,,,,-0.010,-4.421,True,0.423,-150.731,200.76,410.63
1786962199.574,,0,,,,61.320,59.618,True,0.860,-163.356,117.07,408.74
1786962199.649,,0,,,,61.320,59.618,True,0.860,-164.512,109.15,408.75
1786962199.724,,0,,,,61.320,59.618,True,0.860,-164.975,105.97,408.76
1786962199.799,,0,,,,61.320,59.618,True,0.860,-165.223,104.26,408.77
1786962199.874,,0,,,,60.450,58.760,True,0.860,-164.903,106.47,408.77
1786962199.949,,0,,,,60.580,58.888,True,0.860,-164.135,111.75,408.78
1786962200.049,,0,,,,60.480,58.789,True,0.860,-164.097,112.01,408.79
1786962200.124,,0,,,,60.300,58.612,True,0.860,-163.955,112.98,408.79
1786962200.199,,0,,,,59.880,58.198,True,0.860,-163.662,114.99,408.79
1786962200.274,,0,,,,59.530,57.852,True,0.860,-163.160,118.43,408.80
1786962200.349,,0,,,,59.000,57.330,True,0.860,-162.625,122.08,408.80
1786962200.424,,0,,,,58.840,57.172,True,0.860,-162.369,123.82,408.81
1786962200.499,,0,,,,58.840,57.172,True,0.860,-162.005,126.30,408.81
1786962200.574,,0,,,,58.840,57.172,True,0.860,-161.937,126.76,408.81
1786962200.649,,0,,,,59.080,57.409,True,0.860,-161.616,128.93,408.81
1786962200.724,,0,,,,59.690,58.010,True,0.860,-160.980,133.23,408.81
1786962200.824,,0,,,,60.450,58.760,True,0.860,-160.890,133.84,408.82
1786962200.949,,0,,,,60.940,59.243,True,0.860,-161.081,132.56,408.84
1786962200.999,,0,,,,60.870,59.174,True,0.860,-160.995,133.14,408.84
1786962201.099,,0,,,,60.540,58.849,True,0.860,-160.980,133.25,408.86
1786962201.174,,0,,,,60.210,58.523,True,0.860,-160.465,136.71,408.86
1786962201.249,,0,,,,59.780,58.099,True,0.860,-160.034,139.62,408.88
1786962201.349,,0,,,,59.610,57.931,True,0.860,-159.726,141.68,408.88
1786962201.424,,0,,,,59.560,57.882,True,0.860,-159.089,145.94,408.89
1786962201.474,,0,,,,59.530,57.852,True,0.860,-158.619,149.07,408.89
1786962201.574,,0,,,,59.500,57.823,True,0.860,-158.370,150.72,408.89
1786962201.649,,0,,,,59.520,57.843,True,0.860,-158.102,152.50,408.89
1786962201.699,,0,,,,58.990,57.320,True,0.860,-157.705,155.12,408.89
1786962201.774,,0,,,,58.410,56.748,True,0.860,-157.229,158.26,408.88
1786962201.824,,0,,,,57.980,56.324,True,0.860,-156.482,163.16,408.89
1786962201.899,,0,,,,57.230,55.584,True,0.860,-155.510,169.50,408.89
1786962201.974,,0,,,,56.260,54.627,True,0.860,-155.112,172.08,408.89
1786962202.024,,0,,,,55.510,53.887,True,0.860,-153.313,183.64,408.90
1786962202.099,,0,,,,54.710,53.098,True,0.860,-152.109,191.28,408.91
1786962202.199,,0,,,,53.860,52.393,True,0.860,-151.162,197.23,408.91
1786962202.549,,0,,,,50.790,49.870,True,0.860,-146.999,222.75,408.97
1786962202.749,,0,,,,49.260,48.612,True,0.860,-147.609,219.09,408.99
1786962202.824,,0,,,,47.830,47.437,True,0.860,-147.538,219.52,408.99
1786962202.999,,0,,,,45.430,45.464,True,0.860,-145.385,232.33,408.99
1786962203.299,,0,,,,42.840,43.336,True,0.860,-145.227,233.26,409.00
1786962203.374,,0,,,,42.720,43.237,True,0.860,-145.253,233.11,409.00
1786962203.424,,0,,,,42.650,43.177,True,0.860,-146.254,227.21,409.01
1786962203.474,,0,,,,42.480,43.015,True,0.861,-146.342,226.69,409.01
1786962203.674,,0,,,,42.240,42.786,True,0.863,-145.555,231.35,409.03
1786962203.774,,0,,,,42.180,42.728,True,0.863,-145.141,233.79,409.04
1786962203.874,,0,,,,42.040,42.595,True,0.864,-144.678,236.50,409.05
1786962203.949,,0,,,,41.850,42.413,True,0.865,-144.331,238.52,409.05
1786962204.024,,0,,,,41.650,42.222,True,0.866,-144.406,238.09,409.06
1786962204.099,,0,,,,41.510,42.089,True,0.867,-144.321,238.59,409.07
1786962204.199,,0,,,,40.820,41.430,True,0.872,-144.000,240.45,409.08
1786962204.324,,0,,,,40.420,41.048,True,0.874,-143.642,242.52,409.08
1786962204.449,,0,,,,39.580,40.246,True,0.880,-142.980,246.31,409.09
1786962204.524,,0,,,,39.190,39.874,True,0.882,-143.425,243.77,409.09
1786962204.574,,0,,,,38.950,39.645,True,0.884,-143.311,244.42,409.09
1786962204.624,,0,,,,38.770,39.473,True,0.885,-142.265,250.37,409.10
1786962204.724,,0,,,,38.260,38.986,True,0.888,-142.195,250.77,409.10
1786962204.799,,0,,,,37.750,38.500,True,0.891,-141.700,253.56,409.11
1786962204.849,,0,,,,37.370,38.137,True,0.894,-141.693,253.60,409.12
1786962204.924,,0,,,,36.780,37.574,True,0.898,-141.380,255.35,409.12
1786962204.999,,0,,,,36.130,36.953,True,0.902,-140.918,257.93,409.14
1786962205.074,,0,,,,35.910,36.743,True,0.903,-140.379,260.92,409.15
1786962205.174,,0,,,,35.840,36.676,True,0.904,-140.403,260.78,409.15
1786962205.249,,0,,,,35.860,36.696,True,0.903,-139.893,263.59,409.16
1786962205.349,,0,,,,36.090,36.915,True,0.902,-139.621,265.07,409.16
1786962205.449,,0,,,,36.210,37.030,True,0.901,-139.032,268.26,409.16
1786962205.524,,0,,,,36.170,36.991,True,0.901,-139.144,267.65,409.16
1786962205.624,,0,,,,35.950,36.781,True,0.903,-138.342,271.96,409.16
1786962205.724,,0,,,,35.750,36.591,True,0.904,-137.938,274.11,409.16
1786962205.824,,0,,,,35.560,36.409,True,0.905,-137.371,277.11,409.17
1786962205.899,,0,,,,35.140,36.008,True,0.908,-137.100,278.54,409.18
1786962206.074,,0,,,,34.380,35.283,True,0.913,-136.848,279.87,409.20
1786962206.124,,0,,,,33.890,34.815,True,0.916,-136.224,283.10,409.20
1786962206.224,,0,,,,33.730,34.662,True,0.917,-135.688,285.86,409.21
1786962206.299,,0,,,,33.680,34.615,True,0.917,-135.209,288.30,409.21
1786962206.424,,0,,,,33.500,34.443,True,0.919,-134.995,289.38,409.21
1786962206.474,,0,,,,33.350,34.300,True,0.920,-134.756,290.58,409.21
1786962206.549,,0,,,,33.350,34.300,True,0.920,-134.213,293.29,409.20
1786962206.624,,0,,,,33.410,34.357,True,0.919,-133.668,295.99,409.19
1786962206.699,,0,,,,33.550,34.491,True,0.918,-133.384,297.38,409.18
1786962206.749,,0,,,,33.660,34.596,True,0.918,-133.207,298.25,409.18
1786962206.799,,0,,,,33.740,34.672,True,0.917,-132.710,300.66,409.18
1786962206.849,,0,,,,33.810,34.739,True,0.917,-132.758,300.43,409.18
1786962206.924,,0,,,,34.000,34.920,True,0.915,-132.221,303.02,409.18
1786962206.999,,0,,,,34.260,35.168,True,0.914,-131.913,304.50,409.19
1786962207.049,,0,,,,34.260,35.168,True,0.914,-132.192,303.17,409.19
1786962207.149,,0,,,,33.760,34.691,True,0.917,-132.621,301.12,409.21
1786962207.224,,0,,,,33.140,34.099,True,0.921,-132.743,300.54,409.23
1786962207.324,,0,,,,32.320,33.315,True,0.926,-132.586,301.31,409.24
1786962207.424,,0,,,,31.610,32.537,True,0.901,-132.614,301.17,409.23
1786962207.499,,0,,,,31.390,32.296,True,0.893,-132.231,302.99,409.21
1786962207.549,,0,,,,31.510,32.427,True,0.898,-131.909,304.52,409.19
1786962207.624,,0,,,,32.160,33.140,True,0.920,-131.386,306.98,409.16
1786962207.724,,0,,,,33.400,34.347,True,0.919,-130.577,310.73,409.11
1786962207.874,,0,,,,36.010,36.839,True,0.903,-130.087,312.94,409.04
1786962207.924,,0,,,,37.200,37.975,True,0.895,-129.135,317.25,409.01
1786962208.024,,0,,,,38.660,39.368,True,0.886,-128.045,322.07,408.97
1786962208.174,,0,,,,42.370,42.910,True,0.862,-126.206,329.96,408.93
1786962208.249,,0,,,,43.070,43.525,True,0.860,-125.906,331.21,408.91
1786962208.449,,0,,,,44.320,44.552,True,0.860,-125.539,332.75,408.93
1786962208.499,,0,,,,44.160,44.421,True,0.860,-126.412,329.10,408.93
1786962208.624,,0,,,,43.160,43.599,True,0.860,-128.728,319.01,408.93
1786962208.699,,0,,,,42.650,43.177,True,0.860,-128.877,318.33,408.91
1786962208.799,,0,,,,42.190,42.738,True,0.863,-129.215,316.79,408.88
1786962208.874,,0,,,,42.260,42.805,True,0.863,-129.624,314.93,408.87
1786962208.974,,0,,,,42.890,43.377,True,0.860,-130.593,310.43,408.81
1786962209.074,,0,,,,44.470,44.675,True,0.860,-131.037,308.33,408.77
1786962209.149,,0,,,,46.620,46.443,True,0.860,-131.585,305.71,408.72
1786962209.224,,0,,,,47.900,47.495,True,0.860,-131.860,304.38,408.68
1786962209.299,,0,,,,49.780,49.040,True,0.860,-131.572,305.73,408.67
1786962209.399,,0,,,,52.880,51.588,True,0.860,-131.989,303.69,408.59
1786962209.474,,0,,,,55.270,53.651,True,0.860,-131.582,305.62,408.58
1786962209.649,,0,,,,58.580,56.915,True,0.860,-131.897,304.08,408.52
1786962209.749,,0,,,,60.510,58.819,True,0.860,-131.665,305.18,408.51
1786962209.824,,0,,,,61.600,59.894,True,0.860,-132.313,302.09,408.51
1786962209.924,,0,,,,63.050,61.324,True,0.860,-132.615,300.63,408.51
1786962210.024,,0,,,,63.660,61.926,True,0.860,-133.244,297.57,408.50
1786962210.149,,0,,,,63.690,61.955,True,0.860,-133.212,297.71,408.48
1786962210.424,,0,,,,64.000,62.261,True,0.860,-132.995,298.71,408.40
1786962210.524,,0,,,,64.500,62.754,True,0.860,-133.186,297.75,408.37
1786962210.624,,0,,,,65.380,63.762,True,0.883,-132.945,298.90,408.32
1786962210.699,,0,,,,66.150,64.674,True,0.909,-132.784,299.65,408.29
1786962210.774,,0,,,,66.780,65.419,True,0.929,-132.676,300.17,408.28
1786962210.849,,0,,,,67.710,66.520,True,0.960,-132.021,303.29,408.24
1786962210.924,,0,,,,68.510,67.467,True,0.987,-131.620,305.16,408.21
1786962210.999,,0,,,,69.430,68.556,True,1.018,-130.969,308.20,408.18
1786962211.074,,0,,,,70.580,69.917,True,1.056,-130.674,309.57,408.17
1786962211.174,,0,,,,71.700,71.242,True,1.094,-130.619,309.80,408.14
1786962211.249,,0,,,,72.370,72.035,True,1.116,-130.521,310.24,408.12
1786962211.299,,0,,,,72.780,72.521,True,1.130,-130.745,309.19,408.11
1786962211.374,,0,,,,73.240,73.044,True,1.137,-130.519,310.23,408.10
1786962211.449,,0,,,,73.550,73.384,True,1.137,-130.463,310.48,408.08
1786962211.549,,0,,,,73.780,73.636,True,1.137,-130.271,311.36,408.07
1786962211.624,,0,,,,73.900,73.767,True,1.137,-130.117,312.05,408.05
1786962211.724,,0,,,,73.830,73.691,True,1.137,-129.896,313.05,408.03
1786962211.849,,0,,,,73.460,73.285,True,1.137,-129.301,315.72,408.00
1786962211.949,,0,,,,73.300,73.110,True,1.137,-128.570,318.97,407.97
1786962211.999,,0,,,,73.180,72.978,True,1.137,-128.231,320.45,407.95
1786962212.049,,0,,,,73.140,72.934,True,1.137,-127.986,321.53,407.94
1786962212.149,,0,,,,73.200,73.000,True,1.137,-127.397,324.06,407.91
1786962212.249,,0,,,,73.340,73.154,True,1.137,-126.805,326.57,407.86
1786962212.324,,0,,,,73.470,73.296,True,1.137,-126.391,328.31,407.85
1786962212.399,,0,,,,73.750,73.603,True,1.137,-126.101,329.51,407.81
1786962212.474,,0,,,,74.030,73.910,True,1.137,-125.912,330.29,407.80
1786962212.549,,0,,,,74.410,74.326,True,1.137,-125.598,331.57,407.78
1786962212.649,,0,,,,74.860,74.819,True,1.137,-125.186,333.25,407.75
1786962212.724,,0,,,,75.290,75.291,True,1.137,-124.996,334.02,407.74
1786962212.774,,0,,,,75.480,75.499,True,1.137,-124.866,334.54,407.73
1786962212.899,,0,,,,75.740,75.784,True,1.137,-124.895,334.40,407.71
1786962212.949,,0,,,,75.810,75.860,True,1.137,-124.800,334.77,407.68
1786962213.049,,0,,,,75.770,75.817,True,1.137,-124.829,334.63,407.66
1786962213.124,,0,,,,75.650,75.685,True,1.137,-124.800,334.74,407.65
1786962213.224,,0,,,,75.370,75.378,True,1.137,-124.755,334.90,407.63
1786962213.324,,0,,,,75.190,75.181,True,1.137,-124.607,335.49,407.60
1786962213.424,,0,,,,74.850,74.808,True,1.137,-124.277,336.79,407.58
1786962213.499,,0,,,,74.660,74.600,True,1.137,-123.847,338.48,407.55
1786962213.574,,0,,,,74.550,74.480,True,1.137,-123.773,338.77,407.55
1786962213.649,,0,,,,74.350,74.260,True,1.137,-123.343,340.43,407.51
1786962213.724,,0,,,,74.080,73.965,True,1.137,-122.883,342.20,407.49
1786962213.849,,0,,,,73.910,73.778,True,1.137,-122.420,343.95,407.45
1786962213.924,,0,,,,73.870,73.734,True,1.137,-122.097,345.16,407.44
1786962213.974,,0,,,,73.940,73.811,True,1.137,-121.962,345.66,407.43
1786962214.049,,0,,,,73.920,73.789,True,1.137,-121.684,346.68,407.40
1786962214.124,,0,,,,73.910,73.778,True,1.137,-121.428,347.62,407.38
1786962214.199,,0,,,,73.950,73.822,True,1.137,-121.138,348.67,407.36
1786962214.299,,0,,,,73.990,73.866,True,1.137,-121.033,349.03,407.34
1786962214.399,,0,,,,73.970,73.844,True,1.137,-120.905,349.48,407.31
1786962214.474,,0,,,,73.910,73.778,True,1.137,-120.719,350.16,407.31
1786962214.549,,0,,,,73.780,73.636,True,1.137,-120.540,350.79,407.29
1786962214.624,,0,,,,73.500,73.329,True,1.137,-120.462,351.06,407.28
1786962214.699,,0,,,,73.240,73.044,True,1.137,-120.308,351.61,407.27
1786962214.749,,0,,,,73.040,72.825,True,1.137,-120.347,351.46,407.27
1786962214.824,,0,,,,72.740,72.473,True,1.128,-120.086,352.38,407.24
1786962214.899,,0,,,,72.300,71.953,True,1.114,-120.093,352.34,407.23
1786962215.024,,0,,,,71.780,71.337,True,1.096,-119.943,352.85,407.21
1786962215.099,,0,,,,71.450,70.946,True,1.085,-119.757,353.49,407.18
1786962215.174,,0,,,,71.160,70.603,True,1.075,-119.663,353.81,407.16
1786962215.249,,0,,,,70.800,70.177,True,1.063,-119.439,354.57,407.14
1786962215.324,,0,,,,70.390,69.692,True,1.050,-119.369,354.79,407.12
1786962215.424,,0,,,,69.930,69.147,True,1.034,-119.281,355.07,407.09
1786962215.549,,0,,,,69.520,68.662,True,1.021,-119.303,354.97,407.06
1786962215.624,,0,,,,69.540,68.686,True,1.021,-119.000,356.01,407.04
1786962215.724,,0,,,,69.840,69.041,True,1.031,-118.911,356.29,407.02
1786962215.799,,0,,,,70.180,69.443,True,1.043,-118.731,356.89,406.99
1786962215.899,,0,,,,70.430,69.739,True,1.051,-118.567,357.44,406.99
1786962215.974,,0,,,,70.530,69.858,True,1.054,-118.407,357.96,406.96
1786962216.049,,0,,,,70.480,69.798,True,1.053,-118.089,359.02,406.94
1786962216.149,,0,,,,70.130,69.384,True,1.041,-118.078,359.03,406.93
1786962216.249,,0,,,,69.690,68.863,True,1.026,-118.205,358.60,406.91
1786962216.349,,0,,,,69.070,68.130,True,1.006,-118.329,358.17,406.90
1786962216.424,,0,,,,68.670,67.656,True,0.992,-118.447,357.76,406.89
1786962216.474,,0,,,,68.490,67.443,True,0.986,-118.685,356.95,406.89
1786962216.574,,0,,,,68.090,66.970,True,0.973,-118.442,357.75,406.86
1786962216.649,,0,,,,67.890,66.733,True,0.966,-117.957,359.36,406.84
1786962216.699,,0,,,,67.730,66.544,True,0.961,-117.521,360.79,406.82
1786962216.774,,0,,,,67.580,66.366,True,0.956,-117.273,361.58,406.81
1786962216.824,,0,,,,67.420,66.177,True,0.951,-116.866,362.88,406.79
1786962216.899,,0,,,,67.100,65.798,True,0.940,-116.358,364.47,406.76
1786962216.974,,0,,,,66.880,65.538,True,0.933,-116.276,364.72,406.74
1786962217.074,,0,,,,66.710,65.336,True,0.927,-115.996,365.57,406.72
1786962217.149,,0,,,,66.560,65.159,True,0.922,-115.880,365.91,406.69
1786962217.224,,0,,,,66.470,65.052,True,0.919,-115.858,365.96,406.68
1786962217.324,,0,,,,66.490,65.076,True,0.920,-115.838,366.01,406.66
1786962217.399,,0,,,,66.560,65.159,True,0.922,-115.810,366.07,406.64
1786962217.474,,0,,,,66.660,65.277,True,0.925,-115.964,365.59,406.63
1786962217.549,,0,,,,66.680,65.301,True,0.926,-116.054,365.29,406.61
1786962217.624,,0,,,,66.620,65.230,True,0.924,-116.036,365.34,406.60
1786962217.674,,0,,,,66.500,65.088,True,0.920,-115.843,365.93,406.59
1786962217.774,,0,,,,66.210,64.745,True,0.911,-115.749,366.20,406.57
1786962217.849,,0,,,,65.900,64.378,True,0.900,-115.688,366.38,406.56
1786962217.949,,0,,,,65.510,63.916,True,0.888,-115.603,366.62,406.54
1786962217.999,,0,,,,64.880,63.171,True,0.867,-115.544,366.79,406.53
1786962218.099,,0,,,,64.310,62.567,True,0.860,-115.114,368.08,406.51
1786962218.224,,0,,,,63.130,61.403,True,0.860,-114.869,368.80,406.49
1786962218.374,,0,,,,62.360,60.644,True,0.860,-114.334,370.34,406.46
1786962218.449,,0,,,,62.050,60.338,True,0.860,-114.335,370.33,406.44
1786962218.524,,0,,,,61.940,60.229,True,0.860,-113.960,371.39,406.41
1786962218.599,,0,,,,62.030,60.318,True,0.860,-113.375,373.03,406.38
1786962218.699,,0,,,,62.160,60.446,True,0.860,-112.952,374.19,406.36
1786962218.774,,0,,,,62.330,60.614,True,0.860,-112.757,374.72,406.35
1786962218.874,,0,,,,62.360,60.644,True,0.860,-112.235,376.10,406.32
1786962218.949,,0,,,,62.070,60.358,True,0.860,-111.787,377.27,406.29
1786962218.999,,0,,,,61.730,60.022,True,0.860,-111.707,377.47,406.28
1786962219.099,,0,,,,60.990,59.292,True,0.860,-111.490,378.02,406.26
1786962219.174,,0,,,,60.320,58.632,True,0.860,-111.419,378.20,406.26
1786962219.274,,0,,,,59.740,58.060,True,0.860,-111.284,378.54,406.25
1786962219.399,,0,,,,59.270,57.596,True,0.860,-111.302,378.47,406.22
1786962219.474,,0,,,,59.120,57.448,True,0.860,-111.706,377.41,406.22
1786962219.549,,0,,,,58.870,57.201,True,0.860,-111.829,377.08,406.21
1786962219.624,,0,,,,58.600,56.935,True,0.860,-111.655,377.52,406.18
1786962219.699,,0,,,,58.220,56.560,True,0.860,-111.112,378.90,406.16
1786962219.799,,0,,,,57.910,56.255,True,0.860,-110.704,379.91,406.14
1786962219.874,,0,,,,57.460,55.811,True,0.860,-110.724,379.86,406.14
1786962219.949,,0,,,,56.920,55.278,True,0.860,-110.416,380.60,406.11
1786962219.999,,0,,,,56.400,54.765,True,0.860,-109.965,381.69,406.10
1786962220.074,,0,,,,55.900,54.272,True,0.860,-109.727,382.25,406.09
1786962220.249,,0,,,,54.770,53.158,True,0.860,-109.022,383.88,406.05
1786962220.323,,0,,,,54.510,52.927,True,0.860,-108.741,384.50,406.03
1786962220.399,,0,,,,54.430,52.862,True,0.860,-108.427,385.21,406.02
1786962220.474,,0,,,,54.380,52.821,True,0.860,-108.321,385.44,406.02
1786962220.573,,0,,,,54.350,52.796,True,0.860,-108.093,385.92,405.99
1786962220.649,,0,,,,54.420,52.854,True,0.860,-107.729,386.69,405.97
1786962220.699,,0,,,,54.400,52.837,True,0.860,-107.468,387.23,405.95
1786962220.798,,0,,,,54.120,52.607,True,0.860,-107.141,387.90,405.93
1786962220.849,,0,,,,53.860,52.393,True,0.860,-106.917,388.36,405.93
1786962220.923,,0,,,,53.410,52.023,True,0.860,-106.654,388.89,405.91
1786962221.024,,0,,,,52.640,51.391,True,0.860,-106.488,389.21,405.91
1786962221.099,,0,,,,52.000,50.864,True,0.860,-106.331,389.52,405.89
1786962221.174,,0,,,,51.050,50.084,True,0.860,-106.208,389.76,405.89
1786962221.274,,0,,,,50.350,49.508,True,0.860,-105.569,390.99,405.88
1786962221.349,,0,,,,49.990,49.212,True,0.860,-105.260,391.56,405.87
1786962221.474,,0,,,,49.250,48.604,True,0.860,-105.082,391.86,405.84
1786962221.524,,0,,,,48.900,48.317,True,0.860,-104.841,392.29,405.83
1786962221.624,,0,,,,48.500,47.988,True,0.860,-104.260,393.30,405.81
1786962221.698,,0,,,,48.160,47.708,True,0.860,-103.739,394.17,405.78
1786962221.774,,0,,,,47.750,47.371,True,0.860,-103.540,394.50,405.78
1786962221.849,,0,,,,47.340,47.034,True,0.860,-103.117,395.18,405.77
1786962221.948,,0,,,,46.690,46.500,True,0.860,-102.751,395.75,405.75
1786962222.048,,0,,,,46.270,46.155,True,0.860,-102.745,395.75,405.75
1786962222.149,,0,,,,45.530,45.547,True,0.860,-102.235,396.52,405.73
1786962222.224,,0,,,,45.260,45.325,True,0.860,-102.198,396.57,405.73
1786962222.373,,0,,,,44.510,44.708,True,0.860,-101.774,397.17,405.71
1786962222.448,,0,,,,43.920,44.223,True,0.860,-101.378,397.73,405.70
1786962222.524,,0,,,,43.290,43.706,True,0.860,-100.953,398.29,405.68
1786962222.598,,0,,,,42.670,43.196,True,0.860,-100.525,398.84,405.66
1786962222.723,,0,,,,41.470,42.051,True,0.868,-99.868,399.65,405.65
1786962222.773,,0,,,,41.210,41.802,True,0.869,-99.622,399.93,405.64
1786962222.824,,0,,,,40.810,41.421,True,0.872,-99.285,400.32,405.63
1786962222.948,,0,,,,40.330,40.962,True,0.875,-98.734,400.91,405.61
1786962222.998,,0,,,,40.100,40.743,True,0.876,-98.536,401.11,405.61
1786962223.073,,0,,,,39.930,40.581,True,0.877,-98.330,401.33,405.60
1786962223.148,,0,,,,39.970,40.619,True,0.877,-97.912,401.72,405.58
1786962223.249,,0,,,,39.940,40.590,True,0.877,-97.686,401.93,405.57
1786962223.373,,0,,,,39.740,40.399,True,0.879,-97.537,402.05,405.55
1786962223.424,,0,,,,39.260,39.941,True,0.882,-97.420,402.15,405.55
1786962223.523,,0,,,,38.180,38.910,True,0.889,-97.093,402.43,405.54
1786962223.598,,0,,,,37.370,38.137,True,0.894,-96.681,402.78,405.54
1786962223.674,,0,,,,36.980,37.765,True,0.896,-96.834,402.66,405.54
1786962223.773,,0,,,,35.930,36.762,True,0.903,-96.500,402.91,405.52
1786962223.873,,0,,,,35.050,35.922,True,0.909,-96.030,403.27,405.51
1786962223.923,,0,,,,34.560,35.455,True,0.912,-95.833,403.40,405.50
1786962223.998,,0,,,,34.090,35.006,True,0.915,-95.266,403.77,405.48
1786962224.098,,0,,,,33.680,34.615,True,0.917,-94.995,403.92,405.46
1786962224.173,,0,,,,33.340,34.290,True,0.920,-94.651,404.11,405.45
1786962224.248,,0,,,,33.040,34.004,True,0.922,-94.588,404.14,405.44
1786962224.348,,0,,,,32.370,33.364,True,0.926,-94.083,404.39,405.42
1786962224.424,,0,,,,32.060,33.030,True,0.917,-93.591,404.63,405.42
1786962224.498,,0,,,,31.950,32.910,True,0.913,-93.384,404.72,405.43
1786962224.548,,0,,,,31.890,32.844,True,0.911,-93.097,404.82,405.41
1786962224.598,,0,,,,31.710,32.647,True,0.905,-93.052,404.84,405.41
1786962224.648,,0,,,,31.510,32.427,True,0.898,-92.940,404.88,405.41
1786962224.748,,0,,,,30.940,31.803,True,0.878,-92.680,404.95,405.40
1786962224.848,,0,,,,30.320,31.123,True,0.856,-92.607,404.97,405.39
1786962224.923,,0,,,,29.640,30.378,True,0.833,-92.307,405.05,405.38
1786962225.023,,0,,,,29.000,29.677,True,0.811,-91.939,405.15,405.38
1786962225.148,,0,,,,27.960,28.537,True,0.775,-91.351,405.25,405.36
1786962225.273,,0,,,,27.360,27.879,True,0.755,-90.601,405.33,405.35
1786962225.348,,0,,,,27.020,27.507,True,0.744,-90.568,405.31,405.33
1786962225.448,,0,,,,26.530,26.970,True,0.727,-90.484,405.32,405.33
1786962225.523,,0,,,,26.280,26.696,True,0.719,-90.058,405.32,405.32
1786962225.598,,0,,,,25.730,26.093,True,0.700,-89.605,405.30,405.31
1786962225.648,,0,,,,25.530,25.874,True,0.694,-89.435,405.29,405.31
1786962225.723,,0,,,,25.250,25.567,True,0.684,-89.061,405.24,405.29
1786962225.773,,0,,,,24.980,25.271,True,0.675,-88.915,405.22,405.29
1786962225.848,,0,,,,24.740,25.008,True,0.667,-88.453,405.14,405.29
1786962225.923,,0,,,,24.650,24.910,True,0.664,-87.943,405.01,405.27
1786962226.048,,0,,,,24.230,24.449,True,0.651,-87.616,404.92,405.27
1786962226.148,,0,,,,23.540,23.693,True,0.628,-87.304,404.80,405.25
1786962226.223,,0,,,,22.930,22.990,True,0.611,-87.028,404.71,405.25
1786962226.323,,0,,,,21.850,21.711,True,0.584,-86.590,404.53,405.24
1786962226.398,,0,,,,21.090,20.812,True,0.565,-85.843,404.17,405.23
1786962226.473,,0,,,,20.590,20.220,True,0.552,-85.665,404.07,405.23
1786962226.523,,0,,,,20.070,19.604,True,0.540,-85.298,403.86,405.22
1786962226.598,,0,,,,19.820,19.308,True,0.534,-84.601,403.41,405.21
1786962226.648,,0,,,,19.580,19.024,True,0.528,-84.441,403.30,405.21
1786962226.748,,0,,,,19.480,18.906,True,0.525,-84.156,403.08,405.19
1786962226.823,,0,,,,19.160,18.527,True,0.518,-84.190,403.11,405.19
1786962226.898,,0,,,,18.910,18.231,True,0.512,-83.662,402.70,405.17
1786962226.973,,0,,,,18.730,18.018,True,0.508,-83.482,402.55,405.16
1786962227.073,,0,,,,18.430,17.663,True,0.500,-83.133,402.26,405.16
1786962227.148,,0,,,,18.050,17.213,True,0.492,-82.820,401.97,405.15
1786962227.273,,0,,,,17.220,16.231,True,0.472,-82.704,401.86,405.14
1786962227.348,,0,,,,16.650,15.556,True,0.460,-82.269,401.45,405.13
1786962227.448,,0,,,,16.280,15.118,True,0.451,-82.066,401.26,405.13
1786962227.523,,0,,,,16.140,14.952,True,0.448,-82.009,401.19,405.12
1786962227.598,,0,,,,16.050,14.846,True,0.446,-81.873,401.04,405.11
1786962227.723,,0,,,,15.690,14.420,True,0.438,-81.672,400.83,405.10
1786962227.798,,0,,,,15.580,14.290,True,0.436,-81.286,400.41,405.09
1786962227.898,,0,,,,15.300,13.958,True,0.430,-80.995,400.08,405.07
1786962227.973,,0,,,,15.120,13.745,True,0.426,-80.795,399.85,405.07
1786962228.048,,0,,,,14.770,13.341,True,0.426,-80.552,399.57,405.06
1786962228.148,,0,,,,14.380,12.897,True,0.431,-80.195,399.13,405.04
1786962228.223,,0,,,,14.170,12.659,True,0.434,-79.800,398.64,405.04
1786962228.298,,0,,,,13.920,12.374,True,0.437,-79.477,398.22,405.04
1786962228.398,,0,,,,13.550,11.953,True,0.441,-79.284,397.97,405.03
1786962228.473,,0,,,,12.950,11.270,True,0.448,-78.937,397.50,405.02
1786962228.598,,0,,,,12.440,10.690,True,0.455,-78.767,397.26,405.02
1786962228.673,,0,,,,11.920,10.098,True,0.461,-78.799,397.30,405.02
1786962228.773,,0,,,,11.610,9.745,True,0.465,-78.408,396.74,405.00
1786962228.848,,0,,,,11.470,9.586,True,0.467,-78.181,396.42,405.01
1786962228.948,,0,,,,11.410,9.518,True,0.468,-77.857,395.93,404.99
1786962229.023,,0,,,,11.430,9.541,True,0.467,-77.415,395.25,404.98
1786962229.148,,0,,,,11.380,9.484,True,0.468,-77.267,395.00,404.96
1786962229.248,,0,,,,10.870,8.903,True,0.475,-77.006,394.59,404.96
1786962229.348,,0,,,,10.120,8.050,True,0.484,-76.669,394.03,404.95
1786962229.423,,0,,,,9.790,7.674,True,0.489,-76.419,393.62,404.95
1786962229.473,,0,,,,9.500,7.344,True,0.492,-76.265,393.37,404.95
1786962229.548,,0,,,,9.120,6.912,True,0.497,-75.733,392.44,404.93
1786962229.598,,0,,,,8.780,6.525,True,0.502,-75.224,391.54,404.93
1786962229.673,,0,,,,8.310,5.990,True,0.508,-74.944,391.03,404.93
1786962229.773,,0,,,,7.970,5.603,True,0.513,-74.509,390.20,404.91
1786962229.848,,0,,,,7.550,5.125,True,0.518,-74.127,389.48,404.92
1786962229.923,,0,,,,7.240,4.773,True,0.522,-73.939,389.11,404.91
1786962229.998,,0,,,,6.940,4.431,True,0.526,-73.685,388.60,404.91
1786962230.073,,0,,,,6.560,3.999,True,0.532,-73.743,388.72,404.91
1786962230.173,,0,,,,6.250,3.634,True,0.533,-73.365,387.95,404.89
1786962230.248,,0,,,,5.870,3.145,True,0.526,-72.765,386.70,404.88
1786962230.323,,0,,,,5.690,2.914,True,0.523,-72.491,386.11,404.87
1786962230.398,,0,,,,5.530,2.708,True,0.520,-72.441,386.00,404.87
1786962230.448,,0,,,,5.340,2.463,True,0.516,-72.082,385.22,404.86
1786962230.498,,0,,,,4.980,2.000,True,0.510,-72.063,385.17,404.85
1786962230.573,,0,,,,4.680,1.614,True,0.504,-71.954,384.93,404.85
1786962230.648,,0,,,,4.410,1.267,True,0.499,-71.940,384.91,404.85
1786962230.698,,0,,,,4.190,0.983,True,0.495,-71.751,384.49,404.85
1786962230.773,,0,,,,3.850,0.546,True,0.489,-71.762,384.51,404.85
1786962230.823,,0,,,,3.590,0.211,True,0.485,-71.735,384.45,404.85
1786962230.898,,0,,,,3.430,0.006,True,0.482,-71.749,384.48,404.85
1786962230.973,,0,,,,3.150,-0.355,True,0.477,-71.654,384.27,404.84
1786962231.048,,0,,,,2.730,-0.895,True,0.469,-71.379,383.65,404.84
1786962231.173,,0,,,,2.370,-1.358,True,0.463,-71.057,382.90,404.83
1786962231.248,,0,,,,2.070,-1.744,True,0.458,-70.988,382.75,404.83
1786962231.323,,0,,,,1.670,-2.259,True,0.451,-70.781,382.25,404.81
1786962231.423,,0,,,,1.100,-2.992,True,0.441,-70.656,381.96,404.81
1786962231.473,,0,,,,0.810,-3.365,True,0.437,-70.728,382.13,404.81
1786962231.573,,0,,,,0.480,-3.790,True,0.431,-70.466,381.50,404.80
1786962231.648,,0,,,,0.130,-4.240,True,0.425,-70.374,381.28,404.80
1786962231.748,,0,,,,-0.140,-4.588,True,0.421,-70.426,381.39,404.79
1786962231.873,,0,,,,-0.560,-5.128,True,0.414,-70.544,381.68,404.79
1786962231.923,,0,,,,-0.720,-5.334,True,0.412,-70.506,381.58,404.78
1786962231.998,,0,,,,-0.850,-5.501,True,0.410,-70.440,381.42,404.78
1786962232.073,,0,,,,-1.080,-5.797,True,0.406,-70.544,381.67,404.78
1786962232.198,,0,,,,-1.160,-5.900,True,0.405,-70.317,381.12,404.77
1786962232.273,,0,,,,-1.210,-5.965,True,0.404,-70.200,380.84,404.77
1786962232.373,,0,,,,-1.250,-6.016,True,0.403,-70.149,380.71,404.76
1786962232.448,,0,,,,-1.260,-6.029,True,0.403,-69.875,380.05,404.76
1786962232.523,,0,,,,-1.270,-6.042,True,0.403,-69.638,379.46,404.75
1786962232.623,,0,,,,-1.430,-6.221,True,0.405,-69.545,379.23,404.75
1786962232.723,,0,,,,-1.700,-6.497,True,0.414,-69.527,379.18,404.74
1786962232.823,,0,,,,-2.140,-6.946,True,0.429,-69.463,379.02,404.74
1786962232.873,,0,,,,-2.350,-7.160,True,0.436,-69.288,378.59,404.74
1786962233.023,,0,,,,-3.110,-7.935,True,0.462,-69.077,378.05,404.74
1786962233.148,,0,,,,-3.380,-8.211,True,0.472,-68.892,377.57,404.73
1786962233.248,,0,,,,-3.510,-8.343,True,0.477,-68.652,376.96,404.73
1786962233.348,,0,,,,-3.650,-8.486,True,0.482,-68.414,376.33,404.72
1786962233.448,,0,,,,-3.780,-8.619,True,0.486,-68.176,375.72,404.72
1786962233.523,,0,,,,-4.020,-8.864,True,0.495,-67.873,374.91,404.72
1786962233.673,,0,,,,-4.500,-9.354,True,0.513,-67.505,373.92,404.72
1786962233.798,,0,,,,-5.010,-9.874,True,0.532,-67.012,372.56,404.70
1786962233.898,,0,,,,-5.250,-10.119,True,0.542,-66.484,371.09,404.70
1786962234.023,,0,,,,-5.590,-10.466,True,0.555,-66.249,370.42,404.70
1786962234.148,,0,,,,-5.910,-10.792,True,0.567,-65.980,369.64,404.69
1786962234.323,,0,,,,-6.650,-11.547,True,0.597,-65.576,368.47,404.69
1786962234.398,,0,,,,-6.950,-11.853,True,0.609,-65.151,367.22,404.68
1786962234.523,,0,,,,-7.390,-12.302,True,0.626,-64.925,366.54,404.68
1786962234.598,,0,,,,-7.870,-12.792,True,0.646,-64.584,365.51,404.68
1786962234.698,,0,,,,-8.050,-12.976,True,0.653,-64.195,364.32,404.68
1786962234.798,,0,,,,-8.490,-13.425,True,0.671,-63.939,363.53,404.68
1786962234.873,,0,,,,-8.690,-13.629,True,0.679,-63.643,362.61,404.68
1786962234.948,,0,,,,-9.020,-13.966,True,0.693,-63.479,362.08,404.67
1786962235.073,,0,,,,-9.440,-14.394,True,0.710,-63.270,361.43,404.67
1786962235.173,,0,,,,-9.970,-14.935,True,0.732,-63.017,360.61,404.66
1786962235.273,,0,,,,-10.440,-15.415,True,0.752,-62.798,359.91,404.67
1786962235.348,,0,,,,-10.850,-15.833,True,0.769,-62.275,358.20,404.66
1786962235.448,,0,,,,-11.300,-16.226,True,0.766,-62.005,357.31,404.66
1786962235.523,,0,,,,-11.780,-16.610,True,0.750,-62.072,357.53,404.65
1786962235.623,,0,,,,-12.350,-17.066,True,0.731,-61.612,355.99,404.65
1786962235.698,,0,,,,-12.670,-17.321,True,0.721,-61.370,355.17,404.64
1786962235.823,,0,,,,-13.180,-17.729,True,0.704,-61.151,354.43,404.64
1786962235.898,,0,,,,-13.450,-17.945,True,0.695,-61.021,353.98,404.64
1786962235.998,,0,,,,-13.870,-18.281,True,0.682,-60.851,353.40,404.64
1786962236.098,,0,,,,-14.200,-18.545,True,0.671,-60.741,353.02,404.64
1786962236.198,,0,,,,-14.450,-18.745,True,0.663,-60.594,352.51,404.64
1786962236.298,,0,,,,-14.760,-18.993,True,0.653,-60.535,352.30,404.64
1786962236.398,,0,,,,-15.130,-19.289,True,0.641,-60.475,352.10,404.64
1786962236.473,,0,,,,-15.520,-19.601,True,0.629,-60.611,352.57,404.64
1786962236.523,,0,,,,-15.790,-19.816,True,0.620,-60.320,351.55,404.64
1786962236.573,,0,,,,-16.070,-20.040,True,0.612,-60.105,350.80,404.64
1786962236.648,,0,,,,-16.420,-20.320,True,0.601,-60.119,350.85,404.64
1786962236.698,,0,,,,-16.620,-20.480,True,0.594,-60.048,350.59,404.63
1786962236.748,,0,,,,-16.870,-20.680,True,0.586,-60.146,350.94,404.63
1786962236.823,,0,,,,-17.030,-20.808,True,0.582,-59.919,350.14,404.63
1786962236.873,,0,,,,-17.280,-21.008,True,0.574,-60.059,350.63,404.63
1786962236.973,,0,,,,-17.560,-21.232,True,0.565,-60.017,350.48,404.63
1786962237.073,,0,,,,-17.860,-21.472,True,0.556,-59.835,349.84,404.63
1786962237.173,,0,,,,-18.190,-21.736,True,0.546,-59.693,349.33,404.62
1786962237.248,,0,,,,-18.600,-22.064,True,0.534,-59.622,349.08,404.63
1786962237.323,,0,,,,-19.060,-22.431,True,0.520,-59.778,349.63,404.62
1786962237.373,,0,,,,-19.320,-22.639,True,0.512,-59.582,348.93,404.62
1786962237.448,,0,,,,-19.520,-22.799,True,0.506,-59.321,347.98,404.62
1786962237.523,,0,,,,-19.600,-22.863,True,0.504,-59.094,347.16,404.61
1786962237.598,,0,,,,-19.570,-22.839,True,0.505,-58.943,346.61,404.61
1786962237.673,,0,,,,-19.530,-22.807,True,0.506,-59.123,347.26,404.61
1786962237.748,,0,,,,-19.560,-22.831,True,0.505,-59.078,347.10,404.61
1786962237.848,,0,,,,-19.630,-22.887,True,0.503,-58.984,346.76,404.61
1786962237.898,,0,,,,-19.720,-22.959,True,0.500,-59.073,347.09,404.62
1786962237.973,,0,,,,-19.890,-23.095,True,0.496,-59.026,346.92,404.62
1786962238.073,,0,,,,-20.110,-23.271,True,0.489,-58.894,346.45,404.63
1786962238.148,,0,,,,-20.320,-23.439,True,0.483,-58.794,346.07,404.62
1786962238.198,,0,,,,-20.480,-23.567,True,0.479,-58.633,345.49,404.62
1786962238.273,,0,,,,-20.760,-23.791,True,0.471,-58.636,345.50,404.62
1786962238.348,,0,,,,-20.910,-23.911,True,0.466,-58.365,344.49,404.61
1786962238.423,,0,,,,-21.140,-24.095,True,0.460,-58.241,344.03,404.62
1786962238.473,,0,,,,-21.280,-24.207,True,0.456,-58.075,343.41,404.62
1786962238.598,,0,,,,-21.760,-24.591,True,0.443,-57.944,342.92,404.61
1786962238.673,,0,,,,-22.150,-24.902,True,0.433,-57.642,341.79,404.61
1786962238.798,,0,,,,-22.760,-25.390,True,0.417,-57.620,341.70,404.61
1786962238.873,,0,,,,-23.190,-25.734,True,0.406,-57.342,340.65,404.61
1786962238.973,,0,,,,-23.510,-25.976,True,0.406,-57.096,339.70,404.61
1786962239.048,,0,,,,-23.650,-26.077,True,0.409,-56.864,338.81,404.61
1786962239.148,,0,,,,-23.600,-26.041,True,0.408,-56.555,337.61,404.61
1786962239.198,,0,,,,-23.600,-26.041,True,0.408,-56.306,336.64,404.61
1786962239.273,,0,,,,-23.550,-26.005,True,0.407,-56.244,336.40,404.61
1786962239.423,,0,,,,-23.750,-26.149,True,0.412,-56.009,335.47,404.61
1786962239.523,,0,,,,-23.920,-26.272,True,0.416,-55.907,335.07,404.61
1786962239.623,,0,,,,-24.280,-26.532,True,0.424,-55.913,335.10,404.62
1786962239.723,,0,,,,-24.600,-26.763,True,0.432,-55.681,334.18,404.62
1786962239.848,,0,,,,-24.850,-26.943,True,0.438,-55.311,332.71,404.63
1786962239.923,,0,,,,-25.080,-27.109,True,0.443,-55.058,331.68,404.62
1786962240.048,,0,,,,-25.590,-27.477,True,0.456,-54.631,329.95,404.62
1786962240.148,,0,,,,-25.990,-27.766,True,0.466,-54.362,328.84,404.62
1786962240.273,,0,,,,-26.570,-28.184,True,0.481,-54.342,328.75,404.62
1786962240.348,,0,,,,-27.050,-28.531,True,0.493,-53.993,327.31,404.61
1786962240.423,,0,,,,-27.380,-28.769,True,0.502,-53.975,327.24,404.62
1786962240.498,,0,,,,-27.810,-29.079,True,0.513,-53.694,326.07,404.62
1786962240.548,,0,,,,-28.030,-29.238,True,0.519,-53.703,326.11,404.62
1786962240.598,,0,,,,-28.350,-29.469,True,0.528,-53.499,325.26,404.62
1786962240.698,,0,,,,-28.600,-29.649,True,0.534,-52.923,322.82,404.63
1786962240.748,,0,,,,-28.840,-29.823,True,0.541,-53.073,323.46,404.62
1786962240.798,,0,,,,-29.030,-29.960,True,0.546,-52.986,323.09,404.63
1786962240.873,,0,,,,-29.210,-30.090,True,0.551,-52.901,322.73,404.63
1786962240.948,,0,,,,-29.350,-30.191,True,0.555,-52.487,320.95,404.62
1786962240.998,,0,,,,-29.400,-30.227,True,0.556,-52.280,320.06,404.62
1786962241.098,,0,,,,-29.490,-30.292,True,0.559,-52.246,319.92,404.63
1786962241.248,,0,,,,-30.080,-30.718,True,0.575,-52.047,319.06,404.63
1786962241.323,,0,,,,-30.550,-31.057,True,0.588,-51.843,318.17,404.63
1786962241.398,,0,,,,-30.800,-31.237,True,0.595,-51.598,317.11,404.64
1786962241.498,,0,,,,-31.350,-31.634,True,0.611,-51.417,316.31,404.64
1786962241.573,,0,,,,-31.940,-32.060,True,0.627,-51.604,317.13,404.64
1786962241.698,,0,,,,-32.600,-32.536,True,0.646,-51.614,317.18,404.65
1786962241.823,,0,,,,-33.340,-33.070,True,0.668,-51.287,315.75,404.65
1786962241.873,,0,,,,-33.810,-33.410,True,0.681,-51.421,316.34,404.65
1786962241.973,,0,,,,-34.110,-33.626,True,0.690,-51.393,316.21,404.65
1786962242.048,,0,,,,-34.380,-33.821,True,0.698,-51.189,315.31,404.65
1786962242.123,,0,,,,-34.610,-33.987,True,0.705,-51.124,315.02,404.65
1786962242.173,,0,,,,-34.720,-34.066,True,0.708,-50.668,312.99,404.65
1786962242.273,,0,,,,-34.900,-34.196,True,0.713,-50.552,312.47,404.65
1786962242.373,,0,,,,-35.140,-34.370,True,0.720,-50.483,312.16,404.65
1786962242.448,,0,,,,-35.520,-34.644,True,0.732,-50.243,311.09,404.66
1786962242.523,,0,,,,-35.780,-34.831,True,0.739,-50.141,310.62,404.66
1786962242.573,,0,,,,-35.970,-34.969,True,0.745,-49.696,308.60,404.66
1786962242.673,,0,,,,-36.250,-35.171,True,0.753,-49.492,307.67,404.66
1786962242.773,,0,,,,-36.660,-35.467,True,0.766,-49.451,307.48,404.66
1786962242.873,,0,,,,-37.240,-35.909,True,0.776,-49.466,307.56,404.67
1786962242.948,,0,,,,-37.490,-36.115,True,0.776,-49.146,306.09,404.67
1786962243.098,,0,,,,-37.810,-36.378,True,0.776,-48.969,305.27,404.68
1786962243.173,,0,,,,-37.920,-36.468,True,0.776,-49.016,305.49,404.68
1786962243.298,,0,,,,-38.060,-36.583,True,0.776,-48.766,304.33,404.68
1786962243.398,,0,,,,-38.260,-36.748,True,0.776,-48.630,303.70,404.68
1786962243.473,,0,,,,-38.510,-36.953,True,0.776,-48.508,303.12,404.68
1786962243.573,,0,,,,-39.130,-37.463,True,0.776,-48.397,302.60,404.68
1786962243.648,,0,,,,-39.590,-37.841,True,0.776,-48.258,301.96,404.69
1786962243.773,,0,,,,-40.130,-38.285,True,0.776,-48.019,300.83,404.69
1786962243.848,,0,,,,-40.330,-38.449,True,0.776,-47.732,299.48,404.69
1786962243.948,,0,,,,-40.360,-38.474,True,0.776,-47.517,298.45,404.69
1786962244.048,,0,,,,-40.390,-38.498,True,0.776,-47.333,297.58,404.70
1786962244.148,,0,,,,-40.560,-38.638,True,0.776,-47.158,296.74,404.69
1786962244.248,,0,,,,-40.890,-38.909,True,0.776,-47.036,296.15,404.70
1786962244.348,,0,,,,-41.290,-39.238,True,0.776,-47.003,295.99,404.70
1786962244.448,,0,,,,-42.000,-39.822,True,0.776,-46.940,295.70,404.71
1786962244.523,,0,,,,-42.580,-40.298,True,0.776,-46.889,295.45,404.72
1786962244.623,,0,,,,-43.230,-40.833,True,0.776,-46.746,294.77,404.72
1786962244.698,,0,,,,-43.600,-41.137,True,0.776,-46.426,293.22,404.73
1786962244.798,,0,,,,-43.850,-41.342,True,0.776,-46.264,292.43,404.73
1786962244.848,,0,,,,-44.010,-41.474,True,0.776,-46.194,292.09,404.73
1786962244.948,,0,,,,-44.380,-41.778,True,0.776,-45.962,290.95,404.72
1786962244.998,,0,,,,-44.540,-41.909,True,0.776,-45.607,289.20,404.72
1786962245.098,,0,,,,-44.860,-42.172,True,0.776,-45.516,288.75,404.72
1786962245.198,,0,,,,-45.220,-42.468,True,0.776,-45.122,286.79,404.72
1786962245.298,,0,,,,-45.830,-42.970,True,0.776,-45.051,286.44,404.73
1786962245.398,,0,,,,-46.210,-43.282,True,0.776,-44.953,285.96,404.74
1786962245.473,,0,,,,-46.530,-43.545,True,0.776,-44.926,285.82,404.74
1786962245.598,,0,,,,-46.910,-43.857,True,0.776,-44.611,284.26,404.76
1786962245.698,,0,,,,-47.200,-44.096,True,0.776,-44.501,283.71,404.76
1786962245.848,,0,,,,-47.840,-44.622,True,0.776,-44.493,283.67,404.77
1786962245.948,,0,,,,-48.350,-45.041,True,0.776,-44.246,282.43,404.77
1786962246.048,,0,,,,-48.860,-45.460,True,0.776,-44.117,281.77,404.78
1786962246.123,,0,,,,-49.310,-45.837,True,0.769,-44.268,282.54,404.78
1786962246.198,,0,,,,-49.670,-46.141,True,0.761,-44.230,282.35,404.78
1786962246.273,,0,,,,-50.060,-46.471,True,0.753,-44.298,282.70,404.78
1786962246.348,,0,,,,-50.560,-46.894,True,0.742,-44.228,282.34,404.79
1786962246.498,,0,,,,-51.290,-47.511,True,0.727,-43.930,280.84,404.79
1786962246.623,,0,,,,-51.940,-48.061,True,0.713,-43.700,279.67,404.79
1786962246.723,,0,,,,-52.260,-48.331,True,0.706,-43.495,278.62,404.79
1786962246.798,,0,,,,-52.620,-48.635,True,0.699,-43.319,277.72,404.80
1786962246.898,,0,,,,-52.870,-48.847,True,0.693,-43.178,276.99,404.80
1786962247.048,,0,,,,-53.390,-49.286,True,0.682,-42.847,275.29,404.81
1786962247.148,,0,,,,-53.450,-49.337,True,0.681,-42.624,274.13,404.82
1786962247.223,,0,,,,-53.480,-49.362,True,0.681,-42.455,273.26,404.82
1786962247.598,,0,,,,-54.260,-50.022,True,0.664,-41.711,269.36,404.82
1786962247.673,,0,,,,-54.560,-50.276,True,0.658,-41.608,268.82,404.83
1786962247.773,,0,,,,-55.120,-50.749,True,0.646,-41.606,268.81,404.84
1786962247.873,,0,,,,-55.600,-51.155,True,0.637,-41.428,267.88,404.85
1786962247.948,,0,,,,-56.030,-51.518,True,0.628,-41.423,267.85,404.85
1786962248.048,,0,,,,-56.290,-51.738,True,0.622,-41.771,269.70,404.86
1786962248.123,,0,,,,-56.600,-52.000,True,0.616,-41.697,269.31,404.86
1786962248.198,,0,,,,-56.930,-52.279,True,0.609,-41.521,268.39,404.87
1786962248.323,,0,,,,-57.380,-52.660,True,0.600,-41.388,267.68,404.87
1786962248.423,,0,,,,-57.690,-52.922,True,0.594,-41.068,265.98,404.87
1786962248.498,,0,,,,-57.960,-53.150,True,0.588,-40.990,265.56,404.87
1786962248.573,,0,,,,-58.070,-53.243,True,0.586,-40.964,265.42,404.86
1786962248.648,,0,,,,-58.150,-53.311,True,0.585,-40.677,263.89,404.86
1786962248.698,,0,,,,-58.150,-53.311,True,0.585,-40.575,263.34,404.86
1786962248.748,,0,,,,-58.110,-53.277,True,0.585,-40.499,262.93,404.86
1786962248.798,,0,,,,-58.070,-53.243,True,0.586,-40.337,262.06,404.86
1786962248.873,,0,,,,-57.950,-53.141,True,0.589,-40.418,262.50,404.86
1786962248.923,,0,,,,-57.890,-53.091,True,0.590,-40.402,262.41,404.86
1786962248.998,,0,,,,-57.800,-53.015,True,0.592,-40.502,262.95,404.87
1786962249.098,,0,,,,-57.790,-53.006,True,0.592,-40.754,264.31,404.88
1786962249.198,,0,,,,-57.890,-53.091,True,0.590,-40.827,264.71,404.89
1786962249.273,,0,,,,-58.050,-53.226,True,0.587,-40.899,265.10,404.89
1786962249.373,,0,,,,-58.350,-53.480,True,0.581,-41.005,265.66,404.90
1786962249.473,,0,,,,-58.640,-53.725,True,0.575,-41.049,265.90,404.90
1786962249.648,,0,,,,-58.960,-53.995,True,0.568,-40.855,264.86,404.90
1786962249.723,,0,,,,-58.910,-53.953,True,0.569,-40.785,264.49,404.90
1786962249.773,,0,,,,-58.800,-53.860,True,0.572,-40.844,264.80,404.90
1786962249.923,,0,,,,-58.540,-53.640,True,0.577,-41.046,265.89,404.90
1786962249.998,,0,,,,-58.540,-53.640,True,0.577,-41.067,266.00,404.90
1786962250.098,,0,,,,-58.620,-53.708,True,0.575,-41.049,265.90,404.90
1786962250.173,,0,,,,-58.830,-53.885,True,0.571,-41.005,265.67,404.91
1786962250.298,,0,,,,-59.280,-54.266,True,0.562,-40.977,265.52,404.92
1786962250.448,,0,,,,-59.700,-54.621,True,0.554,-41.024,265.78,404.92
1786962250.523,,0,,,,-59.740,-54.655,True,0.553,-40.992,265.61,404.92
1786962250.598,,0,,,,-59.650,-54.579,True,0.555,-40.941,265.34,404.92
1786962250.673,,0,,,,-59.500,-54.452,True,0.558,-41.169,266.55,404.92
1786962250.773,,0,,,,-59.230,-54.224,True,0.563,-41.111,266.25,404.93
1786962250.848,,0,,,,-59.050,-54.071,True,0.567,-41.143,266.42,404.93
1786962250.948,,0,,,,-58.990,-54.021,True,0.568,-41.181,266.62,404.93
1786962251.048,,0,,,,-59.110,-54.122,True,0.565,-41.310,267.30,404.93
1786962251.098,,0,,,,-59.250,-54.241,True,0.563,-41.399,267.78,404.93
1786962251.198,,0,,,,-59.430,-54.393,True,0.559,-41.446,268.03,404.93
1786962251.298,,0,,,,-59.620,-54.553,True,0.555,-41.491,268.27,404.93
1786962251.373,,0,,,,-59.700,-54.621,True,0.554,-41.571,268.70,404.94
1786962251.448,,0,,,,-59.650,-54.579,True,0.555,-41.629,269.01,404.94
1786962251.498,,0,,,,-59.520,-54.469,True,0.557,-41.585,268.78,404.95
1786962251.598,,0,,,,-59.230,-54.224,True,0.563,-41.640,269.07,404.95
1786962251.648,,0,,,,-58.890,-53.936,True,0.570,-41.632,269.03,404.95
1786962251.748,,0,,,,-58.550,-53.649,True,0.577,-41.511,268.39,404.95
1786962251.848,,0,,,,-58.230,-53.378,True,0.583,-41.316,267.35,404.95
1786962251.973,,0,,,,-58.290,-53.429,True,0.582,-41.255,267.03,404.95
1786962252.073,,0,,,,-58.430,-53.547,True,0.579,-41.278,267.15,404.95
1786962252.148,,0,,,,-58.490,-53.598,True,0.578,-41.376,267.67,404.95
1786962252.223,,0,,,,-58.600,-53.691,True,0.576,-41.549,268.59,404.95
1786962252.298,,0,,,,-58.640,-53.725,True,0.575,-41.718,269.48,404.95
1786962252.423,,0,,,,-58.530,-53.632,True,0.577,-41.778,269.79,404.95
1786962252.498,,0,,,,-58.350,-53.480,True,0.581,-41.769,269.75,404.95
1786962252.573,,0,,,,-57.920,-53.116,True,0.589,-41.972,270.81,404.95
1786962252.648,,0,,,,-57.580,-52.829,True,0.596,-42.031,271.12,404.94
1786962252.723,,0,,,,-57.350,-52.634,True,0.601,-42.220,272.11,404.95
1786962252.773,,0,,,,-57.190,-52.499,True,0.604,-42.257,272.31,404.95
1786962252.848,,0,,,,-56.930,-52.279,True,0.609,-42.412,273.12,404.95
1786962252.898,,0,,,,-56.840,-52.203,True,0.611,-42.466,273.41,404.95
1786962252.973,,0,,,,-56.760,-52.135,True,0.613,-42.372,272.92,404.96
1786962253.023,,0,,,,-56.740,-52.119,True,0.613,-42.574,273.97,404.96
1786962253.123,,0,,,,-56.800,-52.169,True,0.612,-42.585,274.03,404.96
1786962253.248,,0,,,,-56.880,-52.237,True,0.610,-42.479,273.47,404.95
1786962253.298,,0,,,,-56.880,-52.237,True,0.610,-42.375,272.92,404.95
1786962253.348,,0,,,,-56.800,-52.169,True,0.612,-42.506,273.61,404.94
1786962253.423,,0,,,,-56.630,-52.026,True,0.615,-42.448,273.30,404.94
1786962253.548,,0,,,,-56.030,-51.518,True,0.628,-42.438,273.24,404.93
1786962253.623,,0,,,,-55.580,-51.138,True,0.637,-42.582,274.00,404.94
1786962253.698,,0,,,,-55.280,-50.884,True,0.643,-42.717,274.70,404.94
1786962254.098,,0,,,,-54.670,-50.369,True,0.656,-43.454,278.52,404.96
1786962254.248,,0,,,,-54.850,-50.521,True,0.652,-43.285,277.65,404.96
1786962254.648,,0,,,,-55.110,-50.740,True,0.647,-43.776,280.16,404.95
1786962254.723,,0,,,,-54.850,-50.521,True,0.652,-44.027,281.43,404.95
1786962254.798,,0,,,,-54.270,-50.030,True,0.664,-44.215,282.39,404.94
1786962254.873,,0,,,,-53.850,-49.675,True,0.673,-44.400,283.32,404.94
1786962254.973,,0,,,,-53.100,-49.041,True,0.689,-44.517,283.91,404.94
1786962255.048,,0,,,,-52.660,-48.669,True,0.698,-44.816,285.42,404.94
1786962255.123,,0,,,,-52.130,-48.221,True,0.709,-45.144,287.06,404.95
1786962255.248,,0,,,,-51.840,-47.976,True,0.715,-45.311,287.89,404.95
1786962255.398,,0,,,,-51.790,-47.934,True,0.716,-45.496,288.81,404.95
1786962255.548,,0,,,,-51.800,-47.942,True,0.716,-45.652,289.59,404.96
1786962255.698,,0,,,,-51.400,-47.604,True,0.724,-45.720,289.92,404.96
1786962255.773,,0,,,,-51.020,-47.283,True,0.733,-45.815,290.39,404.96
1786962256.098,,0,,,,-49.820,-46.268,True,0.758,-46.140,291.98,404.95
1786962256.173,,0,,,,-49.810,-46.260,True,0.758,-46.170,292.13,404.95
1786962256.298,,0,,,,-49.790,-46.243,True,0.759,-46.299,292.76,404.95
1786962256.348,,0,,,,-49.760,-46.218,True,0.759,-46.324,292.88,404.95
1786962256.498,,0,,,,-49.770,-46.226,True,0.759,-46.686,294.64,404.95
1786962256.623,,0,,,,-49.680,-46.150,True,0.761,-46.840,295.39,404.95
1786962256.698,,0,,,,-49.660,-46.133,True,0.762,-46.964,295.98,404.95
1786962256.773,,0,,,,-49.640,-46.116,True,0.762,-47.062,296.45,404.94
1786962256.898,,0,,,,-49.670,-46.141,True,0.761,-47.126,296.76,404.94
1786962256.948,,0,,,,-49.640,-46.116,True,0.762,-47.148,296.87,404.94
1786962257.048,,0,,,,-49.590,-46.074,True,0.763,-47.173,296.98,404.94
1786962257.123,,0,,,,-49.420,-45.930,True,0.767,-47.113,296.69,404.94
1786962257.248,,0,,,,-49.000,-45.575,True,0.776,-47.173,296.98,404.93
1786962257.348,,0,,,,-48.440,-45.115,True,0.776,-47.240,297.30,404.93
1786962257.423,,0,,,,-48.050,-44.794,True,0.776,-47.502,298.55,404.93
1786962257.523,,0,,,,-47.650,-44.465,True,0.776,-47.772,299.84,404.93
1786962257.598,,0,,,,-47.420,-44.276,True,0.776,-47.985,300.85,404.92
1786962257.723,,0,,,,-47.180,-44.079,True,0.776,-48.190,301.81,404.93
1786962257.798,,0,,,,-46.990,-43.923,True,0.776,-48.306,302.36,404.93
1786962257.873,,0,,,,-46.890,-43.841,True,0.776,-48.372,302.67,404.93
1786962257.973,,0,,,,-46.800,-43.767,True,0.776,-48.481,303.18,404.93
1786962258.048,,0,,,,-46.710,-43.693,True,0.776,-48.521,303.37,404.93
1786962258.123,,0,,,,-46.720,-43.701,True,0.776,-48.508,303.31,404.93
1786962258.198,,0,,,,-46.700,-43.685,True,0.776,-48.475,303.15,404.92
1786962258.273,,0,,,,-46.700,-43.685,True,0.776,-48.458,303.07,404.92
1786962258.373,,0,,,,-46.720,-43.701,True,0.776,-48.755,304.46,404.92
1786962258.448,,0,,,,-46.720,-43.701,True,0.776,-48.976,305.48,404.91
1786962258.548,,0,,,,-46.670,-43.660,True,0.776,-49.160,306.33,404.91
1786962258.723,,0,,,,-46.540,-43.553,True,0.776,-49.382,307.35,404.91
1786962258.848,,0,,,,-46.510,-43.528,True,0.776,-49.298,306.96,404.90
1786962258.973,,0,,,,-46.270,-43.331,True,0.776,-49.391,307.39,404.91
1786962259.073,,0,,,,-46.010,-43.117,True,0.776,-49.581,308.27,404.91
1786962259.173,,0,,,,-45.800,-42.945,True,0.776,-49.740,309.00,404.91
1786962259.273,,0,,,,-45.580,-42.764,True,0.776,-49.897,309.71,404.90
1786962259.348,,0,,,,-45.430,-42.641,True,0.776,-49.995,310.15,404.90
1786962259.423,,0,,,,-45.190,-42.443,True,0.776,-50.208,311.11,404.89
1786962259.523,,0,,,,-45.030,-42.312,True,0.776,-50.363,311.81,404.89
1786962259.598,,0,,,,-44.890,-42.197,True,0.776,-50.539,312.59,404.89
1786962259.698,,0,,,,-44.670,-42.016,True,0.776,-50.655,313.12,404.89
1786962259.773,,0,,,,-44.460,-41.843,True,0.776,-50.812,313.82,404.89
1786962259.873,,0,,,,-44.270,-41.687,True,0.776,-51.003,314.67,404.89
1786962259.923,,0,,,,-44.130,-41.572,True,0.776,-51.183,315.47,404.89
1786962259.998,,0,,,,-43.980,-41.449,True,0.776,-51.382,316.35,404.90
1786962260.073,,0,,,,-43.980,-41.449,True,0.776,-51.441,316.61,404.90
1786962260.148,,0,,,,-44.070,-41.523,True,0.776,-51.591,317.28,404.90
1786962260.248,,0,,,,-44.310,-41.720,True,0.776,-51.704,317.77,404.90
1786962260.323,,0,,,,-44.480,-41.860,True,0.776,-51.719,317.83,404.89
1786962260.423,,0,,,,-44.580,-41.942,True,0.776,-51.800,318.19,404.89
1786962260.498,,0,,,,-44.530,-41.901,True,0.776,-51.885,318.55,404.89
1786962260.573,,0,,,,-44.390,-41.786,True,0.776,-51.910,318.66,404.88
1786962260.673,,0,,,,-44.270,-41.687,True,0.776,-52.111,319.53,404.88
1786962260.773,,0,,,,-44.120,-41.564,True,0.776,-52.314,320.41,404.88
1786962260.848,,0,,,,-44.060,-41.515,True,0.776,-52.404,320.80,404.88
1786962260.898,,0,,,,-44.030,-41.490,True,0.776,-52.512,321.26,404.88
1786962260.948,,0,,,,-43.970,-41.441,True,0.776,-52.578,321.55,404.89
1786962261.048,,0,,,,-43.930,-41.408,True,0.776,-52.597,321.63,404.88
1786962261.123,,0,,,,-43.920,-41.400,True,0.776,-52.757,322.32,404.89
1786962261.173,,0,,,,-43.940,-41.416,True,0.776,-52.690,322.04,404.89
1786962261.248,,0,,,,-43.990,-41.457,True,0.776,-52.928,323.05,404.88
1786962261.323,,0,,,,-44.020,-41.482,True,0.776,-53.060,323.61,404.89
1786962261.473,,0,,,,-44.040,-41.498,True,0.776,-52.704,322.09,404.88
1786962261.548,,0,,,,-44.040,-41.498,True,0.776,-52.838,322.66,404.89
1786962261.648,,0,,,,-43.990,-41.457,True,0.776,-52.721,322.16,404.88
1786962261.748,,0,,,,-43.920,-41.400,True,0.776,-52.794,322.47,404.88
1786962261.823,,0,,,,-43.830,-41.326,True,0.776,-52.879,322.83,404.88
1786962261.898,,0,,,,-43.680,-41.202,True,0.776,-52.971,323.22,404.87
1786962261.998,,0,,,,-43.550,-41.096,True,0.776,-53.218,324.27,404.87
1786962262.073,,0,,,,-43.450,-41.013,True,0.776,-53.146,323.96,404.87
1786962262.148,,0,,,,-43.410,-40.980,True,0.776,-53.286,324.56,404.87
1786962262.223,,0,,,,-43.420,-40.989,True,0.776,-53.426,325.14,404.87
1786962262.273,,0,,,,-43.460,-41.022,True,0.776,-53.553,325.68,404.87
1786962262.323,,0,,,,-43.550,-41.096,True,0.776,-53.758,326.54,404.87
1786962262.398,,0,,,,-43.730,-41.243,True,0.776,-54.042,327.72,404.87
1786962262.473,,0,,,,-43.870,-41.359,True,0.776,-54.129,328.08,404.87
1786962262.523,,0,,,,-43.930,-41.408,True,0.776,-54.141,328.14,404.88
1786962262.623,,0,,,,-44.050,-41.507,True,0.776,-54.052,327.77,404.88
1786962262.723,,0,,,,-44.120,-41.564,True,0.776,-53.956,327.37,404.88
1786962262.798,,0,,,,-44.150,-41.589,True,0.776,-53.974,327.45,404.88
1786962262.948,,0,,,,-44.140,-41.580,True,0.776,-54.028,327.67,404.88
1786962263.048,,0,,,,-44.060,-41.515,True,0.776,-54.293,328.76,404.87
1786962263.223,,0,,,,-43.740,-41.252,True,0.776,-54.522,329.70,404.87
1786962263.323,,0,,,,-43.670,-41.194,True,0.776,-55.067,331.92,404.87
1786962263.448,,0,,,,-43.880,-41.367,True,0.776,-54.941,331.41,404.87
1786962263.498,,0,,,,-43.950,-41.424,True,0.776,-54.902,331.25,404.87
1786962263.573,,0,,,,-44.130,-41.572,True,0.776,-55.038,331.80,404.87
1786962263.698,,0,,,,-44.430,-41.819,True,0.776,-55.341,333.02,404.87
1786962263.748,,0,,,,-44.410,-41.802,True,0.776,-55.422,333.35,404.87
1786962263.798,,0,,,,-44.300,-41.712,True,0.776,-55.394,333.24,404.87
1786962263.873,,0,,,,-44.080,-41.531,True,0.776,-55.611,334.10,404.86
1786962263.973,,0,,,,-43.560,-41.104,True,0.776,-55.781,334.78,404.86
1786962264.048,,0,,,,-43.400,-40.972,True,0.776,-56.101,336.04,404.86
1786962264.173,,0,,,,-43.150,-40.767,True,0.776,-56.377,337.13,404.87
1786962264.448,,0,,,,-43.370,-40.948,True,0.776,-56.781,338.71,404.87
1786962264.598,,0,,,,-43.320,-40.907,True,0.776,-56.890,339.14,404.88
1786962264.723,,0,,,,-43.170,-40.783,True,0.776,-56.897,339.16,404.88
1786962264.873,,0,,,,-43.040,-40.676,True,0.776,-57.130,340.06,404.88
1786962264.973,,0,,,,-43.220,-40.824,True,0.776,-57.255,340.54,404.88
1786962265.073,,0,,,,-43.480,-41.038,True,0.776,-57.291,340.68,404.89
1786962265.148,,0,,,,-43.770,-41.276,True,0.776,-57.252,340.54,404.89
1786962265.223,,0,,,,-44.000,-41.465,True,0.776,-57.335,340.85,404.89
1786962265.348,,0,,,,-44.580,-41.942,True,0.776,-57.481,341.41,404.89
1786962265.448,,0,,,,-44.700,-42.041,True,0.776,-57.474,341.38,404.89
1786962265.548,,0,,,,-44.760,-42.090,True,0.776,-57.792,342.58,404.89
1786962265.598,,0,,,,-44.790,-42.115,True,0.776,-58.066,343.61,404.88
1786962265.673,,0,,,,-44.750,-42.082,True,0.776,-57.828,342.71,404.88
1786962265.748,,0,,,,-44.600,-41.959,True,0.776,-57.874,342.89,404.88
1786962265.848,,0,,,,-44.440,-41.827,True,0.776,-57.967,343.24,404.88
1786962265.923,,0,,,,-44.350,-41.753,True,0.776,-57.984,343.30,404.89
1786962266.023,,0,,,,-44.250,-41.671,True,0.776,-57.996,343.35,404.89
1786962266.098,,0,,,,-44.290,-41.704,True,0.776,-58.207,344.14,404.90
1786962266.223,,0,,,,-44.410,-41.802,True,0.776,-58.112,343.80,404.90
1786962266.298,,0,,,,-44.450,-41.835,True,0.776,-58.168,344.01,404.91
1786962266.373,,0,,,,-44.540,-41.909,True,0.776,-58.183,344.06,404.91
1786962266.448,,0,,,,-44.470,-41.852,True,0.776,-58.200,344.13,404.91
1786962266.548,,0,,,,-44.400,-41.794,True,0.776,-58.225,344.22,404.91
1786962266.598,,0,,,,-44.360,-41.761,True,0.776,-58.308,344.53,404.91
1786962266.673,,0,,,,-44.340,-41.745,True,0.776,-58.441,345.02,404.91
1786962266.748,,0,,,,-44.430,-41.819,True,0.776,-58.570,345.50,404.91
1786962266.798,,0,,,,-44.530,-41.901,True,0.776,-58.726,346.08,404.91
1786962266.898,,0,,,,-44.800,-42.123,True,0.776,-58.760,346.21,404.92
1786962266.973,,0,,,,-45.090,-42.361,True,0.776,-58.743,346.15,404.92
1786962267.023,,0,,,,-45.330,-42.559,True,0.776,-58.629,345.73,404.92
1786962267.123,,0,,,,-45.510,-42.707,True,0.776,-58.625,345.72,404.92
1786962267.198,,0,,,,-45.630,-42.805,True,0.776,-58.868,346.61,404.93
1786962267.298,,0,,,,-45.800,-42.945,True,0.776,-58.954,346.92,404.93
1786962267.398,,0,,,,-45.790,-42.937,True,0.776,-59.131,347.56,404.92
1786962267.473,,0,,,,-45.750,-42.904,True,0.776,-59.204,347.83,404.92
1786962267.548,,0,,,,-45.760,-42.912,True,0.776,-59.327,348.27,404.92
1786962267.648,,0,,,,-45.800,-42.945,True,0.776,-59.490,348.86,404.93
1786962267.723,,0,,,,-45.850,-42.986,True,0.776,-59.718,349.68,404.93
1786962267.773,,0,,,,-45.980,-43.093,True,0.776,-59.771,349.86,404.93
1786962267.848,,0,,,,-46.050,-43.150,True,0.776,-59.890,350.29,404.93
1786962267.923,,0,,,,-46.120,-43.208,True,0.776,-59.880,350.26,404.93
1786962267.998,,0,,,,-46.120,-43.208,True,0.776,-59.876,350.24,404.93
1786962268.073,,0,,,,-46.100,-43.191,True,0.776,-59.977,350.60,404.93
1786962268.173,,0,,,,-46.040,-43.142,True,0.776,-60.080,350.97,404.94
1786962268.298,,0,,,,-45.860,-42.994,True,0.776,-60.315,351.80,404.94
1786962268.348,,0,,,,-45.810,-42.953,True,0.776,-60.417,352.16,404.94
1786962268.423,,0,,,,-45.650,-42.822,True,0.776,-60.398,352.09,404.95
1786962268.498,,0,,,,-45.570,-42.756,True,0.776,-60.619,352.86,404.95
1786962268.548,,0,,,,-45.480,-42.682,True,0.776,-60.749,353.31,404.95
1786962268.648,,0,,,,-45.320,-42.550,True,0.776,-60.894,353.82,404.95
1786962268.698,,0,,,,-45.190,-42.443,True,0.776,-61.031,354.29,404.96
1786962268.773,,0,,,,-45.160,-42.419,True,0.776,-61.091,354.50,404.96
1786962268.848,,0,,,,-45.040,-42.320,True,0.776,-61.312,355.25,404.96
1786962268.948,,0,,,,-44.950,-42.246,True,0.776,-61.564,356.11,404.97
1786962269.023,,0,,,,-44.910,-42.213,True,0.776,-61.701,356.57,404.97
1786962269.123,,0,,,,-44.980,-42.271,True,0.776,-61.936,357.36,404.97
1786962269.248,,0,,,,-45.140,-42.402,True,0.776,-62.073,357.81,404.97
1786962269.323,,0,,,,-45.290,-42.526,True,0.776,-62.115,357.95,404.97
1786962269.373,,0,,,,-45.370,-42.591,True,0.776,-62.121,357.97,404.97
1786962269.448,,0,,,,-45.460,-42.665,True,0.776,-62.207,358.26,404.97
1786962269.523,,0,,,,-45.520,-42.715,True,0.776,-62.258,358.42,404.98
1786962269.598,,0,,,,-45.560,-42.748,True,0.776,-62.384,358.84,404.98
1786962269.648,,0,,,,-45.580,-42.764,True,0.776,-62.412,358.93,404.98
1786962269.723,,0,,,,-45.550,-42.739,True,0.776,-62.561,359.41,404.98
1786962269.823,,0,,,,-45.430,-42.641,True,0.776,-62.703,359.88,404.97
1786962269.898,,0,,,,-45.220,-42.468,True,0.776,-63.080,361.09,404.97
1786962269.973,,0,,,,-45.020,-42.304,True,0.776,-63.107,361.18,404.97
1786962270.048,,0,,,,-44.810,-42.131,True,0.776,-63.205,361.49,404.97
1786962270.123,,0,,,,-44.590,-41.950,True,0.776,-63.519,362.49,404.97
1786962270.223,,0,,,,-44.400,-41.794,True,0.776,-63.684,363.01,404.98
1786962270.348,,0,,,,-44.020,-41.482,True,0.776,-63.709,363.09,404.98
1786962270.448,,0,,,,-43.680,-41.202,True,0.776,-63.771,363.29,404.99
1786962270.523,,0,,,,-43.340,-40.923,True,0.776,-63.690,363.04,404.99
1786962270.598,,0,,,,-43.100,-40.726,True,0.776,-63.840,363.51,405.00
1786962270.698,,0,,,,-42.840,-40.512,True,0.776,-64.025,364.09,405.00
1786962270.798,,0,,,,-42.770,-40.454,True,0.776,-64.172,364.55,405.01
1786962270.873,,0,,,,-42.790,-40.471,True,0.776,-64.145,364.47,405.01
1786962273.948,,0,,,,-41.820,-39.674,True,0.776,-67.880,375.23,405.05
1786962274.023,,0,,,,-41.840,-39.690,True,0.776,-67.989,375.53,405.05
1786962274.123,,0,,,,-41.620,-39.509,True,0.776,-67.956,375.44,405.05
1786962274.273,,0,,,,-41.030,-39.024,True,0.776,-68.249,376.21,405.05
1786962274.348,,0,,,,-40.560,-38.638,True,0.776,-68.982,378.10,405.05
1786962274.448,,0,,,,-40.310,-38.433,True,0.776,-69.432,379.23,405.05
1786962274.523,,0,,,,-40.020,-38.194,True,0.776,-69.900,380.38,405.05
1786962274.598,,0,,,,-39.680,-37.915,True,0.776,-70.168,381.03,405.06
1786962274.673,,0,,,,-39.280,-37.586,True,0.776,-70.609,382.08,405.06
1786962274.773,,0,,,,-38.480,-36.928,True,0.776,-71.038,383.08,405.06
1786962274.848,,0,,,,-37.770,-36.345,True,0.776,-71.655,384.48,405.06
1786962274.948,,0,,,,-37.320,-35.975,True,0.776,-71.867,384.95,405.06
1786962275.023,,0,,,,-36.910,-35.647,True,0.773,-72.089,385.43,405.07
1786962275.098,,0,,,,-36.640,-35.452,True,0.765,-72.540,386.41,405.07
1786962275.173,,0,,,,-36.380,-35.265,True,0.757,-72.507,386.34,405.07
1786962275.248,,0,,,,-36.130,-35.084,True,0.750,-72.931,387.23,405.08
1786962275.373,,0,,,,-35.980,-34.976,True,0.745,-73.082,387.55,405.08
1786962275.448,,0,,,,-35.870,-34.896,True,0.742,-73.092,387.57,405.08
1786962275.523,,0,,,,-35.700,-34.774,True,0.737,-73.059,387.50,405.08
1786962275.623,,0,,,,-35.450,-34.593,True,0.730,-72.928,387.23,405.08
1786962275.698,,0,,,,-35.100,-34.341,True,0.719,-72.866,387.10,405.08
1786962275.798,,0,,,,-34.840,-34.153,True,0.712,-72.928,387.23,405.08
1786962275.873,,0,,,,-34.560,-33.951,True,0.703,-72.884,387.14,405.08
1786962275.973,,0,,,,-34.220,-33.706,True,0.693,-72.848,387.06,405.08
1786962276.073,,0,,,,-34.040,-33.576,True,0.688,-72.633,386.61,405.08
1786962276.173,,0,,,,-34.020,-33.561,True,0.688,-72.559,386.46,405.08
1786962276.248,,0,,,,-34.020,-33.561,True,0.688,-72.396,386.12,405.09
1786962276.323,,0,,,,-33.980,-33.532,True,0.686,-72.143,385.57,405.09
1786962276.398,,0,,,,-33.880,-33.460,True,0.684,-72.171,385.64,405.09
1786962276.573,,0,,,,-33.620,-33.273,True,0.676,-72.314,385.94,405.09
1786962276.648,,0,,,,-33.490,-33.179,True,0.672,-72.437,386.21,405.09
1786962276.748,,0,,,,-33.330,-33.063,True,0.668,-72.515,386.37,405.09
1786962276.823,,0,,,,-33.200,-32.969,True,0.664,-72.772,386.92,405.09
1786962276.923,,0,,,,-33.060,-32.868,True,0.660,-72.928,387.24,405.09
1786962277.248,,0,,,,-32.630,-32.558,True,0.647,-73.662,388.75,405.11
1786962277.373,,0,,,,-32.510,-32.471,True,0.644,-73.895,389.21,405.11
1786962277.498,,0,,,,-32.460,-32.435,True,0.642,-74.068,389.55,405.11
1786962277.673,,0,,,,-32.590,-32.529,True,0.646,-74.267,389.94,405.12
1786962278.023,,0,,,,-32.610,-32.544,True,0.647,-74.940,391.21,405.12
1786962278.148,,0,,,,-32.170,-32.226,True,0.634,-75.227,391.73,405.12
1786962278.248,,0,,,,-31.820,-31.973,True,0.624,-75.333,391.92,405.12
1786962280.073,,0,,,,-32.330,-32.342,True,0.639,-77.397,395.41,405.17
1786962280.198,,0,,,,-31.970,-32.082,True,0.628,-77.901,396.17,405.17
1786962280.298,,0,,,,-31.790,-31.952,True,0.623,-78.217,396.63,405.17
1786962280.398,,0,,,,-31.680,-31.872,True,0.620,-78.452,396.97,405.17
1786962280.898,,0,,,,-31.260,-31.569,True,0.608,-79.147,397.94,405.19
1786962281.398,,0,,,,-30.690,-31.158,True,0.592,-79.653,398.62,405.21
1786962281.823,,0,,,,-30.330,-30.898,True,0.582,-80.195,399.32,405.24
1786962281.948,,0,,,,-30.350,-30.913,True,0.583,-80.531,399.72,405.24
1786962282.048,,0,,,,-30.440,-30.977,True,0.585,-80.783,400.01,405.24
1786962282.623,,0,,,,-30.340,-30.905,True,0.582,-81.503,400.80,405.25
1786962285.698,,0,,,,-28.950,-29.902,True,0.544,-84.578,403.55,405.37
1786962285.773,,0,,,,-29.070,-29.989,True,0.547,-84.707,403.64,405.37
1786962285.848,,0,,,,-29.190,-30.075,True,0.550,-84.764,403.68,405.37
1786962285.923,,0,,,,-29.150,-30.046,True,0.549,-85.081,403.88,405.37
1786962286.023,,0,,,,-29.110,-30.018,True,0.548,-85.506,404.13,405.38
1786962286.123,,0,,,,-28.930,-29.888,True,0.543,-85.871,404.33,405.38
1786962286.198,,0,,,,-28.760,-29.765,True,0.539,-86.374,404.58,405.39
1786962286.273,,0,,,,-28.460,-29.548,True,0.531,-86.571,404.67,405.40
1786962286.423,,0,,,,-27.820,-29.087,True,0.513,-87.179,404.92,405.41
1786962286.473,,0,,,,-27.490,-28.848,True,0.505,-87.406,405.00,405.41
1786962286.573,,0,,,,-27.010,-28.502,True,0.492,-87.454,405.01,405.41
1786962286.648,,0,,,,-26.800,-28.350,True,0.487,-87.551,405.05,405.42
1786962286.723,,0,,,,-26.690,-28.271,True,0.484,-87.526,405.04,405.42
1786962286.798,,0,,,,-26.720,-28.293,True,0.485,-87.599,405.07,405.43
1786962286.873,,0,,,,-26.710,-28.285,True,0.484,-87.415,405.02,405.43
1786962286.948,,0,,,,-26.680,-28.264,True,0.483,-87.453,405.03,405.43
1786962287.023,,0,,,,-26.650,-28.242,True,0.483,-87.509,405.05,405.43
1786962287.098,,0,,,,-26.630,-28.228,True,0.482,-87.553,405.07,405.44
1786962287.148,,0,,,,-26.620,-28.220,True,0.482,-87.532,405.06,405.44
1786962287.248,,0,,,,-26.550,-28.170,True,0.480,-87.509,405.06,405.45
1786962287.348,,0,,,,-26.500,-28.134,True,0.479,-87.515,405.07,405.45
1786962287.448,,0,,,,-26.350,-28.026,True,0.475,-87.538,405.08,405.45
1786962287.523,,0,,,,-26.260,-27.961,True,0.473,-87.417,405.04,405.45
1786962287.573,,0,,,,-26.140,-27.874,True,0.470,-87.395,405.03,405.45
1786962287.698,,0,,,,-25.950,-27.737,True,0.465,-87.619,405.11,405.46
1786962287.773,,0,,,,-25.860,-27.672,True,0.463,-87.414,405.04,405.46
1786962287.873,,0,,,,-25.720,-27.571,True,0.459,-87.432,405.06,405.46
1786962287.948,,0,,,,-25.640,-27.513,True,0.457,-87.438,405.06,405.47
1786962288.048,,0,,,,-25.550,-27.448,True,0.455,-87.385,405.05,405.47
1786962288.148,,0,,,,-25.480,-27.398,True,0.453,-87.475,405.08,405.48
1786962288.198,,0,,,,-25.490,-27.405,True,0.453,-87.512,405.10,405.48
1786962288.298,,0,,,,-25.540,-27.441,True,0.455,-87.564,405.12,405.49
1786962288.423,,0,,,,-25.580,-27.470,True,0.456,-87.592,405.13,405.49
1786962288.473,,0,,,,-25.560,-27.455,True,0.455,-87.732,405.18,405.50
1786962288.573,,0,,,,-25.500,-27.412,True,0.454,-87.713,405.17,405.50
1786962288.673,,0,,,,-25.320,-27.282,True,0.449,-87.666,405.16,405.50
1786962288.798,,0,,,,-25.060,-27.095,True,0.443,-87.701,405.18,405.51
1786962288.848,,0,,,,-24.930,-27.001,True,0.440,-87.821,405.22,405.51
1786962288.923,,0,,,,-24.870,-26.957,True,0.438,-87.929,405.25,405.51
1786962289.023,,0,,,,-24.920,-26.994,True,0.439,-88.212,405.32,405.52
1786962289.148,,0,,,,-25.260,-27.239,True,0.448,-88.489,405.39,405.53
1786962289.248,,0,,,,-25.440,-27.369,True,0.452,-88.784,405.45,405.54
1786962289.323,,0,,,,-25.580,-27.470,True,0.456,-88.983,405.47,405.54
1786962289.373,,0,,,,-25.690,-27.549,True,0.458,-89.151,405.49,405.54
1786962289.473,,0,,,,-25.790,-27.621,True,0.461,-89.258,405.51,405.54
1786962289.548,,0,,,,-25.820,-27.643,True,0.462,-89.401,405.52,405.54
1786962289.623,,0,,,,-25.770,-27.607,True,0.460,-89.357,405.52,405.55
1786962289.698,,0,,,,-25.570,-27.463,True,0.455,-89.350,405.52,405.55
1786962289.798,,0,,,,-25.150,-27.160,True,0.445,-89.341,405.53,405.55
1786962289.873,,0,,,,-24.890,-26.972,True,0.439,-89.430,405.54,405.56
1786962289.948,,0,,,,-24.560,-26.734,True,0.431,-89.562,405.54,405.56
1786962290.023,,0,,,,-24.460,-26.662,True,0.428,-89.575,405.55,405.56
1786962290.098,,0,,,,-24.470,-26.669,True,0.429,-89.723,405.56,405.56
1786962290.173,,0,,,,-24.460,-26.662,True,0.428,-89.789,405.56,405.56
1786962290.248,,0,,,,-24.470,-26.669,True,0.429,-89.888,405.56,405.56
1786962290.298,,0,,,,-24.480,-26.676,True,0.429,-89.948,405.57,405.57
1786962290.398,,0,,,,-24.430,-26.640,True,0.428,-90.144,405.57,405.57
1786962290.473,,0,,,,-24.340,-26.575,True,0.425,-90.265,405.57,405.58
1786962290.548,,0,,,,-24.140,-26.431,True,0.421,-90.539,405.56,405.58
1786962290.598,,0,,,,-23.960,-26.301,True,0.417,-90.720,405.56,405.59
1786962290.648,,0,,,,-23.890,-26.250,True,0.415,-90.727,405.56,405.59
1786962290.748,,0,,,,-23.580,-26.026,True,0.408,-90.854,405.55,405.59
1786962290.823,,0,,,,-23.220,-25.758,True,0.405,-90.926,405.54,405.60
1786962290.923,,0,,,,-22.670,-25.318,True,0.419,-90.876,405.55,405.60
1786962290.998,,0,,,,-22.460,-25.150,True,0.424,-91.025,405.53,405.60
1786962291.073,,0,,,,-22.410,-25.110,True,0.426,-90.811,405.56,405.60
1786962291.248,,0,,,,-22.510,-25.190,True,0.423,-91.207,405.52,405.61
1786962291.323,,0,,,,-22.700,-25.342,True,0.418,-91.506,405.48,405.62
1786962291.398,,0,,,,-22.740,-25.374,True,0.417,-91.602,405.46,405.62
1786962291.473,,0,,,,-22.820,-25.438,True,0.415,-91.698,405.45,405.63
1786962291.548,,0,,,,-22.870,-25.478,True,0.414,-91.822,405.42,405.63
1786962291.598,,0,,,,-22.820,-25.438,True,0.415,-91.732,405.45,405.63
1786962291.673,,0,,,,-22.720,-25.358,True,0.418,-91.759,405.44,405.63
1786962291.748,,0,,,,-22.480,-25.166,True,0.424,-91.789,405.44,405.63
1786962291.848,,0,,,,-22.210,-24.950,True,0.431,-91.668,405.47,405.64
1786962291.923,,0,,,,-21.990,-24.774,True,0.437,-91.522,405.49,405.64
1786962291.998,,0,,,,-21.890,-24.694,True,0.439,-91.495,405.50,405.64
1786962292.073,,0,,,,-21.890,-24.694,True,0.439,-91.528,405.50,405.64
1786962292.148,,0,,,,-21.950,-24.742,True,0.438,-91.721,405.46,405.65
1786962292.223,,0,,,,-22.100,-24.862,True,0.434,-91.798,405.45,405.65
1786962292.348,,0,,,,-22.130,-24.886,True,0.433,-91.944,405.42,405.65
1786962292.423,,0,,,,-22.100,-24.862,True,0.434,-92.018,405.40,405.66
1786962292.498,,0,,,,-21.960,-24.750,True,0.438,-92.112,405.38,405.66
1786962292.573,,0,,,,-21.660,-24.511,True,0.446,-92.287,405.34,405.66
1786962292.648,,0,,,,-21.350,-24.263,True,0.454,-92.391,405.31,405.66
1786962292.748,,0,,,,-21.060,-24.031,True,0.462,-92.417,405.30,405.66
1786962292.823,,0,,,,-20.820,-23.839,True,0.469,-92.588,405.25,405.67
1786962292.898,,0,,,,-20.640,-23.695,True,0.474,-92.667,405.23,405.67
1786962292.998,,0,,,,-20.550,-23.623,True,0.477,-92.849,405.17,405.68
1786962293.098,,0,,,,-20.470,-23.559,True,0.479,-92.862,405.17,405.68
1786962293.198,,0,,,,-20.320,-23.439,True,0.483,-93.167,405.06,405.68
1786962293.323,,0,,,,-20.180,-23.327,True,0.487,-93.120,405.08,405.68
1786962293.448,,0,,,,-19.910,-23.111,True,0.495,-93.437,404.96,405.69
1786962293.523,,0,,,,-19.760,-22.991,True,0.499,-93.579,404.90,405.69
1786962293.598,,0,,,,-19.710,-22.951,True,0.501,-93.789,404.81,405.70
1786962293.823,,0,,,,-19.640,-22.895,True,0.503,-94.056,404.69,405.71
1786962294.073,,0,,,,-19.410,-22.711,True,0.510,-93.967,404.74,405.71
1786962294.173,,0,,,,-19.360,-22.671,True,0.511,-94.378,404.53,405.72
1786962294.348,,0,,,,-19.280,-22.607,True,0.513,-94.835,404.28,405.72
1786962294.473,,0,,,,-19.190,-22.535,True,0.516,-94.901,404.24,405.73
1786962294.648,,0,,,,-18.910,-22.311,True,0.524,-94.794,404.31,405.73
1786962294.673,,0,,,,-18.750,-22.183,True,0.529,-94.833,404.29,405.73
1786962294.823,,0,,,,-18.390,-21.896,True,0.540,-94.697,404.38,405.74
1786962294.923,,0,,,,-18.160,-21.712,True,0.547,-94.596,404.44,405.74
1786962294.998,,0,,,,-17.990,-21.576,True,0.552,-94.675,404.40,405.75
1786962295.072,,0,,,,-17.820,-21.440,True,0.557,-94.674,404.40,405.75
1786962295.147,,0,,,,-17.710,-21.352,True,0.561,-94.831,404.31,405.75
1786962295.222,,0,,,,-17.600,-21.264,True,0.564,-94.810,404.32,405.75
1786962295.298,,0,,,,-17.480,-21.168,True,0.568,-95.161,404.10,405.75
1786962295.372,,0,,,,-17.480,-21.168,True,0.568,-95.037,404.18,405.75
1786962295.472,,0,,,,-17.400,-21.104,True,0.570,-95.611,403.81,405.75
1786962295.547,,0,,,,-17.300,-21.024,True,0.573,-95.848,403.64,405.75
1786962295.647,,0,,,,-17.220,-20.960,True,0.576,-96.038,403.51,405.76
1786962295.747,,0,,,,-17.050,-20.824,True,0.581,-96.249,403.36,405.77
1786962295.848,,0,,,,-16.740,-20.576,True,0.591,-96.192,403.41,405.78
1786962296.022,,0,,,,-16.360,-20.272,True,0.602,-96.595,403.10,405.78
1786962296.097,,0,,,,-16.330,-20.248,True,0.603,-96.687,403.03,405.79
1786962296.172,,0,,,,-16.380,-20.288,True,0.602,-96.646,403.06,405.79
1786962296.272,,0,,,,-16.440,-20.336,True,0.600,-96.594,403.11,405.79
1786962296.447,,0,,,,-16.360,-20.272,True,0.602,-96.596,403.11,405.80
1786962296.522,,0,,,,-16.260,-20.192,True,0.606,-96.569,403.13,405.80
1786962296.623,,0,,,,-16.040,-20.016,True,0.612,-96.684,403.04,405.80
1786962296.723,,0,,,,-15.870,-19.880,True,0.618,-96.816,402.93,405.80
1786962296.798,,0,,,,-15.670,-19.720,True,0.624,-96.941,402.82,405.80
1786962296.848,,0,,,,-15.600,-19.665,True,0.626,-97.157,402.64,405.80
1786962296.923,,0,,,,-15.530,-19.609,True,0.629,-97.118,402.68,405.81
1786962297.048,,0,,,,-15.360,-19.473,True,0.634,-97.304,402.52,405.81
1786962297.173,,0,,,,-15.200,-19.345,True,0.639,-97.438,402.40,405.81
1786962297.372,,0,,,,-14.720,-18.961,True,0.654,-97.366,402.46,405.81
1786962297.448,,0,,,,-14.460,-18.753,True,0.663,-97.494,402.34,405.81
1786962297.572,,0,,,,-14.240,-18.577,True,0.670,-97.490,402.35,405.81
1786962297.673,,0,,,,-14.080,-18.449,True,0.675,-97.501,402.34,405.82
1786962297.748,,0,,,,-13.870,-18.281,True,0.682,-97.699,402.16,405.82
1786962297.822,,0,,,,-13.690,-18.137,True,0.688,-97.913,401.96,405.83
1786962297.897,,0,,,,-13.530,-18.009,True,0.693,-97.985,401.90,405.83
1786962297.972,,0,,,,-13.220,-17.761,True,0.703,-98.033,401.85,405.84
1786962298.047,,0,,,,-13.090,-17.657,True,0.707,-98.237,401.66,405.84
1786962298.122,,0,,,,-12.990,-17.577,True,0.710,-98.427,401.46,405.84
1786962298.173,,0,,,,-12.860,-17.473,True,0.715,-98.373,401.52,405.84
1786962298.248,,0,,,,-12.750,-17.385,True,0.718,-98.268,401.63,405.84
1786962298.347,,0,,,,-12.800,-17.425,True,0.716,-98.302,401.59,405.84
1786962298.447,,0,,,,-12.960,-17.553,True,0.711,-98.313,401.58,405.84
1786962298.497,,0,,,,-13.060,-17.633,True,0.708,-98.385,401.50,405.84
1786962298.597,,0,,,,-13.270,-17.801,True,0.701,-98.461,401.43,405.85
1786962298.697,,0,,,,-13.230,-17.769,True,0.702,-98.638,401.25,405.85
1786962298.797,,0,,,,-13.060,-17.633,True,0.708,-98.771,401.11,405.85
1786962298.872,,0,,,,-12.790,-17.417,True,0.717,-98.949,400.92,405.86
1786962298.948,,0,,,,-12.530,-17.210,True,0.725,-99.134,400.71,405.86
1786962298.997,,0,,,,-12.430,-17.130,True,0.729,-99.259,400.57,405.85
1786962299.072,,0,,,,-12.200,-16.946,True,0.736,-99.283,400.54,405.85
1786962299.397,,0,,,,-11.750,-16.586,True,0.751,-99.567,400.20,405.84
1786962299.472,,0,,,,-11.610,-16.474,True,0.756,-99.646,400.11,405.85
1786962299.547,,0,,,,-11.280,-16.210,True,0.766,-99.620,400.14,405.85
1786962299.647,,0,,,,-10.890,-15.874,True,0.771,-99.670,400.09,405.85
1786962299.697,,0,,,,-10.550,-15.527,True,0.757,-99.768,399.97,405.86
1786962299.798,,0,,,,-10.030,-14.996,True,0.735,-100.080,399.60,405.86
1786962299.897,,0,,,,-9.550,-14.506,True,0.715,-100.301,399.32,405.86
1786962299.972,,0,,,,-9.320,-14.272,True,0.705,-100.313,399.31,405.86
1786962300.023,,0,,,,-9.170,-14.119,True,0.699,-100.574,398.97,405.87
1786962300.122,,0,,,,-9.010,-13.955,True,0.692,-100.624,398.91,405.86
1786962300.222,,0,,,,-9.060,-14.006,True,0.695,-100.586,398.95,405.86
1786962300.297,,0,,,,-9.000,-13.945,True,0.692,-100.341,399.26,405.86
1786962300.397,,0,,,,-8.920,-13.864,True,0.689,-100.295,399.32,405.86
1786962300.497,,0,,,,-8.730,-13.670,True,0.681,-100.330,399.28,405.86
1786962300.597,,0,,,,-8.560,-13.496,True,0.674,-100.412,399.17,405.86
1786962300.747,,0,,,,-8.030,-12.955,True,0.652,-100.691,398.82,405.86
1786962300.822,,0,,,,-7.860,-12.782,True,0.645,-100.893,398.55,405.86
1786962300.972,,0,,,,-7.620,-12.537,True,0.636,-100.760,398.73,405.86
1786962301.072,,0,,,,-7.470,-12.384,True,0.629,-100.754,398.74,405.86
1786962301.147,,0,,,,-7.290,-12.200,True,0.622,-100.980,398.43,405.86
1786962301.197,,0,,,,-6.950,-11.853,True,0.609,-100.984,398.43,405.86
1786962301.272,,0,,,,-6.730,-11.629,True,0.600,-101.058,398.33,405.86
1786962301.373,,0,,,,-6.120,-11.007,True,0.576,-101.065,398.31,405.86
1786962301.472,,0,,,,-5.570,-10.445,True,0.554,-101.130,398.22,405.86
1786962301.597,,0,,,,-5.070,-9.935,True,0.535,-101.290,398.00,405.85
1786962301.672,,0,,,,-4.960,-9.823,True,0.531,-101.244,398.06,405.85
1786962301.772,,0,,,,-4.740,-9.598,True,0.522,-101.347,397.92,405.85
1786962301.997,,0,,,,-4.200,-9.047,True,0.502,-100.887,398.55,405.86
1786962302.072,,0,,,,-3.990,-8.833,True,0.494,-100.698,398.80,405.86
1786962302.422,,0,,,,-2.640,-7.456,True,0.446,-101.603,397.56,405.86
1786962302.472,,0,,,,-2.460,-7.272,True,0.440,-101.774,397.32,405.86
1786962302.547,,0,,,,-2.290,-7.099,True,0.434,-101.764,397.33,405.85
1786962302.622,,0,,,,-2.240,-7.048,True,0.432,-101.807,397.27,405.85
1786962302.697,,0,,,,-2.180,-6.986,True,0.430,-101.829,397.24,405.85
1786962302.797,,0,,,,-2.240,-7.048,True,0.432,-101.944,397.07,405.86
1786962302.872,,0,,,,-2.280,-7.088,True,0.433,-101.961,397.05,405.86
1786962302.972,,0,,,,-2.170,-6.976,True,0.430,-102.016,396.96,405.86
1786962303.072,,0,,,,-1.920,-6.721,True,0.421,-102.061,396.90,405.86
1786962303.147,,0,,,,-1.560,-6.354,True,0.410,-102.121,396.80,405.85
1786962303.222,,0,,,,-1.130,-5.862,True,0.405,-102.010,396.97,405.85
1786962303.272,,0,,,,-0.840,-5.489,True,0.410,-101.984,397.00,405.85
1786962303.372,,0,,,,-0.550,-5.115,True,0.414,-102.045,396.91,405.84
1786962303.422,,0,,,,-0.500,-5.051,True,0.415,-102.187,396.70,405.84
1786962303.572,,0,,,,-0.700,-5.308,True,0.412,-102.220,396.65,405.84
1786962303.872,,0,,,,-0.750,-5.373,True,0.411,-102.261,396.59,405.85
1786962303.947,,0,,,,-0.210,-4.678,True,0.420,-102.256,396.59,405.84
1786962304.047,,0,,,,0.750,-3.443,True,0.436,-102.148,396.75,405.84
1786962304.122,,0,,,,1.180,-2.889,True,0.443,-102.182,396.70,405.84
1786962304.197,,0,,,,1.510,-2.465,True,0.448,-102.521,396.19,405.84
1786962304.272,,0,,,,1.700,-2.220,True,0.452,-102.570,396.11,405.84
1786962304.372,,0,,,,1.740,-2.169,True,0.452,-102.766,395.81,405.84
1786962304.447,,0,,,,1.540,-2.426,True,0.449,-103.025,395.41,405.85
1786962304.547,,0,,,,1.220,-2.838,True,0.443,-103.071,395.34,405.85
1786962304.597,,0,,,,1.060,-3.044,True,0.441,-103.009,395.44,405.85
1786962304.697,,0,,,,0.930,-3.211,True,0.439,-102.870,395.66,405.85
1786962304.772,,0,,,,0.830,-3.340,True,0.437,-102.915,395.58,405.85
1786962304.847,,0,,,,0.830,-3.340,True,0.437,-102.914,395.59,405.85
1786962304.897,,0,,,,0.870,-3.288,True,0.438,-102.889,395.62,405.85
1786962305.047,,0,,,,1.140,-2.941,True,0.442,-102.924,395.56,405.84
1786962305.122,,0,,,,1.300,-2.735,True,0.445,-102.976,395.48,405.84
1786962305.247,,0,,,,1.540,-2.426,True,0.449,-103.035,395.39,405.85
1786962305.347,,0,,,,1.590,-2.362,True,0.450,-103.100,395.29,405.85
1786962305.422,,0,,,,1.590,-2.362,True,0.450,-103.187,395.15,405.85
1786962305.472,,0,,,,1.590,-2.362,True,0.450,-103.196,395.13,405.85
1786962305.547,,0,,,,1.590,-2.362,True,0.450,-103.417,394.78,405.85
1786962305.597,,0,,,,1.590,-2.362,True,0.450,-103.543,394.57,405.85
1786962305.647,,0,,,,1.590,-2.362,True,0.450,-103.716,394.28,405.85
1786962305.747,,0,,,,1.590,-2.362,True,0.450,-104.019,393.77,405.85
1786962305.822,,0,,,,1.590,-2.362,True,0.450,-104.107,393.61,405.85
1786962305.897,,0,,,,1.520,-2.452,True,0.449,-104.059,393.70,405.85
1786962305.947,,0,,,,1.730,-2.182,True,0.452,-104.033,393.74,405.85
1786962306.022,,0,,,,1.990,-1.847,True,0.457,-103.827,394.09,405.85
1786962306.097,,0,,,,2.240,-1.526,True,0.461,-103.957,393.87,405.85
1786962306.172,,0,,,,2.400,-1.320,True,0.464,-103.961,393.87,405.85
1786962306.347,,0,,,,2.490,-1.204,True,0.465,-104.255,393.36,405.86
1786962306.447,,0,,,,2.490,-1.204,True,0.465,-104.481,392.96,405.86
1786962306.497,,0,,,,2.490,-1.204,True,0.465,-104.651,392.66,405.86
1786962306.597,,0,,,,1.930,-1.924,True,0.456,-105.033,391.97,405.86
1786962306.672,,0,,,,1.820,-2.066,True,0.454,-104.830,392.34,405.86
1786962306.772,,0,,,,1.920,-1.937,True,0.455,-104.567,392.81,405.86
1786962306.847,,0,,,,2.040,-1.783,True,0.457,-104.563,392.82,405.86
1786962306.922,,0,,,,2.230,-1.538,True,0.461,-104.545,392.85,405.85
1786962307.022,,0,,,,2.480,-1.217,True,0.465,-104.609,392.73,405.86
1786962307.097,,0,,,,2.750,-0.869,True,0.470,-104.753,392.48,405.86
1786962307.197,,0,,,,2.930,-0.638,True,0.473,-104.850,392.30,405.86
1786962307.297,,0,,,,3.060,-0.470,True,0.475,-105.046,391.95,405.87
1786962307.397,,0,,,,3.090,-0.432,True,0.476,-105.213,391.64,405.87
1786962307.472,,0,,,,3.070,-0.458,True,0.475,-105.164,391.74,405.87
1786962307.547,,0,,,,3.030,-0.509,True,0.475,-105.163,391.74,405.87
1786962307.597,,0,,,,3.030,-0.509,True,0.475,-105.146,391.77,405.87
1786962307.647,,0,,,,3.010,-0.535,True,0.474,-105.103,391.85,405.87
1786962307.697,,0,,,,2.980,-0.573,True,0.474,-105.073,391.90,405.87
1786962307.847,,0,,,,2.890,-0.689,True,0.472,-105.152,391.76,405.87
1786962307.922,,0,,,,2.830,-0.766,True,0.471,-105.155,391.75,405.87
1786962307.972,,0,,,,2.760,-0.856,True,0.470,-105.192,391.68,405.87
1786962308.072,,0,,,,2.570,-1.101,True,0.467,-105.266,391.55,405.87
1786962308.147,,0,,,,2.400,-1.320,True,0.464,-105.383,391.33,405.87
1786962308.222,,0,,,,2.320,-1.423,True,0.462,-105.306,391.48,405.87
1786962308.272,,0,,,,2.350,-1.384,True,0.463,-105.405,391.29,405.88
1786962308.447,,0,,,,2.540,-1.140,True,0.466,-105.293,391.51,405.88
1786962308.497,,0,,,,2.610,-1.049,True,0.467,-105.277,391.54,405.88
1786962308.597,,0,,,,2.770,-0.844,True,0.470,-105.259,391.57,405.88
1786962308.697,,0,,,,2.850,-0.741,True,0.471,-105.370,391.36,405.88
1786962308.772,,0,,,,2.990,-0.561,True,0.474,-105.413,391.28,405.88
1786962308.872,,0,,,,3.010,-0.535,True,0.474,-105.505,391.11,405.88
1786962308.922,,0,,,,2.970,-0.586,True,0.474,-105.674,390.79,405.89
1786962308.997,,0,,,,2.870,-0.715,True,0.472,-105.740,390.67,405.89
1786962309.097,,0,,,,2.730,-0.895,True,0.469,-105.741,390.67,405.89
1786962309.147,,0,,,,2.650,-0.998,True,0.468,-105.749,390.65,405.89
1786962309.222,,0,,,,2.530,-1.152,True,0.466,-105.760,390.63,405.89
1786962309.322,,0,,,,2.480,-1.217,True,0.465,-105.705,390.73,405.89
1786962309.472,,0,,,,2.540,-1.140,True,0.466,-105.759,390.63,405.89
1786962309.572,,0,,,,2.580,-1.088,True,0.467,-105.928,390.31,405.89
1786962309.647,,0,,,,2.580,-1.088,True,0.467,-106.023,390.13,405.89
1786962309.747,,0,,,,2.580,-1.088,True,0.467,-106.145,389.89,405.90
1786962309.797,,0,,,,2.500,-1.191,True,0.465,-106.261,389.66,405.90
1786962309.872,,0,,,,2.410,-1.307,True,0.464,-106.293,389.60,405.90
1786962309.922,,0,,,,2.320,-1.423,True,0.462,-106.319,389.55,405.90
1786962309.997,,0,,,,2.200,-1.577,True,0.460,-106.443,389.30,405.90
1786962310.072,,0,,,,2.150,-1.641,True,0.459,-106.497,389.20,405.91
1786962310.147,,0,,,,2.080,-1.731,True,0.458,-106.575,389.04,405.91
1786962310.222,,0,,,,2.050,-1.770,True,0.458,-106.584,389.03,405.91
1786962310.297,,0,,,,2.030,-1.796,True,0.457,-106.588,389.02,405.91
1786962310.347,,0,,,,2.050,-1.770,True,0.458,-106.644,388.91,405.91
1786962310.422,,0,,,,2.050,-1.770,True,0.458,-106.704,388.79,405.91
1786962310.497,,0,,,,2.070,-1.744,True,0.458,-106.749,388.69,405.91
1786962310.572,,0,,,,2.070,-1.744,True,0.458,-106.737,388.72,405.91
1786962310.647,,0,,,,2.080,-1.731,True,0.458,-106.701,388.79,405.91
1786962310.697,,0,,,,2.050,-1.770,True,0.458,-106.681,388.83,405.91
1786962310.797,,0,,,,1.940,-1.912,True,0.456,-106.688,388.81,405.91
1786962310.847,,0,,,,1.930,-1.924,True,0.456,-106.643,388.91,405.91
1786962310.897,,0,,,,1.780,-2.117,True,0.453,-106.696,388.80,405.91
1786962310.972,,0,,,,1.640,-2.298,True,0.451,-106.745,388.70,405.91
1786962311.022,,0,,,,1.530,-2.439,True,0.449,-106.783,388.63,405.92
1786962311.147,,0,,,,1.540,-2.426,True,0.449,-106.850,388.50,405.92
1786962311.247,,0,,,,1.710,-2.207,True,0.452,-106.839,388.52,405.93
1786962311.397,,0,,,,2.010,-1.821,True,0.457,-106.937,388.32,405.93
1786962311.447,,0,,,,2.140,-1.654,True,0.459,-106.863,388.48,405.93
1786962311.547,,0,,,,2.170,-1.616,True,0.460,-106.849,388.51,405.93
1786962311.622,,0,,,,2.050,-1.770,True,0.458,-106.956,388.29,405.93
1786962311.747,,0,,,,1.800,-2.092,True,0.453,-106.941,388.32,405.93
1786962311.797,,0,,,,1.580,-2.375,True,0.450,-106.979,388.24,405.94
1786962311.947,,0,,,,1.300,-2.735,True,0.445,-107.002,388.20,405.94
1786962312.072,,0,,,,1.260,-2.786,True,0.444,-106.994,388.22,405.95
1786962312.172,,0,,,,1.220,-2.838,True,0.443,-107.103,388.00,405.95
1786962312.247,,0,,,,1.180,-2.889,True,0.443,-107.160,387.88,405.96
1786962312.322,,0,,,,1.100,-2.992,True,0.441,-107.188,387.83,405.96
1786962312.372,,0,,,,1.070,-3.031,True,0.441,-107.186,387.83,405.96
1786962312.472,,0,,,,0.890,-3.263,True,0.438,-107.171,387.86,405.96
1786962312.547,,0,,,,0.740,-3.456,True,0.435,-107.118,387.98,405.96
1786962312.622,,0,,,,0.560,-3.687,True,0.432,-107.060,388.10,405.96
1786962312.672,,0,,,,0.450,-3.829,True,0.431,-106.979,388.27,405.96
1786962312.747,,0,,,,0.340,-3.970,True,0.429,-106.915,388.40,405.96
1786962312.897,,0,,,,0.320,-3.996,True,0.428,-106.934,388.36,405.96
1786962312.947,,0,,,,0.340,-3.970,True,0.429,-107.008,388.21,405.96
1786962313.047,,0,,,,0.370,-3.932,True,0.429,-107.208,387.80,405.97
1786962313.147,,0,,,,0.390,-3.906,True,0.430,-107.372,387.46,405.98
1786962313.247,,0,,,,0.390,-3.906,True,0.430,-107.467,387.26,405.98
1786962313.322,,0,,,,0.390,-3.906,True,0.430,-107.590,387.00,405.98
1786962313.372,,0,,,,0.420,-3.867,True,0.430,-107.576,387.03,405.98
1786962313.422,,0,,,,0.450,-3.829,True,0.431,-107.557,387.07,405.98
1786962313.522,,0,,,,0.620,-3.610,True,0.433,-107.484,387.22,405.98
1786962313.597,,0,,,,0.740,-3.456,True,0.435,-107.486,387.22,405.98
1786962313.697,,0,,,,0.860,-3.301,True,0.437,-107.513,387.16,405.98
1786962313.772,,0,,,,0.930,-3.211,True,0.439,-107.463,387.27,405.98
1786962313.822,,0,,,,0.910,-3.237,True,0.438,-107.541,387.10,405.98
1786962313.947,,0,,,,0.720,-3.481,True,0.435,-107.695,386.78,405.99
1786962314.022,,0,,,,0.530,-3.726,True,0.432,-107.762,386.64,405.99
1786962314.097,,0,,,,0.410,-3.880,True,0.430,-107.745,386.68,406.00
1786962314.172,,0,,,,0.350,-3.957,True,0.429,-107.734,386.71,406.00
1786962314.272,,0,,,,0.500,-3.764,True,0.431,-107.690,386.81,406.01
1786962314.322,,0,,,,0.570,-3.674,True,0.433,-107.634,386.93,406.00
1786962314.397,,0,,,,0.690,-3.520,True,0.435,-107.527,387.15,406.00
1786962314.472,,0,,,,0.720,-3.481,True,0.435,-107.471,387.27,406.00
1786962314.572,,0,,,,0.610,-3.623,True,0.433,-107.395,387.43,406.00
1786962314.622,,0,,,,0.510,-3.752,True,0.432,-107.311,387.61,406.00
1786962314.697,,0,,,,0.350,-3.957,True,0.429,-107.318,387.59,406.00
1786962314.772,,0,,,,0.080,-4.305,True,0.425,-107.269,387.70,406.00
1786962314.847,,0,,,,-0.110,-4.549,True,0.421,-107.201,387.84,406.00
1786962314.922,,0,,,,-0.170,-4.626,True,0.420,-107.145,387.96,406.00
1786962314.997,,0,,,,-0.160,-4.614,True,0.421,-107.206,387.83,406.00
1786962315.097,,0,,,,0.200,-4.150,True,0.426,-107.145,387.96,406.01
1786962315.172,,0,,,,0.390,-3.906,True,0.430,-107.168,387.92,406.01
1786962315.272,,0,,,,0.760,-3.430,True,0.436,-107.150,387.95,406.01
1786962315.347,,0,,,,0.950,-3.185,True,0.439,-107.235,387.78,406.01
1786962315.397,,0,,,,1.000,-3.121,True,0.440,-107.271,387.70,406.01
1786962315.472,,0,,,,1.020,-3.095,True,0.440,-107.269,387.71,406.01
1786962315.522,,0,,,,0.990,-3.134,True,0.440,-107.396,387.44,406.01
1786962315.597,,0,,,,0.800,-3.378,True,0.436,-107.543,387.13,406.02
1786962315.672,,0,,,,0.640,-3.584,True,0.434,-107.519,387.19,406.02
1786962315.747,,0,,,,0.520,-3.739,True,0.432,-107.550,387.12,406.02
1786962315.847,,0,,,,0.390,-3.906,True,0.430,-107.508,387.21,406.02
1786962315.922,,0,,,,0.440,-3.842,True,0.430,-107.461,387.31,406.02
1786962315.997,,0,,,,0.550,-3.700,True,0.432,-107.394,387.46,406.02
1786962316.047,,0,,,,0.700,-3.507,True,0.435,-107.416,387.41,406.02
1786962316.147,,0,,,,0.880,-3.275,True,0.438,-107.334,387.58,406.02
1786962316.222,,0,,,,1.040,-3.070,True,0.440,-107.211,387.84,406.02
1786962316.297,,0,,,,1.020,-3.095,True,0.440,-107.295,387.66,406.02
1786962316.372,,0,,,,0.860,-3.301,True,0.437,-107.256,387.74,406.02
1786962316.447,,0,,,,0.620,-3.610,True,0.433,-107.382,387.48,406.02
1786962316.547,,0,,,,0.420,-3.867,True,0.430,-107.564,387.10,406.02
1786962316.622,,0,,,,0.280,-4.047,True,0.428,-107.463,387.31,406.03
1786962316.747,,0,,,,0.380,-3.919,True,0.429,-107.458,387.33,406.03
1786962316.847,,0,,,,0.800,-3.378,True,0.436,-107.480,387.28,406.03
1786962316.922,,0,,,,0.980,-3.147,True,0.439,-107.491,387.26,406.03
1786962316.997,,0,,,,1.240,-2.812,True,0.444,-107.537,387.16,406.03
1786962317.172,,0,,,,1.060,-3.044,True,0.441,-107.533,387.17,406.04
1786962317.272,,0,,,,0.810,-3.365,True,0.437,-107.461,387.33,406.04
1786962317.372,,0,,,,0.630,-3.597,True,0.434,-107.396,387.47,406.04
1786962317.447,,0,,,,0.590,-3.649,True,0.433,-107.407,387.45,406.04
1786962317.497,,0,,,,0.670,-3.546,True,0.434,-107.375,387.52,406.05
1786962317.597,,0,,,,0.920,-3.224,True,0.438,-107.429,387.41,406.05
1786962317.722,,0,,,,1.210,-2.851,True,0.443,-107.570,387.11,406.05
1786962317.772,,0,,,,1.210,-2.851,True,0.443,-107.596,387.05,406.05
1786962317.847,,0,,,,1.130,-2.954,True,0.442,-107.796,386.62,406.05
1786962317.922,,0,,,,0.990,-3.134,True,0.440,-107.873,386.46,406.05
1786962318.047,,0,,,,0.590,-3.649,True,0.433,-107.791,386.64,406.05
1786962318.347,,0,,,,0.860,-3.301,True,0.437,-107.578,387.10,406.06
1786962318.447,,0,,,,1.110,-2.979,True,0.442,-107.684,386.87,406.06
1786962318.547,,0,,,,1.270,-2.774,True,0.444,-107.743,386.75,406.06
1786962318.597,,0,,,,1.240,-2.812,True,0.444,-108.031,386.12,406.06
1786962318.647,,0,,,,1.150,-2.928,True,0.442,-107.920,386.36,406.06
1786962318.722,,0,,,,0.940,-3.198,True,0.439,-107.914,386.38,406.07
1786962318.872,,0,,,,0.620,-3.610,True,0.433,-107.891,386.43,406.07
1786962318.947,,0,,,,0.570,-3.674,True,0.433,-107.761,386.72,406.07
1786962318.997,,0,,,,0.580,-3.661,True,0.433,-107.625,387.01,406.07
1786962319.072,,0,,,,0.730,-3.468,True,0.435,-107.625,387.01,406.07
1786962319.147,,0,,,,0.890,-3.263,True,0.438,-107.531,387.21,406.07
1786962319.247,,0,,,,1.180,-2.889,True,0.443,-107.631,386.99,406.06
1786962319.397,,0,,,,1.420,-2.581,True,0.447,-107.782,386.67,406.07
1786962319.472,,0,,,,1.460,-2.529,True,0.447,-107.844,386.54,406.07
1786962319.572,,0,,,,1.370,-2.645,True,0.446,-107.958,386.30,406.08
1786962319.647,,0,,,,1.190,-2.877,True,0.443,-108.120,385.95,406.09
1786962319.747,,0,,,,0.870,-3.288,True,0.438,-108.127,385.94,406.09
1786962319.797,,0,,,,0.720,-3.481,True,0.435,-108.047,386.11,406.09
1786962319.872,,0,,,,0.510,-3.752,True,0.432,-108.064,386.08,406.10
1786962319.922,,0,,,,0.410,-3.880,True,0.430,-108.050,386.11,406.10
1786962319.972,,0,,,,0.430,-3.854,True,0.430,-108.066,386.08,406.10
1786962320.072,,0,,,,0.460,-3.816,True,0.431,-107.955,386.32,406.10
1786962320.147,,0,,,,0.540,-3.713,True,0.432,-107.890,386.46,406.09
1786962320.222,,0,,,,0.610,-3.623,True,0.433,-107.818,386.61,406.09
1786962320.322,,0,,,,0.770,-3.417,True,0.436,-107.648,386.98,406.09
1786962320.397,,0,,,,0.770,-3.417,True,0.436,-107.778,386.70,406.09
1786962320.472,,0,,,,0.650,-3.571,True,0.434,-107.762,386.74,406.09
1786962320.572,,0,,,,0.430,-3.854,True,0.430,-107.849,386.55,406.10
1786962320.647,,0,,,,0.240,-4.099,True,0.427,-107.822,386.61,406.10
1786962320.722,,0,,,,0.130,-4.240,True,0.425,-107.826,386.61,406.10
1786962320.847,,0,,,,0.080,-4.305,True,0.425,-107.900,386.45,406.11
1786962320.947,,0,,,,0.220,-4.125,True,0.427,-107.865,386.53,406.11
1786962320.997,,0,,,,0.330,-3.983,True,0.429,-107.805,386.65,406.11
1786962321.147,,0,,,,0.600,-3.636,True,0.433,-107.725,386.82,406.10
1786962321.197,,0,,,,0.630,-3.597,True,0.434,-107.615,387.06,406.10
1786962321.297,,0,,,,0.780,-3.404,True,0.436,-107.547,387.20,406.10
1786962321.397,,0,,,,0.870,-3.288,True,0.438,-107.640,387.00,406.10
1786962321.472,,0,,,,0.940,-3.198,True,0.439,-107.676,386.92,406.10
1786962321.547,,0,,,,1.050,-3.057,True,0.441,-107.767,386.73,406.10
1786962321.622,,0,,,,1.130,-2.954,True,0.442,-107.857,386.54,406.10
1786962321.697,,0,,,,1.140,-2.941,True,0.442,-108.054,386.11,406.11
1786962321.772,,0,,,,1.160,-2.915,True,0.442,-108.099,386.01,406.11
1786962321.822,,0,,,,1.160,-2.915,True,0.442,-108.192,385.81,406.11
1786962321.897,,0,,,,1.120,-2.967,True,0.442,-108.292,385.59,406.11
1786962321.947,,0,,,,1.090,-3.005,True,0.441,-108.284,385.61,406.12
1786962322.072,,0,,,,1.020,-3.095,True,0.440,-108.234,385.72,406.12
1786962322.147,,0,,,,0.960,-3.172,True,0.439,-108.110,386.00,406.12
1786962322.247,,0,,,,0.960,-3.172,True,0.439,-108.003,386.23,406.12
1786962322.297,,0,,,,0.970,-3.160,True,0.439,-107.888,386.48,406.11
1786962322.397,,0,,,,1.000,-3.121,True,0.440,-107.750,386.78,406.11
1786962322.472,,0,,,,1.050,-3.057,True,0.441,-107.762,386.75,406.11
1786962322.572,,0,,,,0.940,-3.198,True,0.439,-107.741,386.80,406.11
1786962322.647,,0,,,,0.860,-3.301,True,0.437,-107.738,386.80,406.11
1786962322.697,,0,,,,0.780,-3.404,True,0.436,-107.785,386.70,406.11
1786962322.797,,0,,,,0.610,-3.623,True,0.433,-107.828,386.61,406.11
1786962322.872,,0,,,,0.540,-3.713,True,0.432,-107.809,386.65,406.11
1786962322.947,,0,,,,0.490,-3.777,True,0.431,-107.730,386.82,406.11
1786962323.022,,0,,,,0.560,-3.687,True,0.432,-107.662,386.96,406.10
1786962323.097,,0,,,,0.730,-3.468,True,0.435,-107.643,387.00,406.10
1786962323.172,,0,,,,0.920,-3.224,True,0.438,-107.678,386.93,406.10
1786962323.272,,0,,,,1.230,-2.825,True,0.444,-107.637,387.02,406.10
1786962323.347,,0,,,,1.480,-2.503,True,0.448,-107.703,386.88,406.11
1786962323.397,,0,,,,1.590,-2.362,True,0.450,-107.731,386.82,406.11
1786962323.472,,0,,,,1.670,-2.259,True,0.451,-107.715,386.85,406.11
1786962323.547,,0,,,,1.670,-2.259,True,0.451,-107.809,386.65,406.11
1786962323.622,,0,,,,1.690,-2.233,True,0.451,-107.896,386.46,406.11
1786962323.672,,0,,,,1.700,-2.220,True,0.452,-107.976,386.29,406.11
1786962323.797,,0,,,,1.790,-2.105,True,0.453,-108.139,385.93,406.12
1786962323.872,,0,,,,1.840,-2.040,True,0.454,-108.190,385.82,406.12
1786962323.972,,0,,,,1.960,-1.886,True,0.456,-108.291,385.60,406.12
1786962324.072,,0,,,,1.990,-1.847,True,0.457,-108.329,385.51,406.12
1786962324.147,,0,,,,1.950,-1.899,True,0.456,-108.321,385.53,406.12
1786962324.247,,0,,,,1.890,-1.976,True,0.455,-108.245,385.70,406.12
1786962324.347,,0,,,,1.690,-2.233,True,0.451,-108.224,385.75,406.12
1786962324.397,,0,,,,1.510,-2.465,True,0.448,-108.151,385.91,406.12
1786962324.472,,0,,,,1.360,-2.658,True,0.446,-108.013,386.22,406.12
1786962324.547,,0,,,,1.280,-2.761,True,0.444,-107.958,386.34,406.12
1786962324.622,,0,,,,1.140,-2.941,True,0.442,-107.978,386.30,406.12
1786962324.672,,0,,,,1.050,-3.057,True,0.441,-107.933,386.39,406.12
1786962324.747,,0,,,,0.980,-3.147,True,0.439,-107.825,386.63,406.12
1786962324.797,,0,,,,0.960,-3.172,True,0.439,-107.741,386.81,406.12
1786962324.922,,0,,,,1.040,-3.070,True,0.440,-107.645,387.02,406.12
1786962324.972,,0,,,,1.070,-3.031,True,0.441,-107.624,387.06,406.12
1786962325.072,,0,,,,1.290,-2.748,True,0.445,-107.492,387.34,406.12
1786962325.272,,0,,,,1.490,-2.491,True,0.448,-107.483,387.36,406.12
1786962325.347,,0,,,,1.500,-2.478,True,0.448,-107.565,387.19,406.12
1786962325.422,,0,,,,1.430,-2.568,True,0.447,-107.632,387.04,406.12
1786962325.497,,0,,,,1.360,-2.658,True,0.446,-107.660,386.99,406.13
1786962325.572,,0,,,,1.280,-2.761,True,0.444,-107.657,386.99,406.13
1786962325.747,,0,,,,1.400,-2.606,True,0.446,-107.745,386.81,406.13
1786962325.822,,0,,,,1.590,-2.362,True,0.450,-107.725,386.86,406.13
1786962325.947,,0,,,,1.900,-1.963,True,0.455,-107.781,386.73,406.13
1786962326.022,,0,,,,1.970,-1.873,True,0.456,-107.877,386.52,406.13
1786962326.097,,0,,,,1.960,-1.886,True,0.456,-107.826,386.63,406.13
1786962326.197,,0,,,,1.910,-1.950,True,0.455,-107.763,386.77,406.13
1786962326.272,,0,,,,1.710,-2.207,True,0.452,-107.730,386.84,406.13
1786962326.372,,0,,,,1.500,-2.478,True,0.448,-107.790,386.71,406.14
1786962326.447,,0,,,,1.340,-2.684,True,0.445,-107.796,386.70,406.14
1786962326.522,,0,,,,1.180,-2.889,True,0.443,-107.853,386.58,406.14
1786962326.622,,0,,,,1.010,-3.108,True,0.440,-107.899,386.48,406.14
1786962326.697,,0,,,,0.980,-3.147,True,0.439,-107.844,386.60,406.14
1786962326.772,,0,,,,1.030,-3.082,True,0.440,-107.858,386.57,406.14
1786962326.847,,0,,,,1.040,-3.070,True,0.440,-107.760,386.78,406.14
1786962326.997,,0,,,,1.160,-2.915,True,0.442,-107.588,387.15,406.14
1786962327.072,,0,,,,1.200,-2.864,True,0.443,-107.557,387.22,406.14
1786962327.147,,0,,,,1.200,-2.864,True,0.443,-107.591,387.15,406.14
1786962327.272,,0,,,,1.130,-2.954,True,0.442,-107.681,386.96,406.14
1786962327.372,,0,,,,1.020,-3.095,True,0.440,-107.708,386.90,406.14
1786962327.447,,0,,,,0.910,-3.237,True,0.438,-107.748,386.82,406.15
1786962327.547,,0,,,,0.850,-3.314,True,0.437,-107.745,386.82,406.15
1786962327.597,,0,,,,0.880,-3.275,True,0.438,-107.752,386.81,406.15
1786962327.697,,0,,,,1.020,-3.095,True,0.440,-107.740,386.83,406.14
1786962327.797,,0,,,,1.230,-2.825,True,0.444,-107.761,386.79,406.14
1786962327.872,,0,,,,1.370,-2.645,True,0.446,-107.891,386.50,406.14
1786962327.922,,0,,,,1.420,-2.581,True,0.447,-107.864,386.56,406.14
1786962327.972,,0,,,,1.550,-2.413,True,0.449,-107.884,386.52,406.14
1786962328.072,,0,,,,1.700,-2.220,True,0.452,-107.884,386.52,406.15
1786962328.172,,0,,,,1.810,-2.079,True,0.453,-108.050,386.16,406.15
1786962328.272,,0,,,,1.850,-2.027,True,0.454,-108.062,386.14,406.15
1786962328.372,,0,,,,1.730,-2.182,True,0.452,-108.171,385.90,406.15
1786962328.447,,0,,,,1.570,-2.388,True,0.449,-108.230,385.77,406.16
1786962328.522,,0,,,,1.430,-2.568,True,0.447,-108.265,385.69,406.16
1786962328.622,,0,,,,1.260,-2.786,True,0.444,-108.233,385.77,406.16
1786962328.697,,0,,,,1.160,-2.915,True,0.442,-108.212,385.81,406.16
1786962328.772,,0,,,,1.120,-2.967,True,0.442,-108.152,385.95,406.16
1786962328.847,,0,,,,1.150,-2.928,True,0.442,-108.030,386.21,406.16
1786962328.897,,0,,,,1.220,-2.838,True,0.443,-107.956,386.38,406.16
1786962328.972,,0,,,,1.270,-2.774,True,0.444,-107.901,386.49,406.16
1786962329.047,,0,,,,1.360,-2.658,True,0.446,-107.833,386.64,406.16
1786962329.122,,0,,,,1.370,-2.645,True,0.446,-107.809,386.70,406.16
1786962329.222,,0,,,,1.210,-2.851,True,0.443,-107.840,386.63,406.16
1786962329.297,,0,,,,1.050,-3.057,True,0.441,-107.822,386.68,406.17
1786962329.397,,0,,,,0.790,-3.391,True,0.436,-107.781,386.77,406.17
1786962329.472,,0,,,,0.570,-3.674,True,0.433,-107.842,386.64,406.17
1786962329.547,,0,,,,0.520,-3.739,True,0.432,-107.914,386.48,406.17
1786962329.622,,0,,,,0.580,-3.661,True,0.433,-107.802,386.72,406.17
1786962329.697,,0,,,,0.710,-3.494,True,0.435,-107.763,386.80,406.17
1786962329.772,,0,,,,1.000,-3.121,True,0.440,-107.802,386.72,406.17
1786962329.872,,0,,,,1.340,-2.684,True,0.445,-107.720,386.89,406.17
1786962329.922,,0,,,,1.530,-2.439,True,0.449,-107.799,386.72,406.16
1786962329.997,,0,,,,1.710,-2.207,True,0.452,-107.858,386.60,406.17
1786962330.147,,0,,,,1.790,-2.105,True,0.453,-108.003,386.28,406.17
1786962330.272,,0,,,,1.570,-2.388,True,0.449,-108.157,385.95,406.18
1786962330.397,,0,,,,1.320,-2.709,True,0.445,-108.316,385.61,406.18
1786962330.472,,0,,,,1.250,-2.799,True,0.444,-108.350,385.53,406.19
1786962330.547,,0,,,,1.150,-2.928,True,0.442,-108.260,385.73,406.19
1786962330.622,,0,,,,1.220,-2.838,True,0.443,-108.222,385.82,406.19
1786962330.697,,0,,,,1.290,-2.748,True,0.445,-108.143,385.99,406.18
1786962330.797,,0,,,,1.430,-2.568,True,0.447,-108.018,386.26,406.18
1786962330.872,,0,,,,1.530,-2.439,True,0.449,-107.901,386.52,406.18
1786962330.997,,0,,,,1.520,-2.452,True,0.449,-107.848,386.64,406.18
1786962331.097,,0,,,,1.440,-2.555,True,0.447,-107.910,386.51,406.19
1786962331.172,,0,,,,1.260,-2.786,True,0.444,-107.885,386.56,406.19
1786962331.247,,0,,,,1.130,-2.954,True,0.442,-107.986,386.35,406.20
1786962331.372,,0,,,,0.870,-3.288,True,0.438,-107.968,386.39,406.20
1786962331.447,,0,,,,0.760,-3.430,True,0.436,-107.902,386.53,406.20
1786962331.522,,0,,,,0.680,-3.533,True,0.434,-107.861,386.62,406.20
1786962331.597,,0,,,,0.660,-3.558,True,0.434,-107.720,386.92,406.19
1786962331.672,,0,,,,0.670,-3.546,True,0.434,-107.727,386.91,406.19
1786962331.747,,0,,,,0.690,-3.520,True,0.435,-107.687,386.99,406.19
1786962331.847,,0,,,,0.740,-3.456,True,0.435,-107.677,387.01,406.19
1786962331.922,,0,,,,0.760,-3.430,True,0.436,-107.725,386.91,406.19
1786962331.997,,0,,,,0.810,-3.365,True,0.437,-107.842,386.66,406.20
1786962332.072,,0,,,,0.860,-3.301,True,0.437,-107.872,386.60,406.20
1786962332.147,,0,,,,0.890,-3.263,True,0.438,-108.005,386.31,406.21
1786962332.222,,0,,,,0.920,-3.224,True,0.438,-108.088,386.14,406.21
1786962332.297,,0,,,,0.980,-3.147,True,0.439,-108.146,386.01,406.21
1786962332.472,,0,,,,1.080,-3.018,True,0.441,-108.150,386.00,406.21
1786962332.572,,0,,,,1.110,-2.979,True,0.442,-108.016,386.29,406.21
1786962332.622,,0,,,,1.100,-2.992,True,0.441,-107.906,386.53,406.21
1786962332.697,,0,,,,1.060,-3.044,True,0.441,-107.875,386.60,406.20
1786962332.797,,0,,,,1.030,-3.082,True,0.440,-107.747,386.87,406.20
1786962332.847,,0,,,,1.050,-3.057,True,0.441,-107.780,386.80,406.20
1786962332.947,,0,,,,1.050,-3.057,True,0.441,-107.801,386.75,406.20
1786962333.047,,0,,,,1.100,-2.992,True,0.441,-107.858,386.64,406.21
1786962333.122,,0,,,,1.120,-2.967,True,0.442,-107.917,386.51,406.21
1786962333.197,,0,,,,1.200,-2.864,True,0.443,-108.067,386.19,406.21
1786962333.322,,0,,,,1.240,-2.812,True,0.444,-108.138,386.03,406.22
1786962333.397,,0,,,,1.220,-2.838,True,0.443,-108.203,385.89,406.22
1786962333.472,,0,,,,1.140,-2.941,True,0.442,-108.156,386.00,406.22
1786962333.547,,0,,,,1.080,-3.018,True,0.441,-108.139,386.03,406.22
1786962333.622,,0,,,,0.950,-3.185,True,0.439,-108.064,386.20,406.22
1786962333.697,,0,,,,0.760,-3.430,True,0.436,-107.957,386.43,406.22
1786962333.772,,0,,,,0.670,-3.546,True,0.434,-107.957,386.43,406.22
1786962333.822,,0,,,,0.620,-3.610,True,0.433,-107.904,386.55,406.22
1786962333.897,,0,,,,0.590,-3.649,True,0.433,-107.913,386.53,406.22
1786962333.972,,0,,,,0.570,-3.674,True,0.433,-107.944,386.46,406.22
1786962334.097,,0,,,,0.570,-3.674,True,0.433,-107.963,386.43,406.23
1786962334.172,,0,,,,0.590,-3.649,True,0.433,-108.007,386.33,406.23
1786962334.247,,0,,,,0.760,-3.430,True,0.436,-107.997,386.35,406.23
1786962334.347,,0,,,,0.840,-3.327,True,0.437,-107.970,386.41,406.22
1786962334.447,,0,,,,0.940,-3.198,True,0.439,-107.995,386.35,406.23
1786962334.472,,0,,,,0.940,-3.198,True,0.439,-107.976,386.40,406.23
1786962334.597,,0,,,,0.900,-3.250,True,0.438,-108.074,386.18,406.23
1786962334.672,,0,,,,0.860,-3.301,True,0.437,-108.066,386.20,406.23
1786962334.772,,0,,,,0.750,-3.443,True,0.436,-108.156,386.00,406.23
1786962334.822,,0,,,,0.770,-3.417,True,0.436,-108.148,386.02,406.23
1786962334.897,,0,,,,0.830,-3.340,True,0.437,-108.111,386.10,406.23
1786962334.997,,0,,,,1.060,-3.044,True,0.441,-108.045,386.25,406.23
1786962335.047,,0,,,,1.210,-2.851,True,0.443,-108.100,386.13,406.23
1786962335.122,,0,,,,1.430,-2.568,True,0.447,-108.202,385.90,406.23
1786962335.222,,0,,,,1.540,-2.426,True,0.449,-108.359,385.56,406.23
1786962335.297,,0,,,,1.600,-2.349,True,0.450,-108.486,385.27,406.24
1786962335.422,,0,,,,1.430,-2.568,True,0.447,-108.518,385.21,406.24
1786962335.497,,0,,,,1.200,-2.864,True,0.443,-108.475,385.31,406.24
1786962335.597,,0,,,,0.780,-3.404,True,0.436,-108.511,385.23,406.25
1786962335.747,,0,,,,0.340,-3.970,True,0.429,-108.443,385.39,406.25
1786962335.822,,0,,,,0.280,-4.047,True,0.428,-108.339,385.62,406.26
1786962335.897,,0,,,,0.250,-4.086,True,0.427,-108.398,385.49,406.26
1786962335.972,,0,,,,0.440,-3.842,True,0.430,-108.313,385.68,406.26
1786962336.122,,0,,,,0.650,-3.571,True,0.434,-108.267,385.78,406.26
1786962336.222,,0,,,,0.620,-3.610,True,0.433,-108.228,385.87,406.25
1786962336.297,,0,,,,0.530,-3.726,True,0.432,-108.148,386.04,406.25
1786962336.372,,0,,,,0.380,-3.919,True,0.429,-108.064,386.22,406.25
1786962336.447,,0,,,,0.130,-4.240,True,0.425,-108.211,385.90,406.25
1786962336.547,,0,,,,-0.130,-4.575,True,0.421,-108.159,386.02,406.25
1786962336.647,,0,,,,-0.180,-4.639,True,0.420,-108.108,386.13,406.25
1786962336.722,,0,,,,-0.010,-4.421,True,0.423,-108.100,386.15,406.25
1786962336.797,,0,,,,0.200,-4.150,True,0.426,-108.159,386.02,406.26
1786962336.872,,0,,,,0.580,-3.661,True,0.433,-108.160,386.02,406.26
1786962336.947,,0,,,,0.740,-3.456,True,0.435,-108.126,386.10,406.26
1786962336.997,,0,,,,1.080,-3.018,True,0.441,-108.210,385.92,406.26
1786962337.097,,0,,,,1.360,-2.658,True,0.446,-108.388,385.52,406.27
1786962337.172,,0,,,,1.390,-2.619,True,0.446,-108.441,385.41,406.27
1786962337.272,,0,,,,1.280,-2.761,True,0.444,-108.649,384.94,406.27
1786962337.322,,0,,,,1.150,-2.928,True,0.442,-108.665,384.91,406.27
1786962337.447,,0,,,,0.900,-3.250,True,0.438,-108.620,385.01,406.28
1786962337.522,,0,,,,0.840,-3.327,True,0.437,-108.566,385.13,406.28
1786962337.597,,0,,,,0.750,-3.443,True,0.436,-108.560,385.15,406.28
1786962337.697,,0,,,,0.690,-3.520,True,0.435,-108.525,385.23,406.28
1786962337.797,,0,,,,0.630,-3.597,True,0.434,-108.594,385.07,406.28
1786962337.872,,0,,,,0.490,-3.777,True,0.431,-108.570,385.13,406.28
1786962337.947,,0,,,,0.310,-4.009,True,0.428,-108.671,384.90,406.28
1786962337.997,,0,,,,0.230,-4.112,True,0.427,-108.604,385.05,406.28
1786962338.072,,0,,,,0.050,-4.343,True,0.424,-108.561,385.15,406.28
1786962338.147,,0,,,,-0.070,-4.498,True,0.422,-108.528,385.22,406.28
1786962338.247,,0,,,,-0.110,-4.549,True,0.421,-108.418,385.47,406.28
1786962338.372,,0,,,,0.000,-4.408,True,0.423,-108.354,385.61,406.28
1786962338.447,,0,,,,0.160,-4.202,True,0.426,-108.334,385.66,406.28
1786962338.597,,0,,,,0.370,-3.932,True,0.429,-108.418,385.48,406.29
1786962338.672,,0,,,,0.470,-3.803,True,0.431,-108.502,385.30,406.30
1786962338.747,,0,,,,0.520,-3.739,True,0.432,-108.620,385.03,406.30
1786962338.822,,0,,,,0.500,-3.764,True,0.431,-108.718,384.82,406.31
1786962338.897,,0,,,,0.470,-3.803,True,0.431,-108.852,384.51,406.31
1786962338.997,,0,,,,0.400,-3.893,True,0.430,-108.853,384.51,406.31
1786962339.097,,0,,,,0.390,-3.906,True,0.430,-108.819,384.59,406.31
1786962339.172,,0,,,,0.350,-3.957,True,0.429,-108.818,384.59,406.31
1786962339.272,,0,,,,0.330,-3.983,True,0.429,-108.764,384.72,406.31
1786962339.347,,0,,,,0.300,-4.022,True,0.428,-108.737,384.77,406.31
1786962339.447,,0,,,,0.250,-4.086,True,0.427,-108.682,384.90,406.31
1786962339.497,,0,,,,0.210,-4.138,True,0.427,-108.662,384.95,406.31
1786962339.597,,0,,,,0.150,-4.215,True,0.426,-108.622,385.04,406.31
1786962339.672,,0,,,,0.060,-4.331,True,0.424,-108.628,385.03,406.31
1786962339.747,,0,,,,0.020,-4.382,True,0.424,-108.609,385.07,406.31
1786962339.822,,0,,,,0.020,-4.382,True,0.424,-108.500,385.32,406.32
1786962339.922,,0,,,,0.100,-4.279,True,0.425,-108.452,385.43,406.32
1786962340.022,,0,,,,0.250,-4.086,True,0.427,-108.455,385.42,406.32
1786962340.122,,0,,,,0.470,-3.803,True,0.431,-108.610,385.07,406.32
1786962340.197,,0,,,,0.620,-3.610,True,0.433,-108.595,385.11,406.32
1786962340.397,,0,,,,0.900,-3.250,True,0.438,-108.871,384.49,406.33
1786962340.547,,0,,,,0.840,-3.327,True,0.437,-109.069,384.04,406.33
1786962340.647,,0,,,,0.690,-3.520,True,0.435,-109.203,383.73,406.34
1786962340.772,,0,,,,0.640,-3.584,True,0.434,-109.215,383.70,406.34
1786962340.872,,0,,,,0.720,-3.481,True,0.435,-109.214,383.71,406.34
1786962340.947,,0,,,,1.000,-3.121,True,0.440,-109.216,383.70,406.34
1786962341.072,,0,,,,1.120,-2.967,True,0.442,-109.177,383.79,406.34
1786962341.172,,0,,,,1.180,-2.889,True,0.443,-109.141,383.87,406.34
1786962341.322,,0,,,,1.000,-3.121,True,0.440,-109.209,383.72,406.34
1786962341.497,,0,,,,0.780,-3.404,True,0.436,-109.143,383.88,406.35
1786962341.622,,0,,,,0.760,-3.430,True,0.436,-109.093,383.99,406.35
1786962341.672,,0,,,,0.880,-3.275,True,0.438,-109.100,383.98,406.35
1786962341.822,,0,,,,1.130,-2.954,True,0.442,-109.100,383.97,406.34
1786962342.072,,0,,,,1.900,-1.963,True,0.455,-109.015,384.17,406.34
1786962342.147,,0,,,,2.090,-1.719,True,0.458,-109.129,383.91,406.35
1786962342.247,,0,,,,2.280,-1.474,True,0.462,-109.306,383.50,406.36
1786962342.272,,0,,,,2.250,-1.513,True,0.461,-109.276,383.58,406.36
1786962342.397,,0,,,,2.200,-1.577,True,0.460,-109.484,383.09,406.36
1786962342.447,,0,,,,2.160,-1.628,True,0.459,-109.537,382.97,406.37
1786962342.547,,0,,,,2.030,-1.796,True,0.457,-109.690,382.60,406.37
1786962342.597,,0,,,,1.990,-1.847,True,0.457,-109.749,382.47,406.37
1786962342.672,,0,,,,2.010,-1.821,True,0.457,-109.772,382.41,406.37
1786962342.747,,0,,,,2.050,-1.770,True,0.458,-109.644,382.72,406.37
1786962342.847,,0,,,,2.050,-1.770,True,0.458,-109.436,383.21,406.37
1786962342.922,,0,,,,2.050,-1.770,True,0.458,-109.373,383.36,406.37
1786962342.972,,0,,,,2.420,-1.294,True,0.464,-109.310,383.51,406.37
1786962343.072,,0,,,,2.510,-1.178,True,0.466,-109.209,383.75,406.37
1786962343.147,,0,,,,2.480,-1.217,True,0.465,-109.297,383.54,406.37
1786962343.247,,0,,,,2.270,-1.487,True,0.461,-109.337,383.45,406.38
1786962343.322,,0,,,,2.100,-1.706,True,0.458,-109.410,383.28,406.38
1786962343.447,,0,,,,1.850,-2.027,True,0.454,-109.490,383.09,406.38
1786962343.522,,0,,,,1.770,-2.130,True,0.453,-109.499,383.07,406.38
1786962343.622,,0,,,,1.830,-2.053,True,0.454,-109.427,383.24,406.38
1786962343.697,,0,,,,2.100,-1.706,True,0.458,-109.317,383.50,406.37
1786962343.797,,0,,,,2.480,-1.217,True,0.465,-109.335,383.45,406.37
1786962343.872,,0,,,,2.800,-0.805,True,0.471,-109.392,383.32,406.38
1786962343.972,,0,,,,3.100,-0.419,True,0.476,-109.392,383.32,406.37
1786962344.047,,0,,,,3.300,-0.162,True,0.479,-109.450,383.19,406.38
1786962344.097,,0,,,,3.310,-0.149,True,0.480,-109.601,382.83,406.38
1786962344.172,,0,,,,3.340,-0.110,True,0.480,-109.608,382.81,406.38
1786962344.222,,0,,,,3.380,-0.059,True,0.481,-109.743,382.50,406.39
1786962344.297,,0,,,,3.370,-0.072,True,0.481,-110.016,381.84,406.39
1786962344.372,,0,,,,3.470,0.057,True,0.482,-110.081,381.68,406.39
1786962344.472,,0,,,,3.620,0.250,True,0.485,-110.187,381.43,406.40
1786962344.597,,0,,,,3.900,0.610,True,0.490,-110.231,381.32,406.40
1786962344.647,,0,,,,4.000,0.739,True,0.492,-110.230,381.33,406.40
1786962344.722,,0,,,,4.180,0.971,True,0.495,-110.246,381.28,406.39
1786962344.797,,0,,,,4.240,1.048,True,0.496,-110.213,381.37,406.39
1786962344.847,,0,,,,4.280,1.099,True,0.497,-110.156,381.51,406.40
1786962344.897,,0,,,,4.300,1.125,True,0.497,-110.154,381.51,406.39
1786962344.972,,0,,,,4.220,1.022,True,0.496,-110.145,381.53,406.39
1786962345.047,,0,,,,4.110,0.881,True,0.494,-110.126,381.58,406.40
1786962345.172,,0,,,,3.930,0.649,True,0.491,-110.130,381.57,406.40
1786962345.247,,0,,,,3.820,0.507,True,0.489,-110.210,381.39,406.41
1786962345.372,,0,,,,3.870,0.572,True,0.490,-110.190,381.43,406.41
1786962345.472,,0,,,,4.040,0.790,True,0.493,-110.083,381.70,406.41
1786962345.572,,0,,,,4.190,0.983,True,0.495,-110.062,381.74,406.40
1786962345.647,,0,,,,4.450,1.318,True,0.500,-110.050,381.78,406.40
1786962345.722,,0,,,,4.550,1.447,True,0.502,-110.060,381.75,406.40
1786962345.797,,0,,,,4.700,1.640,True,0.505,-110.131,381.58,406.41
1786962345.872,,0,,,,4.770,1.730,True,0.506,-110.072,381.72,406.41
1786962345.947,,0,,,,4.790,1.756,True,0.506,-110.225,381.35,406.41
1786962346.022,,0,,,,4.830,1.807,True,0.507,-110.374,380.99,406.41
1786962346.122,,0,,,,4.920,1.923,True,0.509,-110.591,380.45,406.42
1786962346.197,,0,,,,5.030,2.064,True,0.511,-110.699,380.19,406.42
1786962346.297,,0,,,,5.160,2.232,True,0.513,-110.797,379.94,406.42
1786962346.397,,0,,,,5.270,2.373,True,0.515,-110.753,380.05,406.42
1786962346.472,,0,,,,5.380,2.515,True,0.517,-110.723,380.13,406.42
1786962346.572,,0,,,,5.480,2.643,True,0.519,-110.780,379.99,406.42
1786962346.622,,0,,,,5.510,2.682,True,0.519,-110.815,379.90,406.43
1786962346.697,,0,,,,5.510,2.682,True,0.519,-110.824,379.88,406.43
1786962346.797,,0,,,,5.520,2.695,True,0.520,-111.045,379.32,406.43
1786962346.897,,0,,,,5.490,2.656,True,0.519,-111.040,379.34,406.43
1786962346.972,,0,,,,5.470,2.630,True,0.519,-111.122,379.13,406.43
1786962347.072,,0,,,,5.390,2.528,True,0.517,-111.132,379.11,406.44
1786962347.147,,0,,,,5.380,2.515,True,0.517,-111.266,378.76,406.44
1786962347.272,,0,,,,5.370,2.502,True,0.517,-111.618,377.85,406.44
1786962347.372,,0,,,,5.340,2.463,True,0.516,-111.371,378.49,406.44
1786962347.447,,0,,,,5.410,2.553,True,0.518,-111.560,378.00,406.44
1786962347.497,,0,,,,5.460,2.618,True,0.518,-111.385,378.46,406.44
1786962347.622,,0,,,,5.570,2.759,True,0.521,-111.432,378.34,406.44
1786962347.697,,0,,,,5.710,2.939,True,0.523,-111.479,378.22,406.45
1786962347.772,,0,,,,5.780,3.029,True,0.524,-111.546,378.05,406.45
1786962347.872,,0,,,,5.840,3.107,True,0.526,-111.724,377.59,406.46
1786962347.997,,0,,,,5.830,3.094,True,0.525,-111.956,376.99,406.47
1786962348.072,,0,,,,5.800,3.055,True,0.525,-111.966,376.96,406.47
1786962348.147,,0,,,,5.720,2.952,True,0.523,-111.935,377.04,406.47
1786962348.272,,0,,,,5.670,2.888,True,0.522,-111.847,377.28,406.47
1786962348.322,,0,,,,5.690,2.914,True,0.523,-111.791,377.42,406.46
1786962348.447,,0,,,,5.690,2.914,True,0.523,-111.865,377.23,406.47
1786962348.522,,0,,,,5.710,2.939,True,0.523,-112.007,376.86,406.47
1786962348.622,,0,,,,5.640,2.849,True,0.522,-112.232,376.26,406.48
1786962348.672,,0,,,,5.590,2.785,True,0.521,-112.334,375.99,406.48
1786962348.772,,0,,,,5.490,2.656,True,0.519,-112.458,375.66,406.49
1786962348.847,,0,,,,5.400,2.540,True,0.517,-112.500,375.55,406.49
1786962348.922,,0,,,,5.360,2.489,True,0.517,-112.601,375.27,406.49
1786962349.022,,0,,,,5.410,2.553,True,0.518,-112.610,375.25,406.49
1786962349.072,,0,,,,5.510,2.682,True,0.519,-112.680,375.06,406.49
1786962349.172,,0,,,,5.720,2.952,True,0.523,-112.803,374.72,406.49
1786962349.297,,0,,,,5.990,3.300,True,0.528,-112.988,374.22,406.50
1786962349.397,,0,,,,6.100,3.441,True,0.530,-113.439,372.96,406.51
1786962349.497,,0,,,,6.050,3.377,True,0.529,-113.746,372.10,406.51
1786962349.597,,0,,,,5.980,3.287,True,0.528,-113.931,371.57,406.52
1786962349.722,,0,,,,5.920,3.209,True,0.527,-113.994,371.39,406.52
1786962349.797,,0,,,,5.950,3.248,True,0.528,-114.091,371.11,406.52
1786962349.872,,0,,,,6.000,3.312,True,0.528,-114.100,371.09,406.52
1786962349.922,,0,,,,6.100,3.441,True,0.530,-114.109,371.06,406.52
1786962349.997,,0,,,,6.190,3.557,True,0.532,-114.127,371.01,406.52
1786962350.122,,0,,,,6.220,3.595,True,0.533,-114.216,370.75,406.52
1786962350.197,,0,,,,6.130,3.480,True,0.531,-114.338,370.40,406.53
1786962350.297,,0,,,,5.960,3.261,True,0.528,-114.423,370.16,406.53
1786962350.347,,0,,,,5.840,3.107,True,0.526,-114.497,369.94,406.54
1786962350.422,,0,,,,5.770,3.016,True,0.524,-114.757,369.18,406.55
1786962350.522,,0,,,,5.750,2.991,True,0.524,-114.816,369.01,406.55
1786962350.597,,0,,,,5.790,3.042,True,0.525,-114.907,368.74,406.55
1786962350.672,,0,,,,5.970,3.274,True,0.528,-115.090,368.19,406.55
1786962350.747,,0,,,,6.260,3.647,True,0.533,-115.318,367.50,406.55
1786962350.872,,0,,,,6.530,3.965,True,0.532,-115.567,366.75,406.56
1786962350.947,,0,,,,6.670,4.124,True,0.530,-115.867,365.83,406.56
1786962351.047,,0,,,,6.640,4.090,True,0.530,-116.133,365.00,406.56
1786962351.147,,0,,,,6.520,3.953,True,0.532,-116.541,363.72,406.57
1786962351.222,,0,,,,6.380,3.794,True,0.534,-116.769,363.00,406.57
1786962351.297,,0,,,,6.400,3.817,True,0.534,-117.030,362.17,406.58
1786962351.447,,0,,,,6.700,4.158,True,0.530,-117.424,360.89,406.58
1786962351.547,,0,,,,6.950,4.443,True,0.526,-117.847,359.50,406.59
1786962351.697,,0,,,,7.050,4.556,True,0.525,-118.203,358.32,406.59
1786962351.772,,0,,,,7.120,4.636,True,0.524,-118.175,358.42,406.59
1786962351.847,,0,,,,7.160,4.681,True,0.523,-118.356,357.81,406.60
1786962351.947,,0,,,,7.120,4.636,True,0.524,-118.459,357.47,406.60
1786962352.047,,0,,,,7.200,4.727,True,0.523,-118.477,357.41,406.61
1786962352.147,,0,,,,7.280,4.818,True,0.522,-118.683,356.72,406.61
1786962352.272,,0,,,,7.580,5.159,True,0.518,-118.704,356.65,406.62
1786962352.347,,0,,,,7.710,5.307,True,0.516,-118.899,355.99,406.62
1786962352.447,,0,,,,7.870,5.489,True,0.514,-119.038,355.51,406.63
1786962352.597,,0,,,,7.930,5.558,True,0.513,-119.078,355.38,406.64
1786962352.772,,0,,,,8.110,5.763,True,0.511,-119.176,355.05,406.64
1786962352.847,,0,,,,8.200,5.865,True,0.509,-119.211,354.93,406.65
1786962352.947,,0,,,,8.360,6.047,True,0.507,-119.158,355.12,406.65
1786962352.997,,0,,,,8.430,6.127,True,0.506,-119.166,355.09,406.65
1786962353.122,,0,,,,8.300,5.979,True,0.508,-119.194,354.99,406.65
1786962353.197,,0,,,,8.150,5.808,True,0.510,-119.194,355.00,406.66
1786962353.347,,0,,,,7.780,5.387,True,0.515,-119.418,354.23,406.66
1786962353.422,,0,,,,7.690,5.285,True,0.516,-119.166,355.10,406.66
1786962353.522,,0,,,,7.740,5.342,True,0.516,-119.173,355.08,406.67
1786962353.647,,0,,,,8.110,5.763,True,0.511,-119.268,354.76,406.67
1786962353.747,,0,,,,8.520,6.229,True,0.505,-119.494,353.97,406.67
1786962353.872,,0,,,,8.880,6.639,True,0.500,-119.305,354.63,406.68
1786962353.947,,0,,,,8.880,6.639,True,0.500,-119.595,353.62,406.68
1786962354.072,,0,,,,8.680,6.411,True,0.503,-119.822,352.83,406.68
1786962354.172,,0,,,,8.420,6.115,True,0.507,-119.878,352.63,406.69
1786962354.322,,0,,,,8.590,6.309,True,0.504,-120.049,352.04,406.70
1786962354.447,,0,,,,9.170,6.969,True,0.497,-120.226,351.41,406.70
1786962354.497,,0,,,,9.420,7.253,True,0.493,-120.238,351.37,406.70
1786962354.597,,0,,,,9.980,7.891,True,0.486,-120.659,349.86,406.71
1786962354.672,,0,,,,10.150,8.084,True,0.484,-120.743,349.55,406.71
1786962354.772,,0,,,,10.120,8.050,True,0.484,-121.046,348.45,406.71
1786962354.847,,0,,,,9.890,7.788,True,0.487,-121.185,347.95,406.72
1786962354.922,,0,,,,9.660,7.526,True,0.490,-121.175,347.99,406.72
1786962354.997,,0,,,,9.410,7.242,True,0.494,-121.067,348.39,406.73
1786962355.072,,0,,,,9.300,7.117,True,0.495,-121.063,348.41,406.73
1786962355.147,,0,,,,9.270,7.083,True,0.495,-120.980,348.71,406.73
1786962355.222,,0,,,,9.320,7.139,True,0.495,-120.910,348.97,406.74
1786962355.322,,0,,,,9.480,7.322,True,0.493,-120.913,348.96,406.74
1786962355.472,,0,,,,9.750,7.629,True,0.489,-120.927,348.91,406.74
1786962355.522,,0,,,,9.720,7.595,True,0.489,-121.054,348.45,406.74
1786962355.597,,0,,,,9.720,7.595,True,0.489,-120.955,348.81,406.74
1786962355.672,,0,,,,9.770,7.652,True,0.489,-120.851,349.19,406.75
1786962355.847,,0,,,,10.070,7.993,True,0.485,-121.000,348.65,406.75
1786962355.922,,0,,,,10.230,8.175,True,0.483,-121.031,348.54,406.75
1786962356.022,,0,,,,10.460,8.437,True,0.480,-121.028,348.56,406.76
1786962356.147,,0,,,,10.570,8.562,True,0.478,-121.122,348.22,406.76
1786962356.247,,0,,,,10.670,8.676,True,0.477,-121.156,348.10,406.77
1786962356.347,,0,,,,10.700,8.710,True,0.477,-121.227,347.83,406.77
1786962356.447,,0,,,,10.790,8.812,True,0.476,-121.158,348.09,406.77
1786962356.572,,0,,,,10.980,9.028,True,0.473,-121.044,348.51,406.77
1786962356.797,,0,,,,10.980,9.028,True,0.473,-120.386,350.91,406.78
1786962356.872,,0,,,,11.010,9.063,True,0.473,-120.211,351.53,406.78
1786962356.972,,0,,,,10.960,9.006,True,0.473,-120.252,351.39,406.78
1786962357.072,,0,,,,10.770,8.789,True,0.476,-120.342,351.08,406.80
1786962357.172,,0,,,,10.640,8.642,True,0.478,-120.733,349.67,406.80
1786962357.272,,0,,,,10.610,8.607,True,0.478,-120.421,350.80,406.80
1786962357.647,,0,,,,10.850,8.881,True,0.475,-120.739,349.66,406.81
1786962357.947,,0,,,,10.170,8.107,True,0.484,-119.703,353.37,406.82
1786962358.672,,0,,,,10.080,8.004,True,0.485,-119.245,354.98,406.84
1786962358.797,,0,,,,10.140,8.073,True,0.484,-119.209,355.11,406.85
1786962358.897,,0,,,,10.260,8.209,True,0.482,-119.242,355.00,406.85
1786962358.972,,0,,,,10.420,8.391,True,0.480,-119.272,354.90,406.85
1786962359.072,,0,,,,10.500,8.482,True,0.479,-119.272,354.90,406.85
1786962359.197,,0,,,,10.570,8.562,True,0.478,-119.379,354.53,406.86
1786962359.347,,0,,,,10.370,8.334,True,0.481,-119.322,354.73,406.86
1786962359.397,,0,,,,10.290,8.243,True,0.482,-119.342,354.67,406.86
1786962359.497,,0,,,,10.020,7.936,True,0.486,-119.283,354.88,406.87
1786962360.122,,0,,,,9.800,7.686,True,0.488,-118.787,356.59,406.88
1786962360.247,,0,,,,9.920,7.822,True,0.487,-118.921,356.14,406.88
1786962360.322,,0,,,,9.850,7.743,True,0.488,-119.051,355.69,406.88
1786962360.447,,0,,,,9.780,7.663,True,0.489,-119.016,355.82,406.89
1786962360.822,,0,,,,9.890,7.788,True,0.487,-118.694,356.93,406.89
1786962360.947,,0,,,,10.230,8.175,True,0.483,-118.631,357.14,406.89
1786962361.472,,0,,,,10.350,8.312,True,0.481,-118.682,356.98,406.90
1786962361.572,,0,,,,10.290,8.243,True,0.482,-118.439,357.80,406.90
1786962361.672,,0,,,,10.420,8.391,True,0.480,-118.324,358.19,406.90
1786962362.147,,0,,,,10.800,8.824,True,0.475,-117.891,359.63,406.89
1786962362.247,,0,,,,10.610,8.607,True,0.478,-117.717,360.21,406.89
1786962362.447,,0,,,,10.620,8.619,True,0.478,-117.561,360.72,406.89
1786962362.547,,0,,,,10.900,8.937,True,0.474,-117.541,360.78,406.89
1786962362.697,,0,,,,11.240,9.324,True,0.470,-117.589,360.63,406.89
1786962362.797,,0,,,,11.320,9.415,True,0.469,-117.576,360.67,406.89
1786962362.922,,0,,,,11.290,9.381,True,0.469,-117.492,360.95,406.89
1786962363.022,,0,,,,11.300,9.393,True,0.469,-117.401,361.24,406.89
1786962363.122,,0,,,,11.270,9.358,True,0.469,-117.341,361.44,406.89
1786962363.222,,0,,,,11.370,9.472,True,0.468,-117.233,361.79,406.89
1786962363.297,,0,,,,11.490,9.609,True,0.467,-117.222,361.82,406.89
1786962363.372,,0,,,,11.610,9.745,True,0.465,-117.227,361.80,406.88
1786962363.472,,0,,,,11.780,9.939,True,0.463,-117.169,361.99,406.88
1786962363.572,,0,,,,11.930,10.110,True,0.461,-117.179,361.95,406.88
1786962363.647,,0,,,,11.060,9.119,True,0.472,-117.192,361.91,406.88
1786962363.747,,0,,,,6.000,3.312,True,0.528,-114.168,371.21,406.87
1786962363.797,,0,,,,6.880,4.363,True,0.527,-111.141,379.49,406.87
1786962363.872,,0,,,,7.690,5.285,True,0.516,-111.627,378.23,406.88
1786962363.947,,0,,,,7.630,5.216,True,0.517,-112.461,376.01,406.87
1786962363.997,,0,,,,7.620,5.205,True,0.517,-112.451,376.03,406.87
1786962364.122,,0,,,,7.640,5.228,True,0.517,-112.177,376.77,406.87
1786962364.222,,0,,,,7.740,5.342,True,0.516,-111.960,377.35,406.87
1786962364.297,,0,,,,7.960,5.592,True,0.513,-111.780,377.82,406.86
1786962364.447,,0,,,,8.440,6.138,True,0.506,-113.967,371.78,406.86
1786962364.572,,0,,,,8.710,6.445,True,0.503,-112.133,376.88,406.86
1786962364.697,,0,,,,8.710,6.445,True,0.503,-112.034,377.14,406.86
1786962364.872,,0,,,,9.140,6.935,True,0.497,-112.714,375.30,406.85
1786962364.997,,0,,,,8.930,6.696,True,0.500,-113.258,373.79,406.85
1786962365.272,,0,,,,9.660,7.526,True,0.490,-111.825,377.68,406.84
1786962365.447,,0,,,,10.300,8.255,True,0.482,-111.669,378.08,406.83
1786962365.622,,0,,,,10.440,8.414,True,0.480,-111.391,378.80,406.82
1786962365.697,,0,,,,10.610,8.607,True,0.478,-111.249,379.16,406.81
1786962365.797,,0,,,,10.930,8.972,True,0.474,-111.130,379.46,406.81
1786962365.897,,0,,,,11.270,9.358,True,0.469,-111.132,379.44,406.80
1786962365.947,,0,,,,11.400,9.506,True,0.468,-111.159,379.37,406.80
1786962366.097,,0,,,,11.790,9.950,True,0.463,-111.196,379.28,406.80
1786962366.247,,0,,,,12.050,10.246,True,0.460,-111.223,379.20,406.79
1786962366.372,,0,,,,12.400,10.644,True,0.455,-111.236,379.16,406.78
1786962366.622,,0,,,,13.800,12.237,True,0.438,-111.309,378.97,406.78
1786962366.697,,0,,,,14.250,12.750,True,0.433,-111.522,378.40,406.76
1786962366.822,,0,,,,14.240,12.738,True,0.433,-111.769,377.75,406.76
1786962366.897,,0,,,,14.060,12.533,True,0.435,-111.680,377.98,406.76
1786962366.972,,0,,,,13.910,12.363,True,0.437,-111.624,378.13,406.75
1786962367.097,,0,,,,13.730,12.158,True,0.439,-111.281,379.01,406.74
1786962367.172,,0,,,,13.830,12.272,True,0.438,-111.217,379.17,406.74
1786962367.272,,0,,,,14.140,12.624,True,0.434,-110.959,379.82,406.73
1786962367.372,,0,,,,14.490,13.023,True,0.430,-110.896,379.97,406.72
1786962367.447,,0,,,,14.800,13.375,True,0.426,-110.839,380.11,406.72
1786962367.497,,0,,,,15.050,13.662,True,0.425,-110.936,379.86,406.71
1786962367.547,,0,,,,15.170,13.804,True,0.427,-110.891,379.97,406.71
1786962367.622,,0,,,,15.250,13.899,True,0.429,-111.053,379.56,406.71
1786962367.697,,0,,,,15.320,13.982,True,0.430,-111.109,379.42,406.71
1786962367.747,,0,,,,15.380,14.053,True,0.432,-111.162,379.27,406.70
1786962367.847,,0,,,,15.470,14.159,True,0.434,-111.188,379.20,406.70
1786962367.972,,0,,,,15.690,14.420,True,0.438,-111.297,378.91,406.69
1786962368.047,,0,,,,16.070,14.870,True,0.447,-111.348,378.78,406.69
1786962368.122,,0,,,,16.580,15.473,True,0.458,-111.374,378.71,406.68
1786962368.197,,0,,,,17.230,16.243,True,0.473,-111.656,377.97,406.67
1786962368.272,,0,,,,17.580,16.657,True,0.481,-111.826,377.52,406.67
1786962368.372,,0,,,,18.070,17.237,True,0.492,-112.134,376.69,406.66
1786962368.472,,0,,,,18.120,17.296,True,0.493,-112.356,376.09,406.66
1786962368.547,,0,,,,18.060,17.225,True,0.492,-112.490,375.73,406.66
1786962368.597,,0,,,,17.890,17.024,True,0.488,-112.552,375.56,406.65
1786962368.697,,0,,,,17.840,16.965,True,0.487,-112.329,376.16,406.65
1786962368.797,,0,,,,18.060,17.225,True,0.492,-112.339,376.12,406.64
1786962368.897,,0,,,,18.600,17.864,True,0.504,-112.411,375.92,406.63
1786962368.997,,0,,,,18.920,18.243,True,0.512,-112.543,375.55,406.62
1786962369.097,,0,,,,19.340,18.740,True,0.522,-112.653,375.25,406.62
1786962369.172,,0,,,,19.520,18.953,True,0.526,-112.684,375.16,406.62
1786962369.297,,0,,,,19.300,18.693,True,0.521,-112.944,374.45,406.62
1786962369.422,,0,,,,18.860,18.172,True,0.511,-112.803,374.84,406.62
1786962369.547,,0,,,,18.540,17.793,True,0.503,-112.709,375.09,406.61
1786962369.622,,0,,,,18.400,17.627,True,0.500,-112.691,375.14,406.61
